Date,Open,High,Low,Close,Adj Close,Volume
2015-01-02,2.9213099479675293,3.126650094985962,2.8839800357818604,3.061310052871704,2.2961230278015137,143784974
2015-01-05,3.07997989654541,3.2479801177978516,3.07997989654541,3.1546499729156494,2.3661324977874756,128905999
2015-01-06,3.117310047149658,3.1733100414276123,3.07997989654541,3.117310047149658,2.3381259441375732,62654562
2015-01-07,3.0986499786376953,3.126650094985962,3.0146501064300537,3.0333099365234375,2.2751221656799316,68930949
2015-01-08,3.061310052871704,3.0986499786376953,2.967979907989502,2.9959800243377686,2.2471227645874023,48557173
2015-01-09,3.023979902267456,3.0986499786376953,2.9959800243377686,3.023979902267456,2.2681241035461426,73365628
2015-01-12,2.9959800243377686,3.042649984359741,2.967979907989502,2.986649990081787,2.240124464035034,28854482
2015-01-13,2.9213099479675293,3.023979902267456,2.9213099479675293,3.0146501064300537,2.2611258029937744,25593258
2015-01-14,3.0333099365234375,3.0519800186157227,2.9773099422454834,2.9773099422454834,2.233119010925293,24448068
2015-01-15,3.0053200721740723,3.0053200721740723,2.930649995803833,2.9773099422454834,2.233119010925293,36948507
2015-01-16,2.967979907989502,2.967979907989502,2.83732008934021,2.893320083618164,2.1701228618621826,63070491
2015-01-19,2.8839800357818604,2.8839800357818604,2.790649890899658,2.8093199729919434,2.107119083404541,58523172
2015-01-20,2.7999799251556396,2.8559799194335938,2.7999799251556396,2.818650007247925,2.11411714553833,41123613
2015-01-21,2.874650001525879,2.949320077896118,2.8559799194335938,2.893320083618164,2.1701228618621826,62869456
2015-01-22,2.9399800300598145,2.986649990081787,2.9213099479675293,2.9399800300598145,2.205120086669922,43860760
2015-01-23,2.986649990081787,3.0053200721740723,2.9399800300598145,2.9586501121520996,2.219123601913452,41265983
2015-01-26,2.9773099422454834,3.0053200721740723,2.911979913711548,2.9399800300598145,2.205120086669922,30638325
2015-01-27,2.967979907989502,2.967979907989502,2.8839800357818604,2.893320083618164,2.1701228618621826,30438494
2015-01-28,2.893320083618164,2.893320083618164,2.8559799194335938,2.8653199672698975,2.1491212844848633,33446767
2015-01-29,2.83732008934021,2.8653199672698975,2.8093199729919434,2.8559799194335938,2.142116069793701,36760384
2015-01-30,2.8653199672698975,2.893320083618164,2.83732008934021,2.893320083618164,2.1701228618621826,26188037
2015-02-02,2.8653199672698975,2.8653199672698975,2.8093199729919434,2.8466498851776123,2.135118246078491,51007637
2015-02-03,2.8839800357818604,2.893320083618164,2.83732008934021,2.874650001525879,2.1561193466186523,16750438
2015-02-04,2.874650001525879,2.893320083618164,2.8466498851776123,2.874650001525879,2.1561193466186523,10378361
2015-02-05,2.986649990081787,3.0053200721740723,2.8653199672698975,2.9026501178741455,2.1771209239959717,44476419
2015-02-06,2.893320083618164,2.9026501178741455,2.8279800415039062,2.8653199672698975,2.1491212844848633,24552049
2015-02-09,2.83732008934021,2.874650001525879,2.8279800415039062,2.83732008934021,2.1281204223632812,12761371
2015-02-10,2.818650007247925,2.8559799194335938,2.818650007247925,2.8279800415039062,2.121115207672119,10864507
2015-02-11,2.83732008934021,2.8559799194335938,2.8093199729919434,2.8279800415039062,2.121115207672119,24794962
2015-02-12,2.8093199729919434,2.8279800415039062,2.8093199729919434,2.818650007247925,2.11411714553833,20142418
2015-02-13,2.8279800415039062,2.874650001525879,2.818650007247925,2.8466498851776123,2.135118246078491,19571133
2015-02-16,2.8653199672698975,2.874650001525879,2.83732008934021,2.8653199672698975,2.1491212844848633,12226980
2015-02-17,2.8466498851776123,2.874650001525879,2.83732008934021,2.8559799194335938,2.142116069793701,16787352
2015-02-18,2.8839800357818604,2.893320083618164,2.8466498851776123,2.874650001525879,2.1561193466186523,7840795
2015-02-23,2.874650001525879,2.893320083618164,2.83732008934021,2.8839800357818604,2.1631174087524414,12485031
2015-02-24,2.8466498851776123,2.8839800357818604,2.8466498851776123,2.874650001525879,2.1561193466186523,8399582
2015-02-25,2.8839800357818604,2.9026501178741455,2.8466498851776123,2.8839800357818604,2.1631174087524414,20051554
2015-02-26,2.893320083618164,2.911979913711548,2.8653199672698975,2.9026501178741455,2.1771209239959717,16340056
2015-02-27,2.911979913711548,2.911979913711548,2.8653199672698975,2.8839800357818604,2.1631174087524414,20134244
2015-03-02,2.930649995803833,2.9399800300598145,2.8559799194335938,2.8559799194335938,2.142116069793701,33964026
2015-03-03,2.874650001525879,2.8839800357818604,2.83732008934021,2.8466498851776123,2.135118246078491,19320220
2015-03-04,2.8466498851776123,2.8559799194335938,2.8093199729919434,2.8279800415039062,2.121115207672119,22622241
2015-03-05,2.8093199729919434,2.8279800415039062,2.781320095062256,2.8093199729919434,2.107119083404541,25385078
2015-03-06,2.8093199729919434,2.818650007247925,2.771980047225952,2.790649890899658,2.0931155681610107,20300487
2015-03-09,2.771980047225952,2.790649890899658,2.7439799308776855,2.771980047225952,2.0791120529174805,15331686
2015-03-10,2.771980047225952,2.781320095062256,2.7253201007843018,2.7439799308776855,2.0581111907958984,41431857
2015-03-11,2.715980052947998,2.8279800415039062,2.715980052947998,2.781320095062256,2.08611798286438,65532043
2015-03-12,2.781320095062256,2.7999799251556396,2.7253201007843018,2.734649896621704,2.0511128902435303,47345435
2015-03-13,2.7533199787139893,2.790649890899658,2.715980052947998,2.7533199787139893,2.0651166439056396,35377616
2015-03-16,2.7439799308776855,2.7439799308776855,2.715980052947998,2.7253201007843018,2.0441155433654785,33505779
2015-03-17,2.7439799308776855,2.7626500129699707,2.7066500186920166,2.7066500186920166,2.0301122665405273,20954315
2015-03-18,2.7066500186920166,2.734649896621704,2.697319984436035,2.7066500186920166,2.0301122665405273,28297359
2015-03-19,2.7253201007843018,2.7533199787139893,2.697319984436035,2.734649896621704,2.0511128902435303,26464690
2015-03-20,2.734649896621704,2.7626500129699707,2.715980052947998,2.7439799308776855,2.0581111907958984,27827094
2015-03-23,2.7533199787139893,2.8093199729919434,2.734649896621704,2.7999799251556396,2.100113868713379,46201097
2015-03-24,2.8093199729919434,2.8093199729919434,2.7439799308776855,2.771980047225952,2.0791120529174805,27751722
2015-03-25,2.771980047225952,2.790649890899658,2.7439799308776855,2.771980047225952,2.0791120529174805,18956883
2015-03-26,2.7533199787139893,2.771980047225952,2.7439799308776855,2.7533199787139893,2.0651166439056396,16618600
2015-03-27,2.7439799308776855,2.874650001525879,2.7439799308776855,2.8653199672698975,2.1491212844848633,79555637
2015-03-30,2.8839800357818604,2.986649990081787,2.8559799194335938,2.9399800300598145,2.205120086669922,112383613
2015-03-31,3.070650100708008,3.1453099250793457,2.911979913711548,2.9213099479675293,2.1911168098449707,143872277
2015-04-01,2.9213099479675293,2.9213099479675293,2.9213099479675293,2.9213099479675293,2.1911168098449707,0
2015-04-02,3.061310052871704,3.117310047149658,3.023979902267456,3.061310052871704,2.2961230278015137,193766546
2015-04-08,3.07997989654541,3.2293100357055664,3.07997989654541,3.219980001449585,2.415132999420166,198235177
2015-04-09,3.2666499614715576,3.453310012817383,3.1453099250793457,3.2293100357055664,2.422131061553955,200975059
2015-04-10,3.2853100299835205,3.3039801120758057,3.2013099193573,3.275979995727539,2.4571356773376465,148915549
2015-04-13,3.3039801120758057,3.6679799556732178,3.3039801120758057,3.6119799613952637,2.709151268005371,280730403
2015-04-14,3.546639919281006,3.714639902114868,3.4906399250030518,3.5373098850250244,2.6531448364257812,203272368
2015-04-15,3.5186500549316406,3.6399800777435303,3.453310012817383,3.5186500549316406,2.6391494274139404,111366503
2015-04-16,3.546639919281006,3.5746500492095947,3.4906399250030518,3.565310001373291,2.6741461753845215,72442800
2015-04-17,3.546639919281006,3.6306400299072266,3.5186500549316406,3.527980089187622,2.6461474895477295,65458730
2015-04-20,3.6306400299072266,3.6306400299072266,3.3226499557495117,3.425309896469116,2.5691399574279785,130273273
2015-04-21,3.4813098907470703,3.4906399250030518,3.3599801063537598,3.43464994430542,2.5761451721191406,63969054
2015-04-22,3.471980094909668,3.5933101177215576,3.471980094909668,3.565310001373291,2.6741461753845215,152204185
2015-04-23,3.5933101177215576,3.6866400241851807,3.546639919281006,3.6119799613952637,2.709151268005371,116771559
2015-04-24,3.6306400299072266,3.6399800777435303,3.4626500606536865,3.546639919281006,2.6601428985595703,70231005
2015-04-27,3.6306400299072266,3.6866400241851807,3.565310001373291,3.6493101119995117,2.737150192260742,120280589
2015-04-28,3.6866400241851807,3.7333099842071533,3.621309995651245,3.677309989929199,2.7581512928009033,48717150
2015-04-29,3.6679799556732178,3.6959800720214844,3.60263991355896,3.658639907836914,2.744148015975952,32429693
2015-04-30,3.6493101119995117,3.9479799270629883,3.6119799613952637,3.919980049133301,2.9401650428771973,223101435
2015-05-04,3.9946401119232178,4.246640205383301,3.9946401119232178,4.1533098220825195,3.115172863006592,215120707
2015-05-05,4.143970012664795,4.181310176849365,3.8453099727630615,3.910640001296997,2.9331600666046143,130431442
2015-05-06,3.854640007019043,3.873310089111328,3.714639902114868,3.7706398963928223,2.828152894973755,133457630
2015-05-07,3.714639902114868,3.7333099842071533,3.6119799613952637,3.658639907836914,2.744148015975952,77355224
2015-05-08,3.6866400241851807,3.8826398849487305,3.677309989929199,3.8639800548553467,2.898162364959717,96478147
2015-05-11,3.966639995574951,3.9853100776672363,3.8453099727630615,3.873310089111328,2.905160427093506,77109841
2015-05-12,3.873310089111328,3.873310089111328,3.705310106277466,3.7893099784851074,2.8421566486358643,51166144
2015-05-13,3.8079800605773926,3.8079800605773926,3.6493101119995117,3.6866400241851807,2.7651491165161133,69131683
2015-05-14,3.6866400241851807,3.7893099784851074,3.6493101119995117,3.705310106277466,2.7791531085968018,93016329
2015-05-15,3.76131010055542,3.779979944229126,3.6679799556732178,3.7519800662994385,2.814157247543335,42810295
2015-05-18,3.76131010055542,3.8079800605773926,3.6493101119995117,3.6959800720214844,2.7721548080444336,61556432
2015-05-19,3.658639907836914,3.7333099842071533,3.658639907836914,3.714639902114868,2.7861506938934326,38564336
2015-05-20,3.714639902114868,3.7426400184631348,3.6959800720214844,3.7333099842071533,2.800153970718384,33730296
2015-05-21,3.7333099842071533,3.7333099842071533,3.6866400241851807,3.723979949951172,2.793156147003174,31674554
2015-05-22,3.5559799671173096,3.5933101177215576,3.4999799728393555,3.583980083465576,2.8302721977233887,45213470
2015-05-26,3.6679799556732178,3.6866400241851807,3.5746500492095947,3.621309995651245,2.8597517013549805,45591841
2015-05-27,3.60263991355896,3.621309995651245,3.527980089187622,3.5373098850250244,2.793416738510132,38744176
2015-05-28,3.546639919281006,3.5559799671173096,3.3506500720977783,3.415980100631714,2.6976022720336914,106850013
2015-05-29,3.471980094909668,3.471980094909668,3.2853100299835205,3.331979990005493,2.6312673091888428,85208827
2015-06-01,3.3506500720977783,3.4439799785614014,3.313309907913208,3.43464994430542,2.712345838546753,36437063
2015-06-02,3.453310012817383,3.4813098907470703,3.3973100185394287,3.4066500663757324,2.690235137939453,33263420
2015-06-03,3.43464994430542,3.43464994430542,3.3879799842834473,3.4066500663757324,2.690235137939453,22872405
2015-06-04,3.4066500663757324,3.471980094909668,3.331979990005493,3.3599801063537598,2.6533796787261963,28907422
2015-06-05,3.331979990005493,3.3599801063537598,3.275979995727539,3.313309907913208,2.6165239810943604,24494036
2015-06-08,3.3506500720977783,3.4066500663757324,3.3039801120758057,3.3226499557495117,2.6238996982574463,28076685
2015-06-09,3.331979990005493,3.378649950027466,3.219980001449585,3.2293100357055664,2.5501890182495117,31721833
2015-06-10,3.2479801177978516,3.2853100299835205,3.1546499729156494,3.182650089263916,2.5133414268493652,31053464
2015-06-11,3.23865008354187,3.2479801177978516,3.117310047149658,3.1453099250793457,2.483853816986084,30259236
2015-06-12,3.1359798908233643,3.294650077819824,3.1359798908233643,3.2666499614715576,2.5796761512756348,50462407
2015-06-15,3.219980001449585,3.3039801120758057,3.2106499671936035,3.2479801177978516,2.5649325847625732,22424769
2015-06-16,3.23865008354187,3.23865008354187,3.1453099250793457,3.1546499729156494,2.491229772567749,38893212
2015-06-17,3.1453099250793457,3.2106499671936035,3.126650094985962,3.2013099193573,2.5280771255493164,29872096
2015-06-18,3.1919798851013184,3.2666499614715576,3.1919798851013184,3.2293100357055664,2.5501890182495117,18826945
2015-06-19,3.2853100299835205,3.2853100299835205,3.1546499729156494,3.163980007171631,2.498598098754883,27925346
2015-06-22,3.163980007171631,3.2293100357055664,3.163980007171631,3.219980001449585,2.542820930480957,8184776
2015-06-23,3.23865008354187,3.3506500720977783,3.182650089263916,3.3226499557495117,2.6238996982574463,43022736
2015-06-24,3.3599801063537598,3.369309902191162,3.2853100299835205,3.3413100242614746,2.6386356353759766,24013406
2015-06-25,3.294650077819824,3.3599801063537598,3.257309913635254,3.2666499614715576,2.5796761512756348,23481647
2015-06-26,3.2479801177978516,3.257309913635254,3.1546499729156494,3.1546499729156494,2.491229772567749,32771423
2015-06-29,3.219980001449585,3.219980001449585,3.0519800186157227,3.163980007171631,2.498598098754883,44415248
2015-06-30,3.1546499729156494,3.219980001449585,3.0986499786376953,3.182650089263916,2.5133414268493652,35341477
2015-07-02,3.1453099250793457,3.1919798851013184,3.1359798908233643,3.163980007171631,2.498598098754883,33877773
2015-07-03,3.1359798908233643,3.163980007171631,3.061310052871704,3.1079800128936768,2.4543745517730713,25882047
2015-07-06,3.117310047149658,3.163980007171631,2.893320083618164,3.0053200721740723,2.3733038902282715,71100476
2015-07-07,3.0053200721740723,3.061310052871704,2.8653199672698975,2.8839800357818604,2.2774817943573,52107757
2015-07-08,2.7999799251556396,2.7999799251556396,2.2213199138641357,2.67864990234375,2.1153323650360107,106425796
2015-07-09,2.659980058670044,2.8653199672698975,2.5759799480438232,2.8279800415039062,2.2332584857940674,71143660
2015-07-10,2.818650007247925,2.9773099422454834,2.7999799251556396,2.8839800357818604,2.2774817943573,43204993
2015-07-13,2.790649890899658,2.986649990081787,2.790649890899658,2.9586501121520996,2.3364484310150146,33235275
2015-07-14,2.986649990081787,2.9959800243377686,2.9213099479675293,2.9586501121520996,2.3364484310150146,20187979
2015-07-15,2.9586501121520996,2.967979907989502,2.893320083618164,2.9213099479675293,2.3069605827331543,20291103
2015-07-16,2.9213099479675293,3.0053200721740723,2.874650001525879,2.967979907989502,2.3438165187835693,29430339
2015-07-17,3.0146501064300537,3.0333099365234375,2.967979907989502,2.9959800243377686,2.3659281730651855,22025644
2015-07-20,2.9959800243377686,3.0519800186157227,2.986649990081787,3.0053200721740723,2.3733038902282715,16051093
2015-07-21,3.0333099365234375,3.0333099365234375,2.9399800300598145,2.9959800243377686,2.3659281730651855,18287013
2015-07-22,2.949320077896118,2.9959800243377686,2.9399800300598145,2.9773099422454834,2.351184368133545,23302896
2015-07-23,2.986649990081787,2.986649990081787,2.9213099479675293,2.949320077896118,2.329080581665039,19352809
2015-07-24,2.911979913711548,2.9399800300598145,2.9026501178741455,2.9213099479675293,2.3069605827331543,15049091
2015-07-27,2.9026501178741455,2.9026501178741455,2.7999799251556396,2.8279800415039062,2.2332584857940674,30755054
2015-07-28,2.781320095062256,2.893320083618164,2.781320095062256,2.8093199729919434,2.218522548675537,24167669
2015-07-29,2.8279800415039062,2.8653199672698975,2.7999799251556396,2.8093199729919434,2.218522548675537,11601107
2015-07-30,2.8653199672698975,2.8839800357818604,2.7999799251556396,2.83732008934021,2.240633964538574,13652161
2015-07-31,2.874650001525879,2.874650001525879,2.790649890899658,2.83732008934021,2.240633964538574,21159486
2015-08-03,2.8466498851776123,2.8653199672698975,2.781320095062256,2.8093199729919434,2.218522548675537,11647195
2015-08-04,2.771980047225952,2.8466498851776123,2.771980047225952,2.818650007247925,2.2258903980255127,8433448
2015-08-05,2.790649890899658,2.8466498851776123,2.790649890899658,2.8093199729919434,2.218522548675537,20664166
2015-08-06,2.8279800415039062,2.8279800415039062,2.781320095062256,2.7999799251556396,2.211146831512451,7768568
2015-08-07,2.7626500129699707,2.8466498851776123,2.7626500129699707,2.7999799251556396,2.211146831512451,15428668
2015-08-10,2.8279800415039062,2.8653199672698975,2.790649890899658,2.8559799194335938,2.2553696632385254,20410483
2015-08-11,2.874650001525879,2.9399800300598145,2.8279800415039062,2.83732008934021,2.240633964538574,20204372
2015-08-12,2.8093199729919434,2.8279800415039062,2.659980058670044,2.7439799308776855,2.1669232845306396,61580523
2015-08-13,2.7253201007843018,2.771980047225952,2.6879799365997314,2.734649896621704,2.159555673599243,14930761
2015-08-14,2.771980047225952,2.771980047225952,2.715980052947998,2.7439799308776855,2.1669232845306396,9737099
2015-08-17,2.7626500129699707,2.7626500129699707,2.697319984436035,2.7253201007843018,2.1521875858306885,8799192
2015-08-18,2.7533199787139893,2.7626500129699707,2.6879799365997314,2.7066500186920166,2.137443780899048,18180132
2015-08-19,2.6879799365997314,2.7439799308776855,2.6506500244140625,2.715980052947998,2.1448118686676025,24579229
2015-08-20,2.734649896621704,2.7439799308776855,2.6506500244140625,2.6693201065063477,2.107964515686035,35548930
2015-08-21,2.641319990158081,2.67864990234375,2.566649913787842,2.6133201122283936,2.063741445541382,48443826
2015-08-24,2.519979953765869,2.519979953765869,2.43599009513855,2.4733200073242188,1.9531830549240112,44297540
2015-08-25,2.351979970932007,2.5479800701141357,2.351979970932007,2.445319890975952,1.931071400642395,32939655
2015-08-26,2.426650047302246,2.4826500415802,2.3799901008605957,2.389319896697998,1.886847972869873,34301611
2015-08-27,2.4546499252319336,2.5479800701141357,2.4546499252319336,2.529320001602173,1.9974061250686646,36233640
2015-08-28,2.585319995880127,2.6879799365997314,2.5759799480438232,2.622649908065796,2.0711090564727783,36811239
2015-08-31,2.6133201122283936,2.6133201122283936,2.5106499195098877,2.5386500358581543,2.0047740936279297,24501207
2015-09-01,2.5479800701141357,2.566649913787842,2.4826500415802,2.5106499195098877,1.9826624393463135,13507289
2015-09-02,2.426650047302246,2.5013198852539062,2.351979970932007,2.463979959487915,1.9458072185516357,27502557
2015-09-04,2.43599009513855,2.491990089416504,2.3986499309539795,2.407979965209961,1.9015839099884033,13868005
2015-09-07,2.3799901008605957,2.4733200073242188,2.3799901008605957,2.426650047302246,1.9163278341293335,21210954
2015-09-08,2.4173200130462646,2.529320001602173,2.4173200130462646,2.5106499195098877,1.9826624393463135,18689962
2015-09-09,2.529320001602173,2.60398006439209,2.519979953765869,2.5479800701141357,2.0121421813964844,22800212
2015-09-10,2.5013198852539062,2.5479800701141357,2.463979959487915,2.5386500358581543,2.0047740936279297,22685513
2015-09-11,2.566649913787842,2.5946500301361084,2.5386500358581543,2.566649913787842,2.026885509490967,10707488
2015-09-14,2.585319995880127,2.60398006439209,2.5386500358581543,2.5479800701141357,2.0121421813964844,9919644
2015-09-15,2.5479800701141357,2.5759799480438232,2.519979953765869,2.529320001602173,1.9974061250686646,11775922
2015-09-16,2.5386500358581543,2.5759799480438232,2.5106499195098877,2.5479800701141357,2.0121421813964844,17551860
2015-09-17,2.566649913787842,2.5946500301361084,2.5479800701141357,2.566649913787842,2.0915703773498535,14533417
2015-09-18,2.491990089416504,2.5573201179504395,2.4826500415802,2.5106499195098877,2.11073899269104,21276009
2015-09-21,2.463979959487915,2.5479800701141357,2.463979959487915,2.5386500358581543,2.1342790126800537,10054536
2015-09-22,2.5573201179504395,2.6319799423217773,2.5573201179504395,2.5946500301361084,2.18135929107666,13191365
2015-09-23,2.5759799480438232,2.5759799480438232,2.5013198852539062,2.529320001602173,2.1264350414276123,10118115
2015-09-24,2.5479800701141357,2.5479800701141357,2.5106499195098877,2.529320001602173,2.1264350414276123,7196558
2015-09-25,2.5106499195098877,2.5386500358581543,2.4826500415802,2.519979953765869,2.1185829639434814,17359013
2015-09-29,2.4733200073242188,2.5106499195098877,2.43599009513855,2.5106499195098877,2.11073899269104,16643312
2015-09-30,2.5479800701141357,2.60398006439209,2.5013198852539062,2.60398006439209,2.1892027854919434,27030033
2015-10-02,2.659980058670044,2.7439799308776855,2.6506500244140625,2.659980058670044,2.2362828254699707,41889015
2015-10-05,2.6879799365997314,2.7253201007843018,2.6506500244140625,2.67864990234375,2.251979112625122,14271567
2015-10-06,2.7066500186920166,2.7066500186920166,2.6133201122283936,2.6506500244140625,2.2284390926361084,15434117
2015-10-07,2.659980058670044,2.7253201007843018,2.6506500244140625,2.7253201007843018,2.291214942932129,20770392
2015-10-08,2.715980052947998,2.7439799308776855,2.67864990234375,2.715980052947998,2.283362627029419,14257376
2015-10-09,2.771980047225952,2.8093199729919434,2.7253201007843018,2.7533199787139893,2.3147547245025635,29095262
2015-10-12,2.818650007247925,2.8559799194335938,2.781320095062256,2.818650007247925,2.3696789741516113,29796141
2015-10-13,2.83732008934021,2.8466498851776123,2.781320095062256,2.790649890899658,2.3461389541625977,23243183
2015-10-14,2.790649890899658,2.790649890899658,2.7439799308776855,2.771980047225952,2.3304429054260254,13523893
2015-10-15,2.7439799308776855,2.8093199729919434,2.7439799308776855,2.781320095062256,2.3382952213287354,20864608
2015-10-16,2.83732008934021,2.8653199672698975,2.7999799251556396,2.83732008934021,2.3853750228881836,56782188
2015-10-19,2.83732008934021,2.874650001525879,2.8279800415039062,2.8653199672698975,2.408914566040039,9220256
2015-10-20,2.83732008934021,2.8559799194335938,2.7999799251556396,2.83732008934021,2.3853750228881836,14305487
2015-10-22,2.8093199729919434,2.8466498851776123,2.781320095062256,2.7999799251556396,2.353982925415039,17825348
2015-10-23,2.8466498851776123,2.8559799194335938,2.818650007247925,2.8466498851776123,2.393218994140625,19576389
2015-10-26,2.930649995803833,2.930649995803833,2.8653199672698975,2.893320083618164,2.43245530128479,10439746
2015-10-27,2.874650001525879,2.8839800357818604,2.790649890899658,2.8466498851776123,2.393218994140625,15430256
2015-10-28,2.818650007247925,2.8466498851776123,2.790649890899658,2.818650007247925,2.3696789741516113,13616992
2015-10-29,2.8279800415039062,2.8279800415039062,2.7626500129699707,2.771980047225952,2.3304429054260254,10934796
2015-10-30,2.781320095062256,2.7999799251556396,2.7439799308776855,2.7626500129699707,2.322599172592163,13740292
2015-11-02,2.7253201007843018,2.8279800415039062,2.7253201007843018,2.7439799308776855,2.3069026470184326,22456227
2015-11-03,2.7626500129699707,2.790649890899658,2.734649896621704,2.771980047225952,2.3304429054260254,12806061
2015-11-04,2.771980047225952,2.8279800415039062,2.771980047225952,2.818650007247925,2.3696789741516113,18695729
2015-11-05,2.83732008934021,2.8653199672698975,2.790649890899658,2.8653199672698975,2.408914566040039,21359856
2015-11-06,2.893320083618164,2.893320083618164,2.818650007247925,2.8279800415039062,2.3775229454040527,13236905
2015-11-09,2.8653199672698975,2.8653199672698975,2.7999799251556396,2.8093199729919434,2.36183500289917,10141044
2015-11-10,2.781320095062256,2.7999799251556396,2.734649896621704,2.734649896621704,2.2990589141845703,13211939
2015-11-11,2.734649896621704,2.7533199787139893,2.715980052947998,2.715980052947998,2.283362627029419,9138960
2015-11-12,2.7626500129699707,2.790649890899658,2.715980052947998,2.7439799308776855,2.3069026470184326,11960894
2015-11-13,2.7439799308776855,2.7439799308776855,2.659980058670044,2.715980052947998,2.283362627029419,14434943
2015-11-16,2.641319990158081,2.7066500186920166,2.641319990158081,2.697319984436035,2.2676751613616943,9407790
2015-11-17,2.734649896621704,2.771980047225952,2.7066500186920166,2.715980052947998,2.283362627029419,12226166
2015-11-18,2.7439799308776855,2.818650007247925,2.6879799365997314,2.7439799308776855,2.3069026470184326,20849232
2015-11-19,2.771980047225952,2.83732008934021,2.7626500129699707,2.8093199729919434,2.36183500289917,20019335
2015-11-20,2.8279800415039062,2.8279800415039062,2.7626500129699707,2.818650007247925,2.3696789741516113,16025048
2015-11-23,2.8279800415039062,2.83732008934021,2.790649890899658,2.818650007247925,2.3696789741516113,12788456
2015-11-24,2.7999799251556396,2.8279800415039062,2.781320095062256,2.8279800415039062,2.3775229454040527,8679829
2015-11-25,2.7999799251556396,2.7999799251556396,2.734649896621704,2.7626500129699707,2.322599172592163,17200763
2015-11-26,2.781320095062256,2.790649890899658,2.7066500186920166,2.7253201007843018,2.291214942932129,6871203
2015-11-27,2.715980052947998,2.7439799308776855,2.67864990234375,2.697319984436035,2.2676751613616943,13244666
2015-11-30,2.7066500186920166,2.7253201007843018,2.659980058670044,2.715980052947998,2.283362627029419,35846856
2015-12-01,2.6879799365997314,2.8653199672698975,2.6693201065063477,2.8653199672698975,2.408914566040039,41871327
2015-12-02,2.8653199672698975,2.9586501121520996,2.83732008934021,2.893320083618164,2.43245530128479,42428059
2015-12-03,2.8653199672698975,2.9213099479675293,2.8653199672698975,2.9213099479675293,2.455986499786377,22999567
2015-12-04,2.8279800415039062,2.9213099479675293,2.8279800415039062,2.893320083618164,2.43245530128479,12685278
2015-12-07,2.893320083618164,2.9399800300598145,2.8466498851776123,2.8839800357818604,2.42460298538208,15652749
2015-12-08,2.818650007247925,2.8653199672698975,2.7999799251556396,2.83732008934021,2.3853750228881836,17657135
2015-12-09,2.8093199729919434,2.8653199672698975,2.7999799251556396,2.8279800415039062,2.3775229454040527,13818358
2015-12-10,2.8279800415039062,2.874650001525879,2.7999799251556396,2.818650007247925,2.3696789741516113,12569325
2015-12-11,2.818650007247925,2.818650007247925,2.659980058670044,2.6879799365997314,2.2598228454589844,30117467
2015-12-14,2.6319799423217773,2.7066500186920166,2.6133201122283936,2.697319984436035,2.2676751613616943,10690805
2015-12-15,2.7066500186920166,2.781320095062256,2.697319984436035,2.7533199787139893,2.3147547245025635,14591751
2015-12-16,2.771980047225952,2.8653199672698975,2.7626500129699707,2.8653199672698975,2.408914566040039,30984694
2015-12-17,2.874650001525879,2.9399800300598145,2.8466498851776123,2.893320083618164,2.43245530128479,39118494
2015-12-18,2.8466498851776123,2.8839800357818604,2.818650007247925,2.874650001525879,2.4167587757110596,18660927
2015-12-21,2.874650001525879,2.911979913711548,2.8466498851776123,2.893320083618164,2.43245530128479,11880821
2015-12-22,2.9399800300598145,2.9399800300598145,2.874650001525879,2.893320083618164,2.43245530128479,13011456
2015-12-23,2.911979913711548,2.911979913711548,2.8839800357818604,2.911979913711548,2.4481430053710938,7808195
2015-12-24,2.930649995803833,2.930649995803833,2.8653199672698975,2.911979913711548,2.4481430053710938,10075409
2015-12-28,2.911979913711548,2.9399800300598145,2.893320083618164,2.9026501178741455,2.4402990341186523,9516030
2015-12-29,2.911979913711548,2.9399800300598145,2.8653199672698975,2.9213099479675293,2.455986499786377,13592580
2015-12-30,2.893320083618164,2.930649995803833,2.893320083618164,2.911979913711548,2.4481430053710938,12202394
2015-12-31,2.930649995803833,2.967979907989502,2.893320083618164,2.967979907989502,2.495222806930542,9184087
2016-01-04,2.9773099422454834,2.986649990081787,2.818650007247925,2.83732008934021,2.3853750228881836,28089666
2016-01-05,2.874650001525879,2.9586501121520996,2.83732008934021,2.8559799194335938,2.4010627269744873,18935015
2016-01-06,2.8466498851776123,2.9026501178741455,2.8279800415039062,2.9026501178741455,2.4402990341186523,11441004
2016-01-07,2.8559799194335938,2.8839800357818604,2.7066500186920166,2.771980047225952,2.3304429054260254,35680138
2016-01-08,2.771980047225952,2.9026501178741455,2.734649896621704,2.8466498851776123,2.393218994140625,36647888
2016-01-11,2.734649896621704,2.8279800415039062,2.734649896621704,2.8093199729919434,2.36183500289917,34201815
2016-01-12,2.8559799194335938,2.874650001525879,2.781320095062256,2.7999799251556396,2.353982925415039,22393670
2016-01-13,2.818650007247925,2.83732008934021,2.781320095062256,2.781320095062256,2.3382952213287354,13504979
2016-01-14,2.7533199787139893,2.8279800415039062,2.7533199787139893,2.818650007247925,2.3696789741516113,18025867
2016-01-15,2.7999799251556396,2.818650007247925,2.7533199787139893,2.7533199787139893,2.3147547245025635,21537419
2016-01-18,2.7066500186920166,2.7439799308776855,2.659980058670044,2.734649896621704,2.2990589141845703,20972044
2016-01-19,2.7626500129699707,2.818650007247925,2.734649896621704,2.7999799251556396,2.353982925415039,20644090
2016-01-20,2.7626500129699707,2.771980047225952,2.67864990234375,2.7626500129699707,2.322599172592163,23723208
2016-01-21,2.715980052947998,2.781320095062256,2.622649908065796,2.67864990234375,2.251979112625122,37507239
2016-01-22,2.7253201007843018,2.8279800415039062,2.659980058670044,2.790649890899658,2.3461389541625977,66506008
2016-01-25,2.818650007247925,2.818650007247925,2.7439799308776855,2.790649890899658,2.3461389541625977,21513838
2016-01-26,2.781320095062256,2.781320095062256,2.7066500186920166,2.715980052947998,2.283362627029419,26538452
2016-01-27,2.781320095062256,2.790649890899658,2.7066500186920166,2.715980052947998,2.283362627029419,25969161
2016-01-28,2.734649896621704,2.7439799308776855,2.7066500186920166,2.7439799308776855,2.3069026470184326,18594098
2016-01-29,2.7253201007843018,2.7999799251556396,2.7066500186920166,2.781320095062256,2.3382952213287354,38449973
2016-02-01,2.7999799251556396,2.8093199729919434,2.7626500129699707,2.7999799251556396,2.353982925415039,20296633
2016-02-02,2.790649890899658,2.8093199729919434,2.7533199787139893,2.7999799251556396,2.353982925415039,23672576
2016-02-03,2.818650007247925,2.8279800415039062,2.7253201007843018,2.771980047225952,2.3304429054260254,19805920
2016-02-04,2.781320095062256,2.7999799251556396,2.7626500129699707,2.790649890899658,2.3461389541625977,10607126
2016-02-05,2.8279800415039062,2.8279800415039062,2.781320095062256,2.7999799251556396,2.353982925415039,12029262
2016-02-11,2.7999799251556396,2.7999799251556396,2.715980052947998,2.7439799308776855,2.3069026470184326,13214638
2016-02-12,2.7066500186920166,2.734649896621704,2.7066500186920166,2.7253201007843018,2.291214942932129,16640313
2016-02-15,2.781320095062256,2.790649890899658,2.7253201007843018,2.7626500129699707,2.322599172592163,10999557
2016-02-16,2.790649890899658,2.8279800415039062,2.7626500129699707,2.790649890899658,2.3461389541625977,14448410
2016-02-17,2.8279800415039062,2.8279800415039062,2.734649896621704,2.771980047225952,2.3304429054260254,12271458
2016-02-18,2.7999799251556396,2.818650007247925,2.7626500129699707,2.771980047225952,2.3304429054260254,11764522
2016-02-19,2.771980047225952,2.7999799251556396,2.7439799308776855,2.781320095062256,2.3382952213287354,11082701
2016-02-22,2.781320095062256,2.8279800415039062,2.771980047225952,2.790649890899658,2.3461389541625977,21361521
2016-02-23,2.7999799251556396,2.7999799251556396,2.715980052947998,2.781320095062256,2.3382952213287354,19423856
2016-02-24,2.7439799308776855,2.7626500129699707,2.7439799308776855,2.7533199787139893,2.3147547245025635,8500861
2016-02-25,2.7439799308776855,2.7533199787139893,2.641319990158081,2.659980058670044,2.2362828254699707,19301949
2016-02-26,2.7253201007843018,2.7439799308776855,2.67864990234375,2.697319984436035,2.2676751613616943,18276110
2016-02-29,2.734649896621704,2.734649896621704,2.641319990158081,2.641319990158081,2.220594882965088,21791433
2016-03-01,2.6506500244140625,2.7253201007843018,2.641319990158081,2.715980052947998,2.283362627029419,21353878
2016-03-02,2.7626500129699707,2.8839800357818604,2.734649896621704,2.874650001525879,2.4167587757110596,45772806
2016-03-03,2.874650001525879,2.967979907989502,2.874650001525879,2.9399800300598145,2.4716827869415283,39008594
2016-03-04,2.9399800300598145,2.9586501121520996,2.9026501178741455,2.930649995803833,2.463838815689087,23439222
2016-03-07,2.9586501121520996,3.070650100708008,2.9586501121520996,3.070650100708008,2.5815391540527344,47902131
2016-03-08,3.042649984359741,3.07997989654541,2.986649990081787,3.07997989654541,2.5893826484680176,26715704
2016-03-09,3.07997989654541,3.07997989654541,3.0146501064300537,3.07997989654541,2.5893826484680176,21195776
2016-03-10,3.07997989654541,3.126650094985962,3.042649984359741,3.0519800186157227,2.565842866897583,14426063
2016-03-11,3.061310052871704,3.1453099250793457,3.0519800186157227,3.1453099250793457,2.6443064212799072,21117337
2016-03-14,3.1733100414276123,3.2853100299835205,3.163980007171631,3.2853100299835205,2.7620065212249756,49453224
2016-03-15,3.219980001449585,3.2479801177978516,2.986649990081787,2.986649990081787,2.5109193325042725,38315302
2016-03-16,3.0053200721740723,3.0053200721740723,2.790649890899658,2.8093199729919434,2.36183500289917,85717843
2016-03-17,2.8279800415039062,2.874650001525879,2.8093199729919434,2.83732008934021,2.3853750228881836,30397078
2016-03-18,2.8653199672698975,2.911979913711548,2.8279800415039062,2.893320083618164,2.43245530128479,35031023
2016-03-21,2.8559799194335938,2.893320083618164,2.818650007247925,2.8466498851776123,2.393218994140625,23859268
2016-03-22,2.874650001525879,2.874650001525879,2.8279800415039062,2.83732008934021,2.3853750228881836,17943104
2016-03-23,2.8279800415039062,2.8559799194335938,2.8093199729919434,2.83732008934021,2.3853750228881836,15069593
2016-03-24,2.8466498851776123,2.8466498851776123,2.790649890899658,2.7999799251556396,2.353982925415039,11511197
2016-03-29,2.781320095062256,2.8653199672698975,2.781320095062256,2.8466498851776123,2.393218994140625,14820429
2016-03-30,2.874650001525879,2.874650001525879,2.818650007247925,2.8653199672698975,2.408914566040039,12006382
2016-03-31,2.8279800415039062,2.893320083618164,2.8279800415039062,2.874650001525879,2.4167587757110596,18875843
2016-04-01,2.8559799194335938,2.8559799194335938,2.7999799251556396,2.8279800415039062,2.3775229454040527,12803966
2016-04-05,2.8093199729919434,2.83732008934021,2.790649890899658,2.790649890899658,2.3461389541625977,18536689
2016-04-06,2.7999799251556396,2.818650007247925,2.790649890899658,2.7999799251556396,2.353982925415039,11350786
2016-04-07,2.7999799251556396,2.8466498851776123,2.7999799251556396,2.83732008934021,2.3853750228881836,13522015
2016-04-08,2.818650007247925,2.9026501178741455,2.7999799251556396,2.893320083618164,2.43245530128479,16066361
2016-04-11,2.874650001525879,2.930649995803833,2.8466498851776123,2.911979913711548,2.4481430053710938,14897650
2016-04-12,2.930649995803833,2.930649995803833,2.8653199672698975,2.893320083618164,2.43245530128479,10438055
2016-04-13,2.930649995803833,2.9399800300598145,2.911979913711548,2.9399800300598145,2.4716827869415283,14662128
2016-04-14,2.9399800300598145,2.949320077896118,2.911979913711548,2.9213099479675293,2.455986499786377,8465679
2016-04-15,2.9399800300598145,2.949320077896118,2.8466498851776123,2.9213099479675293,2.455986499786377,7200615
2016-04-18,2.949320077896118,2.949320077896118,2.874650001525879,2.9399800300598145,2.4716827869415283,4247194
2016-04-19,2.967979907989502,2.967979907989502,2.9213099479675293,2.9399800300598145,2.4716827869415283,9621741
2016-04-20,2.9213099479675293,2.9586501121520996,2.8839800357818604,2.930649995803833,2.463838815689087,14075180
2016-04-21,2.9399800300598145,2.9586501121520996,2.9213099479675293,2.949320077896118,2.4795351028442383,10297366
2016-04-22,2.930649995803833,2.9586501121520996,2.911979913711548,2.949320077896118,2.4795351028442383,14486991
2016-04-25,2.9586501121520996,2.9586501121520996,2.9026501178741455,2.9213099479675293,2.455986499786377,6029885
2016-04-26,2.9026501178741455,2.930649995803833,2.874650001525879,2.9026501178741455,2.4402990341186523,13049304
2016-04-27,2.911979913711548,2.911979913711548,2.874650001525879,2.8839800357818604,2.42460298538208,8179618
2016-04-28,2.893320083618164,2.9213099479675293,2.8653199672698975,2.893320083618164,2.43245530128479,14491643
2016-04-29,2.9026501178741455,2.9026501178741455,2.8466498851776123,2.8653199672698975,2.408914566040039,12633730
2016-05-03,2.8839800357818604,2.9026501178741455,2.8559799194335938,2.893320083618164,2.43245530128479,8433357
2016-05-04,2.893320083618164,2.930649995803833,2.8653199672698975,2.930649995803833,2.463838815689087,9929246
2016-05-05,2.893320083618164,2.930649995803833,2.874650001525879,2.930649995803833,2.463838815689087,9195574
2016-05-06,2.930649995803833,2.930649995803833,2.874650001525879,2.9026501178741455,2.4402990341186523,7973681
2016-05-09,2.874650001525879,2.9213099479675293,2.874650001525879,2.874650001525879,2.4167587757110596,5002252
2016-05-10,2.8653199672698975,2.874650001525879,2.83732008934021,2.8559799194335938,2.4010627269744873,8016953
2016-05-11,2.8559799194335938,2.8839800357818604,2.8466498851776123,2.8559799194335938,2.4010627269744873,13465383
2016-05-12,2.8653199672698975,2.874650001525879,2.8093199729919434,2.8653199672698975,2.408914566040039,15108747
2016-05-13,2.8653199672698975,2.8653199672698975,2.771980047225952,2.8093199729919434,2.36183500289917,34634446
2016-05-16,2.7999799251556396,2.8093199729919434,2.790649890899658,2.7999799251556396,2.353982925415039,8877234
2016-05-17,2.818650007247925,2.818650007247925,2.771980047225952,2.8093199729919434,2.36183500289917,12531857
2016-05-18,2.771980047225952,2.818650007247925,2.771980047225952,2.8093199729919434,2.36183500289917,13417022
2016-05-19,2.771980047225952,2.7999799251556396,2.7626500129699707,2.771980047225952,2.395942211151123,17133912
2016-05-20,2.7533199787139893,2.7999799251556396,2.7533199787139893,2.790649890899658,2.412079334259033,20125776
2016-05-23,2.7999799251556396,2.8279800415039062,2.7626500129699707,2.7999799251556396,2.4201436042785645,10209047
2016-05-24,2.7999799251556396,2.8093199729919434,2.790649890899658,2.8093199729919434,2.4282166957855225,13926019
2016-05-25,2.7999799251556396,2.8279800415039062,2.781320095062256,2.8093199729919434,2.4282166957855225,26837487
2016-05-26,2.8279800415039062,2.874650001525879,2.8093199729919434,2.8653199672698975,2.4766194820404053,23100955
2016-05-27,2.874650001525879,2.930649995803833,2.8653199672698975,2.911979913711548,2.5169501304626465,22135134
2016-05-30,2.9213099479675293,2.9399800300598145,2.9026501178741455,2.930649995803833,2.5330874919891357,10508393
2016-05-31,2.911979913711548,2.9399800300598145,2.893320083618164,2.9026501178741455,2.5088858604431152,40469679
2016-06-01,2.893320083618164,2.9026501178741455,2.8279800415039062,2.893320083618164,2.500821352005005,23966690
2016-06-02,2.893320083618164,2.893320083618164,2.8653199672698975,2.8839800357818604,2.492748498916626,15006725
2016-06-03,2.8839800357818604,2.9213099479675293,2.8559799194335938,2.874650001525879,2.4846839904785156,14205720
2016-06-06,2.8839800357818604,2.9026501178741455,2.8653199672698975,2.8839800357818604,2.492748498916626,10446555
2016-06-07,2.9213099479675293,2.9213099479675293,2.874650001525879,2.893320083618164,2.500821352005005,13040824
2016-06-08,2.8839800357818604,2.911979913711548,2.8466498851776123,2.874650001525879,2.4846839904785156,11152432
2016-06-10,2.874650001525879,2.8839800357818604,2.8466498851776123,2.8559799194335938,2.4685463905334473,6061512
2016-06-13,2.8466498851776123,2.8559799194335938,2.8093199729919434,2.8559799194335938,2.4685463905334473,14227805
2016-06-14,2.8559799194335938,2.8653199672698975,2.83732008934021,2.8559799194335938,2.4685463905334473,16188266
2016-06-15,2.8466498851776123,2.874650001525879,2.83732008934021,2.8466498851776123,2.460482358932495,9726145
2016-06-16,2.8466498851776123,2.8653199672698975,2.8279800415039062,2.83732008934021,2.452418327331543,15830440
2016-06-17,2.83732008934021,2.8839800357818604,2.83732008934021,2.8839800357818604,2.492748498916626,18647249
2016-06-20,2.8839800357818604,2.9399800300598145,2.8653199672698975,2.9399800300598145,2.541151762008667,24275390
2016-06-21,2.9586501121520996,2.9586501121520996,2.893320083618164,2.911979913711548,2.5169501304626465,7370456
2016-06-22,2.911979913711548,3.0053200721740723,2.9026501178741455,2.9959800243377686,2.589555025100708,15428140
2016-06-23,3.0146501064300537,3.023979902267456,2.9026501178741455,2.911979913711548,2.5169501304626465,9256252
2016-06-24,2.911979913711548,2.9399800300598145,2.818650007247925,2.9399800300598145,2.541151762008667,20886078
2016-06-27,2.9026501178741455,3.0053200721740723,2.8839800357818604,2.9959800243377686,2.589555025100708,14476844
2016-06-28,2.986649990081787,2.9959800243377686,2.9213099479675293,2.986649990081787,2.5814907550811768,11143288
2016-06-29,2.9586501121520996,2.986649990081787,2.9399800300598145,2.9586501121520996,2.5572891235351562,8342295
2016-06-30,2.986649990081787,3.0519800186157227,2.9586501121520996,3.042649984359741,2.6298935413360596,17284404
2016-07-04,3.061310052871704,3.07997989654541,2.986649990081787,3.061310052871704,2.646022081375122,19829725
2016-07-05,3.07997989654541,3.07997989654541,2.986649990081787,3.061310052871704,2.646022081375122,21375795
2016-07-06,3.061310052871704,3.070650100708008,3.0146501064300537,3.061310052871704,2.646022081375122,16491164
2016-07-07,3.07997989654541,3.07997989654541,3.0146501064300537,3.023979902267456,2.6137564182281494,10550032
2016-07-08,3.023979902267456,3.0333099365234375,2.9959800243377686,3.0146501064300537,2.6056923866271973,8244955
2016-07-11,3.042649984359741,3.070650100708008,3.0146501064300537,3.0519800186157227,2.63795804977417,15702240
2016-07-12,3.0519800186157227,3.061310052871704,2.986649990081787,3.0519800186157227,2.63795804977417,28051190
2016-07-13,3.061310052871704,3.061310052871704,3.023979902267456,3.0519800186157227,2.63795804977417,12890638
2016-07-14,3.0519800186157227,3.061310052871704,3.0053200721740723,3.0333099365234375,2.6218206882476807,29719167
2016-07-15,3.0333099365234375,3.0333099365234375,2.9399800300598145,3.0053200721740723,2.597628355026245,41765262
2016-07-18,3.0333099365234375,3.0333099365234375,3.0053200721740723,3.0146501064300537,2.6056923866271973,21804162
2016-07-19,3.0333099365234375,3.0333099365234375,2.9959800243377686,3.023979902267456,2.6137564182281494,9702158
2016-07-20,3.0333099365234375,3.0333099365234375,3.0146501064300537,3.023979902267456,2.6137564182281494,10536215
2016-07-21,3.0333099365234375,3.126650094985962,3.023979902267456,3.1079800128936768,2.686361789703369,24005869
2016-07-22,3.0893099308013916,3.0986499786376953,3.061310052871704,3.0986499786376953,2.6782968044281006,12036429
2016-07-25,3.117310047149658,3.126650094985962,3.0053200721740723,3.061310052871704,2.646022081375122,6951433
2016-07-26,3.0986499786376953,3.0986499786376953,3.0519800186157227,3.07997989654541,2.6621596813201904,6725206
2016-07-27,3.0986499786376953,3.0986499786376953,2.9959800243377686,3.0333099365234375,2.6218206882476807,8197676
2016-07-28,2.986649990081787,3.0146501064300537,2.9773099422454834,3.0146501064300537,2.6056923866271973,11925652
2016-07-29,3.0146501064300537,3.023979902267456,2.9213099479675293,2.949320077896118,2.549224615097046,14531506
2016-08-01,2.967979907989502,2.9959800243377686,2.949320077896118,2.9959800243377686,2.589555025100708,12686102
2016-08-02,2.9959800243377686,2.9959800243377686,2.9959800243377686,2.9959800243377686,2.589555025100708,0
2016-08-03,3.0146501064300537,3.0146501064300537,2.9399800300598145,2.949320077896118,2.549224615097046,17139529
2016-08-04,2.986649990081787,3.023979902267456,2.9773099422454834,3.023979902267456,2.6137564182281494,15776455
2016-08-05,3.0333099365234375,3.126650094985962,3.0053200721740723,3.1079800128936768,2.686361789703369,20844921
2016-08-08,3.1453099250793457,3.163980007171631,3.0986499786376953,3.1453099250793457,2.7186272144317627,20045022
2016-08-09,3.1546499729156494,3.1733100414276123,3.126650094985962,3.163980007171631,2.734764575958252,20658892
2016-08-10,3.1733100414276123,3.219980001449585,3.1079800128936768,3.1359798908233643,2.7105627059936523,23044318
2016-08-11,3.0986499786376953,3.163980007171631,3.0986499786376953,3.1546499729156494,2.7267003059387207,7595688
2016-08-12,3.163980007171631,3.182650089263916,3.126650094985962,3.163980007171631,2.734764575958252,12181782
2016-08-15,3.1733100414276123,3.257309913635254,3.1453099250793457,3.2293100357055664,2.791231870651245,17665038
2016-08-16,3.2293100357055664,3.257309913635254,3.1546499729156494,3.163980007171631,2.734764575958252,15572012
2016-08-17,3.1546499729156494,3.1919798851013184,3.1079800128936768,3.1733100414276123,2.742828607559204,25434541
2016-08-18,3.1919798851013184,3.43464994430542,3.182650089263916,3.3413100242614746,2.888038396835327,86723697
2016-08-19,3.4066500663757324,3.5746500492095947,3.3599801063537598,3.4906399250030518,3.017110824584961,76822299
2016-08-22,3.471980094909668,3.5746500492095947,3.471980094909668,3.5746500492095947,3.08972430229187,57480577
2016-08-23,3.583980083465576,3.6399800777435303,3.5373098850250244,3.60263991355896,3.113917589187622,50038207
2016-08-24,3.60263991355896,3.6119799613952637,3.5373098850250244,3.6119799613952637,3.121990203857422,28820118
2016-08-25,3.5933101177215576,3.5933101177215576,3.453310012817383,3.5559799671173096,3.073586940765381,24120005
2016-08-26,3.546639919281006,3.5559799671173096,3.415980100631714,3.43464994430542,2.9687159061431885,35345054
2016-08-29,3.4626500606536865,3.5933101177215576,3.4439799785614014,3.5933101177215576,3.105853319168091,36422794
2016-08-30,3.5933101177215576,3.6306400299072266,3.583980083465576,3.6306400299072266,3.1381189823150635,19888193
2016-08-31,3.6399800777435303,3.677309989929199,3.583980083465576,3.677309989929199,3.178457736968994,45805145
2016-09-01,3.6306400299072266,3.677309989929199,3.60263991355896,3.6399800777435303,3.1461920738220215,26586799
2016-09-02,3.6399800777435303,3.658639907836914,3.5746500492095947,3.6399800777435303,3.1461920738220215,21482087
2016-09-05,3.6679799556732178,3.7706398963928223,3.621309995651245,3.7519800662994385,3.2429981231689453,43644215
2016-09-06,3.7333099842071533,3.76131010055542,3.6679799556732178,3.76131010055542,3.2510626316070557,19812063
2016-09-07,3.76131010055542,3.854640007019043,3.7519800662994385,3.854640007019043,3.3317317962646484,33114651
2016-09-08,3.873310089111328,3.919980049133301,3.8453099727630615,3.873310089111328,3.3478691577911377,30953340
2016-09-09,3.8453099727630615,3.9479799270629883,3.8453099727630615,3.919980049133301,3.3882079124450684,46399882
2016-09-12,3.873310089111328,3.873310089111328,3.76131010055542,3.873310089111328,3.3478691577911377,41017338
2016-09-13,3.910640001296997,3.919980049133301,3.779979944229126,3.8826398849487305,3.3559329509735107,92968471
2016-09-14,3.83597993850708,3.8826398849487305,3.8266398906707764,3.873310089111328,3.3478691577911377,26053046
2016-09-15,3.798640012741089,3.8266398906707764,3.7706398963928223,3.8079800605773926,3.3612594604492188,46795553
2016-09-19,3.873310089111328,3.9386401176452637,3.7519800662994385,3.9386401176452637,3.4765915870666504,44054759
2016-09-20,3.9386401176452637,4.013309955596924,3.919980049133301,3.9853100776672363,3.5177862644195557,40238987
2016-09-21,3.9853100776672363,4.013309955596924,3.919980049133301,3.9853100776672363,3.5177862644195557,23981211
2016-09-22,4.050640106201172,4.050640106201172,3.9386401176452637,3.975980043411255,3.5095510482788086,21896715
2016-09-23,3.9293100833892822,4.013309955596924,3.8639800548553467,4.013309955596924,3.54250168800354,42797166
2016-09-26,3.975980043411255,3.9853100776672363,3.910640001296997,3.975980043411255,3.5095510482788086,25758869
2016-09-27,3.919980049133301,3.9479799270629883,3.9013099670410156,3.9293100833892822,3.468355894088745,13139911
2016-09-28,3.9013099670410156,3.9479799270629883,3.798640012741089,3.919980049133301,3.460120439529419,31653617
2016-09-29,3.919980049133301,3.966639995574951,3.8453099727630615,3.9013099670410156,3.44364070892334,17272290
2016-09-30,3.8453099727630615,3.9013099670410156,3.817310094833374,3.817310094833374,3.369495153427124,28099114
2016-10-03,3.8639800548553467,3.873310089111328,3.817310094833374,3.8266398906707764,3.377730369567871,21530555
2016-10-04,3.873310089111328,3.966639995574951,3.8266398906707764,3.9479799270629883,3.484835624694824,22756167
2016-10-05,3.9479799270629883,3.9573099613189697,3.8079800605773926,3.83597993850708,3.385974884033203,37543359
2016-10-06,3.873310089111328,3.873310089111328,3.714639902114868,3.7519800662994385,3.31182861328125,31589064
2016-10-07,3.7333099842071533,3.779979944229126,3.658639907836914,3.7333099842071533,3.29534912109375,35916138
2016-10-11,3.7426400184631348,3.779979944229126,3.60263991355896,3.6119799613952637,3.1882524490356445,53153519
2016-10-12,3.621309995651245,3.677309989929199,3.546639919281006,3.677309989929199,3.2459185123443604,78306732
2016-10-13,3.677309989929199,3.714639902114868,3.621309995651245,3.705310106277466,3.2706339359283447,44500840
2016-10-14,3.705310106277466,3.817310094833374,3.6959800720214844,3.817310094833374,3.369495153427124,30664070
2016-10-17,3.8079800605773926,3.83597993850708,3.7706398963928223,3.779979944229126,3.3365442752838135,32390181
2016-10-18,3.8266398906707764,3.854640007019043,3.798640012741089,3.8453099727630615,3.39421010017395,27513640
2016-10-19,3.8639800548553467,3.8826398849487305,3.8079800605773926,3.8639800548553467,3.4106900691986084,29134998
2016-10-20,3.8079800605773926,3.8453099727630615,3.7706398963928223,3.779979944229126,3.3365442752838135,33034287
2016-10-21,3.779979944229126,3.779979944229126,3.779979944229126,3.779979944229126,3.3365442752838135,0
2016-10-24,3.779979944229126,3.891979932785034,3.7519800662994385,3.873310089111328,3.4189255237579346,31219051
2016-10-25,3.891979932785034,3.919980049133301,3.8826398849487305,3.9013099670410156,3.44364070892334,19809608
2016-10-26,3.9013099670410156,3.919980049133301,3.8453099727630615,3.8639800548553467,3.4106900691986084,12981197
2016-10-27,3.9013099670410156,3.9013099670410156,3.8079800605773926,3.8453099727630615,3.39421010017395,26770836
2016-10-28,3.8266398906707764,3.8453099727630615,3.7706398963928223,3.8266398906707764,3.377730369567871,39782085
2016-10-31,3.7893099784851074,3.798640012741089,3.7519800662994385,3.7706398963928223,3.3282997608184814,40227048
2016-11-01,3.8266398906707764,3.975980043411255,3.8266398906707764,3.8639800548553467,3.4106900691986084,51441894
2016-11-02,3.8639800548553467,3.8639800548553467,3.817310094833374,3.8453099727630615,3.39421010017395,26134931
2016-11-03,3.854640007019043,3.873310089111328,3.8079800605773926,3.8453099727630615,3.39421010017395,25020254
2016-11-04,3.817310094833374,3.891979932785034,3.817310094833374,3.8826398849487305,3.4271605014801025,8959328
2016-11-07,3.891979932785034,3.910640001296997,3.83597993850708,3.9013099670410156,3.44364070892334,13187707
2016-11-08,3.919980049133301,3.9293100833892822,3.9013099670410156,3.9293100833892822,3.468355894088745,11887033
2016-11-09,3.919980049133301,3.919980049133301,3.83597993850708,3.873310089111328,3.4189255237579346,24394654
2016-11-10,3.9013099670410156,3.9479799270629883,3.8826398849487305,3.9293100833892822,3.468355894088745,20553724
2016-11-11,3.8639800548553467,3.919980049133301,3.8639800548553467,3.919980049133301,3.460120439529419,14658263
2016-11-14,3.873310089111328,3.9013099670410156,3.8266398906707764,3.9013099670410156,3.44364070892334,22594315
2016-11-15,3.854640007019043,3.919980049133301,3.854640007019043,3.919980049133301,3.460120439529419,23229990
2016-11-16,3.919980049133301,3.9386401176452637,3.910640001296997,3.9293100833892822,3.468355894088745,29856667
2016-11-17,3.9293100833892822,3.9479799270629883,3.9013099670410156,3.9293100833892822,3.468355894088745,11885260
2016-11-18,3.891979932785034,3.9293100833892822,3.8639800548553467,3.9293100833892822,3.468355894088745,11500498
2016-11-21,3.891979932785034,3.919980049133301,3.8453099727630615,3.873310089111328,3.4189255237579346,26035694
2016-11-22,3.873310089111328,3.873310089111328,3.817310094833374,3.8266398906707764,3.377730369567871,34458784
2016-11-23,3.7893099784851074,3.873310089111328,3.779979944229126,3.8639800548553467,3.4106900691986084,18433920
2016-11-24,3.873310089111328,3.8826398849487305,3.83597993850708,3.8453099727630615,3.39421010017395,19243793
2016-11-25,3.8639800548553467,3.910640001296997,3.8453099727630615,3.9013099670410156,3.44364070892334,21183912
2016-11-28,3.919980049133301,3.9946401119232178,3.919980049133301,3.9853100776672363,3.5177862644195557,21019222
2016-11-29,3.9946401119232178,4.013309955596924,3.9479799270629883,3.9853100776672363,3.5177862644195557,20962724
2016-11-30,4.013309955596924,4.0599799156188965,3.975980043411255,4.050640106201172,3.5754525661468506,34058848
2016-12-01,4.031970024108887,4.171969890594482,3.966639995574951,4.134640216827393,3.6495985984802246,23779312
2016-12-02,4.134640216827393,4.181310176849365,4.087979793548584,4.134640216827393,3.6495985984802246,22045482
2016-12-05,4.134640216827393,4.134640216827393,4.003970146179199,4.078639984130859,3.6001675128936768,12015301
2016-12-06,4.106639862060547,4.125309944152832,4.078639984130859,4.115970134735107,3.6331186294555664,18768994
2016-12-07,4.134640216827393,4.171969890594482,4.115970134735107,4.16264009475708,3.67431378364563,11938121
2016-12-08,4.181310176849365,4.209310054779053,4.1533098220825195,4.209310054779053,3.715508460998535,27964287
2016-12-09,4.209310054779053,4.23730993270874,4.171969890594482,4.190639972686768,3.699028968811035,13847835
2016-12-12,4.19996976852417,4.246640205383301,4.125309944152832,4.19996976852417,3.7072641849517822,18926386
2016-12-13,4.1533098220825195,4.171969890594482,4.125309944152832,4.16264009475708,3.67431378364563,16007957
2016-12-14,4.143970012664795,4.171969890594482,4.087979793548584,4.115970134735107,3.6331186294555664,11288565
2016-12-15,4.106639862060547,4.106639862060547,4.003970146179199,4.050640106201172,3.5754525661468506,26693669
2016-12-16,4.031970024108887,4.078639984130859,3.9946401119232178,4.022640228271484,3.5507376194000244,32901138
2016-12-19,4.031970024108887,4.031970024108887,3.919980049133301,3.9946401119232178,3.526022434234619,28037151
2016-12-20,3.975980043411255,4.031970024108887,3.966639995574951,4.003970146179199,3.534257650375366,16423057
2016-12-21,3.9853100776672363,4.087979793548584,3.966639995574951,4.050640106201172,3.5754525661468506,13237075
2016-12-22,4.0599799156188965,4.0599799156188965,3.9293100833892822,3.9946401119232178,3.526022434234619,28471657
2016-12-23,3.966639995574951,4.022640228271484,3.9573099613189697,3.9946401119232178,3.526022434234619,15297420
2016-12-28,3.966639995574951,3.9853100776672363,3.9479799270629883,3.9853100776672363,3.5177862644195557,11196292
2016-12-29,3.9853100776672363,4.050640106201172,3.9573099613189697,4.031970024108887,3.5589728355407715,9667738
2016-12-30,4.031970024108887,4.050640106201172,3.9946401119232178,4.050640106201172,3.5754525661468506,7561928
2017-01-03,4.050640106201172,4.143970012664795,4.003970146179199,4.022640228271484,3.5507376194000244,7174718
2017-01-04,4.0599799156188965,4.0599799156188965,3.919980049133301,3.9293100833892822,3.468355894088745,20954752
2017-01-05,3.891979932785034,3.9386401176452637,3.658639907836914,3.9293100833892822,3.468355894088745,98949620
2017-01-06,3.854640007019043,3.919980049133301,3.8453099727630615,3.919980049133301,3.460120439529419,58174105
2017-01-09,3.9479799270629883,3.9853100776672363,3.873310089111328,3.9573099613189697,3.4930710792541504,29138811
2017-01-10,3.9293100833892822,4.013309955596924,3.919980049133301,4.013309955596924,3.54250168800354,18506877
2017-01-11,4.013309955596924,4.013309955596924,3.966639995574951,3.9946401119232178,3.526022434234619,21220221
2017-01-12,3.9946401119232178,4.078639984130859,3.975980043411255,4.022640228271484,3.5507376194000244,23034674
2017-01-13,4.003970146179199,4.0599799156188965,3.9946401119232178,4.031970024108887,3.5589728355407715,15097126
2017-01-16,4.050640106201172,4.0599799156188965,3.9479799270629883,3.9853100776672363,3.5177862644195557,18615467
2017-01-17,3.975980043411255,3.9853100776672363,3.9386401176452637,3.9853100776672363,3.5177862644195557,18714561
2017-01-18,4.013309955596924,4.0599799156188965,3.9946401119232178,4.0599799156188965,3.5836970806121826,11563050
2017-01-19,4.087979793548584,4.106639862060547,4.0599799156188965,4.106639862060547,3.624882936477661,11308773
2017-01-20,4.078639984130859,4.1533098220825195,4.050640106201172,4.143970012664795,3.657834053039551,21460939
2017-01-23,4.134640216827393,4.1533098220825195,4.125309944152832,4.143970012664795,3.657834053039551,12316373
2017-01-24,4.1533098220825195,4.171969890594482,4.106639862060547,4.171969890594482,3.682548999786377,12486682
2017-01-25,4.171969890594482,4.171969890594482,4.106639862060547,4.143970012664795,3.657834053039551,11700118
2017-01-26,4.190639972686768,4.19996976852417,4.143970012664795,4.190639972686768,3.699028968811035,12696660
2017-01-27,4.190639972686768,4.190639972686768,4.143970012664795,4.16264009475708,3.67431378364563,3021394
2017-02-01,4.125309944152832,4.171969890594482,4.022640228271484,4.143970012664795,3.657834053039551,20152963
2017-02-02,4.125309944152832,4.1533098220825195,4.0599799156188965,4.143970012664795,3.657834053039551,7542553
2017-02-03,4.1533098220825195,4.1533098220825195,4.078639984130859,4.106639862060547,3.624882936477661,14368413
2017-02-06,4.106639862060547,4.190639972686768,4.106639862060547,4.181310176849365,3.690793752670288,11096416
2017-02-07,4.19996976852417,4.489309787750244,4.16264009475708,4.414639949798584,3.8967509269714355,53796171
2017-02-08,4.470640182495117,4.843969821929932,4.461309909820557,4.815969944000244,4.250999927520752,99493967
2017-02-09,4.853300094604492,4.937300205230713,4.815969944000244,4.937300205230713,4.358096599578857,57696228
2017-02-10,4.91864013671875,5.030640125274658,4.871970176696777,4.91864013671875,4.3416266441345215,45378338
2017-02-13,4.937300205230713,4.937300205230713,4.843969821929932,4.862639904022217,4.2921953201293945,27523640
2017-02-14,4.853300094604492,4.9653000831604,4.750639915466309,4.871970176696777,4.300430774688721,22511782
2017-02-15,4.927969932556152,5.0399699211120605,4.871970176696777,4.927969932556152,4.3498616218566895,22297168
2017-02-16,4.927969932556152,5.049300193786621,4.91864013671875,5.0399699211120605,4.4487223625183105,41590204
2017-02-17,5.0399699211120605,5.086639881134033,4.937300205230713,4.9839701652526855,4.3992919921875,21637254
2017-02-20,5.021299839019775,5.049300193786621,4.9466400146484375,4.9839701652526855,4.3992919921875,11632255
2017-02-21,5.030640125274658,5.086639881134033,4.974639892578125,5.0026397705078125,4.415771961212158,19049113
2017-02-22,4.974639892578125,5.338630199432373,4.974639892578125,5.245299816131592,4.629964828491211,55932593
2017-02-23,5.245299816131592,5.413300037384033,5.179969787597656,5.385300159454346,4.753541469573975,37648316
2017-02-24,5.413300037384033,5.413300037384033,5.2359700202941895,5.338630199432373,4.71234655380249,18246310
2017-02-27,5.31997013092041,5.3292999267578125,5.123970031738281,5.151969909667969,4.54758358001709,23086190
2017-02-28,5.161300182342529,5.2919697761535645,5.142630100250244,5.189300060272217,4.5805344581604,24968976
2017-03-01,5.2733001708984375,5.450630187988281,5.263969898223877,5.28262996673584,4.66291618347168,24636792
2017-03-02,5.2919697761535645,5.347970008850098,5.198639869689941,5.245299816131592,4.629964828491211,13909013
2017-03-03,5.226630210876465,5.28262996673584,5.133299827575684,5.226630210876465,4.613485336303711,17845871
2017-03-06,5.245299816131592,5.413300037384033,5.198639869689941,5.3666300773620605,4.737061977386475,25293438
2017-03-07,5.394629955291748,5.72130012512207,5.338630199432373,5.655970096588135,4.992458820343018,46553264
2017-03-08,5.655970096588135,6.029300212860107,5.63730001449585,5.954629898071289,5.256082057952881,58634150
2017-03-09,5.907959938049316,6.047959804534912,5.749300003051758,5.749300003051758,5.0748395919799805,66325693
2017-03-10,5.749300003051758,6.019959926605225,5.674630165100098,5.991960048675537,5.289033889770508,39561765
2017-03-13,5.991960048675537,6.318630218505859,5.898630142211914,6.299960136413574,5.560901641845703,49529668
2017-03-14,6.346630096435547,6.5052900314331055,6.15995979309082,6.262629985809326,5.527950286865234,40505345
2017-03-15,6.187960147857666,6.374629974365234,6.15995979309082,6.309299945831299,5.569145202636719,18532590
2017-03-16,6.346630096435547,6.43996000289917,6.243959903717041,6.355959892272949,5.6103315353393555,23482850
2017-03-17,6.299960136413574,6.374629974365234,6.019959926605225,6.094629764556885,5.379658222198486,74978021
2017-03-20,5.991960048675537,6.066629886627197,5.786630153656006,5.935959815979004,5.239602565765381,59721107
2017-03-21,5.935959815979004,6.281290054321289,5.935959815979004,6.281290054321289,5.544421672821045,58082450
2017-03-22,6.141300201416016,6.346630096435547,6.047959804534912,6.15995979309082,5.437324523925781,48639348
2017-03-23,6.262629985809326,6.785289764404297,6.234630107879639,6.533289909362793,5.766858100891113,106217062
2017-03-24,6.589290142059326,6.663959980010986,6.467959880828857,6.654630184173584,5.873963832855225,43230096
2017-03-27,6.589290142059326,6.747960090637207,6.290629863739014,6.411960124969482,5.659761905670166,56463766
2017-03-28,6.5052900314331055,6.906620025634766,6.43996000289917,6.701290130615234,5.915151119232178,73296446
2017-03-29,6.766630172729492,6.766630172729492,6.523960113525391,6.663959980010986,5.882199764251709,36943878
2017-03-30,6.6826300621032715,6.701290130615234,6.467959880828857,6.542630195617676,5.775103569030762,40468399
2017-03-31,6.579959869384766,6.598629951477051,6.36529016494751,6.523960113525391,5.758623123168945,30313769
2017-04-03,6.598629951477051,6.607960224151611,6.43996000289917,6.51462984085083,5.750388145446777,30272720
2017-04-05,6.486629962921143,6.654630184173584,6.458630084991455,6.598629951477051,5.824533462524414,40912382
2017-04-06,6.589290142059326,6.84128999710083,6.551959991455078,6.757289886474609,5.96458101272583,36900681
2017-04-07,6.803959846496582,7.046619892120361,6.7199602127075195,6.906620025634766,6.0963921546936035,64037636
2017-04-10,6.859960079193115,6.953289985656738,6.654630184173584,6.729290008544922,5.939866065979004,32110380
2017-04-11,6.701290130615234,7.111959934234619,6.701290130615234,7.093289852142334,6.26116418838501,59205389
2017-04-12,7.037290096282959,7.373290061950684,6.971960067749023,7.037290096282959,6.211733818054199,55017912
2017-04-13,6.971960067749023,7.307960033416748,6.971960067749023,7.223959922790527,6.376504898071289,46880575
2017-04-18,7.214620113372803,7.298620223999023,6.999959945678711,7.149290084838867,6.31059455871582,54151679
2017-04-19,7.186620235443115,7.466619968414307,7.149290084838867,7.177289962768555,6.335309982299805,75752940
2017-04-20,7.261290073394775,7.354619979858398,7.074619770050049,7.223959922790527,6.376504898071289,42488136
2017-04-21,7.223959922790527,7.270619869232178,7.0652899742126465,7.186620235443115,6.343545913696289,45020733
2017-04-24,7.261290073394775,7.270619869232178,7.083960056304932,7.19596004486084,6.351789951324463,43440306
2017-04-25,7.19596004486084,7.307960033416748,7.1026201248168945,7.2799601554870605,6.425935745239258,60881665
2017-04-26,7.326620101928711,7.447959899902344,7.261290073394775,7.363959789276123,6.500081539154053,53320047
2017-04-27,7.3919501304626465,7.3919501304626465,7.046619892120361,7.055960178375244,6.228213787078857,56312247
2017-04-28,7.074619770050049,7.167960166931152,6.878620147705078,6.906620025634766,6.0963921546936035,54407317
2017-05-02,6.971960067749023,7.130620002746582,6.91595983505249,6.962619781494141,6.145823001861572,33105855
2017-05-04,6.990620136260986,7.046619892120361,6.6826300621032715,6.710629940032959,5.923394680023193,47678770
2017-05-05,6.710629940032959,6.962619781494141,6.673289775848389,6.7386298179626465,5.948110103607178,66047455
2017-05-08,6.803959846496582,6.897290229797363,6.766630172729492,6.869289875030518,6.063442230224609,32580853
2017-05-09,6.962619781494141,7.018620014190674,6.822629928588867,6.999959945678711,6.178783416748047,35200651
2017-05-10,7.027959823608398,7.233290195465088,6.953289985656738,7.1026201248168945,6.269399642944336,36848625
2017-05-11,7.19596004486084,7.19596004486084,6.943960189819336,7.083960056304932,6.252928256988525,15573302
2017-05-12,7.149290084838867,7.233290195465088,7.074619770050049,7.1586198806762695,6.3188300132751465,25173416
2017-05-15,7.167960166931152,7.233290195465088,7.0652899742126465,7.1586198806762695,6.3188300132751465,18754971
2017-05-16,7.177289962768555,7.177289962768555,7.027959823608398,7.074619770050049,6.244684219360352,16346624
2017-05-17,7.111959934234619,7.186620235443115,7.083960056304932,7.12129020690918,6.285879611968994,12675052
2017-05-18,7.055960178375244,7.261290073394775,6.999959945678711,7.214620113372803,6.368260860443115,32353044
2017-05-19,7.298620223999023,7.821290016174316,7.24261999130249,7.653289794921875,6.755468845367432,83672741
2017-05-22,7.727950096130371,7.877289772033691,7.587950229644775,7.699950218200684,6.796656131744385,48529881
2017-05-23,7.737289905548096,7.737289905548096,7.429289817810059,7.466619968414307,6.691153526306152,27546124
2017-05-24,7.447959899902344,7.774620056152344,7.354619979858398,7.699950218200684,6.90024995803833,55031656
2017-05-25,7.821290016174316,8.287949562072754,7.821290016174316,8.054619789123535,7.218084335327148,75665836
2017-05-26,8.11061954498291,8.241279602050781,7.8586201667785645,8.017290115356445,7.18463134765625,33780933
2017-05-29,8.101280212402344,8.950610160827637,8.073280334472656,8.773280143737793,7.862106800079346,102546145
2017-05-31,8.717280387878418,8.885279655456543,8.59595012664795,8.59595012664795,7.703193664550781,98725603
2017-06-01,8.689279556274414,9.025279998779297,8.59595012664795,8.7079496383667,7.803560733795166,73963929
2017-06-02,8.735950469970703,8.847949981689453,8.7079496383667,8.773280143737793,7.862106800079346,42496820
2017-06-05,8.773280143737793,9.183939933776855,8.689279556274414,9.16528034210205,8.213394165039062,62200834
2017-06-06,9.16528034210205,9.445280075073242,8.903949737548828,9.23993968963623,8.280299186706543,97008023
2017-06-07,9.333279609680176,9.370610237121582,9.12794017791748,9.16528034210205,8.213394165039062,43116613
2017-06-08,9.146610260009766,9.31460952758789,9.015950202941895,9.20261001586914,8.246848106384277,28679776
2017-06-09,9.20261001586914,9.20261001586914,8.72661018371582,8.847949981689453,7.92902135848999,39905720
2017-06-12,8.819950103759766,8.83860969543457,8.371950149536133,8.558609962463379,7.669731616973877,55942515
2017-06-13,8.623950004577637,8.903949737548828,8.605279922485352,8.773280143737793,7.862106800079346,34916461
2017-06-14,8.829279899597168,8.829279899597168,8.39995002746582,8.483949661254883,7.602824687957764,54547556
2017-06-15,8.493280410766602,8.539950370788574,8.259949684143066,8.306619644165039,7.443912506103516,39288684
2017-06-16,8.278619766235352,8.47461986541748,8.194620132446289,8.231949806213379,7.376997470855713,107652967
2017-06-19,8.231949806213379,8.549280166625977,8.231949806213379,8.315950393676758,7.452273845672607,34589816
2017-06-20,8.334620475769043,8.36262035369873,8.185279846191406,8.185279846191406,7.335174560546875,23142639
2017-06-21,8.175950050354004,8.390620231628418,8.007949829101562,8.147950172424316,7.301721572875977,27142513
2017-06-22,8.213279724121094,8.231949806213379,7.811950206756592,7.933290004730225,7.109355926513672,43603636
2017-06-23,8.026619911193848,8.157279968261719,7.839950084686279,8.138620376586914,7.293361186981201,38728233
2017-06-26,8.147950172424316,8.567950248718262,8.147950172424316,8.418620109558105,7.5442795753479,44933274
2017-06-27,8.418620109558105,8.586609840393066,8.250619888305664,8.32528018951416,7.460635185241699,40079869
2017-06-28,8.297280311584473,8.465279579162598,8.082619667053223,8.147950172424316,7.301721572875977,32995882
2017-06-29,8.287949562072754,8.409279823303223,8.231949806213379,8.36262035369873,7.4940972328186035,21373944
2017-06-30,8.32528018951416,8.530610084533691,8.213279724121094,8.446619987487793,7.569372653961182,30729602
2017-07-03,8.446619987487793,8.829279899597168,8.446619987487793,8.773280143737793,7.862106800079346,61640625
2017-07-04,8.847949981689453,8.941280364990234,8.315950393676758,8.558609962463379,7.669731616973877,49611911
2017-07-05,8.567950248718262,8.633279800415039,8.315950393676758,8.39995002746582,7.5275492668151855,40895635
2017-07-06,8.39995002746582,8.530610084533691,8.241279602050781,8.427949905395508,7.55264139175415,21899309
2017-07-07,8.390620231628418,8.502610206604004,8.297280311584473,8.306619644165039,7.443912506103516,33671489
2017-07-10,8.483949661254883,8.670610427856445,8.427949905395508,8.558609962463379,7.669731616973877,34787697
2017-07-11,8.642609596252441,8.679949760437012,8.549280166625977,8.633279800415039,7.736645698547363,32931073
2017-07-12,8.670610427856445,8.679949760437012,8.39995002746582,8.427949905395508,7.55264139175415,32700621
2017-07-13,8.465279579162598,8.567950248718262,8.43727970123291,8.455949783325195,7.577733516693115,28327965
2017-07-14,8.539950370788574,8.623950004577637,8.418620109558105,8.567950248718262,7.678102493286133,30390563
2017-07-17,8.623950004577637,8.745280265808105,8.521280288696289,8.605279922485352,7.711554050445557,18384803
2017-07-18,8.661279678344727,8.670610427856445,8.43727970123291,8.483949661254883,7.602824687957764,25247437
2017-07-19,8.483949661254883,8.623950004577637,8.446619987487793,8.623950004577637,7.728285789489746,17803457
2017-07-20,8.59595012664795,9.2772798538208,8.586609840393066,9.155940055847168,8.205024719238281,80029610
2017-07-21,9.286609649658203,9.305279731750488,8.95995044708252,8.95995044708252,8.029389381408691,26380870
2017-07-24,8.95995044708252,9.099949836730957,8.810609817504883,8.950610160827637,8.021018981933594,26182229
2017-07-25,8.931949615478516,8.99728012084961,8.72661018371582,8.866609573364258,7.945742130279541,29153189
2017-07-26,8.978610038757324,9.426609992980957,8.978610038757324,9.20261001586914,8.246848106384277,71901925
2017-07-27,9.426609992980957,9.91193962097168,9.333279609680176,9.818610191345215,8.798871040344238,125750018
2017-07-28,9.79994010925293,10.061300277709961,9.519940376281738,9.87460994720459,8.849054336547852,51123839
2017-07-31,9.967940330505371,10.266599655151367,9.669280052185059,10.191900253295898,9.133391380310059,49721722
2017-08-01,10.247900009155273,10.266599655151367,9.79994010925293,9.79994010925293,8.782139778137207,42710751
2017-08-02,9.893269538879395,9.930609703063965,9.538610458374023,9.72527027130127,8.715226173400879,42116895
2017-08-03,9.613269805908203,9.669280052185059,9.482609748840332,9.575940132141113,8.581403732299805,23542091
2017-08-04,9.72527027130127,9.855939865112305,9.575940132141113,9.613269805908203,8.614856719970703,16014231
2017-08-07,9.743940353393555,9.743940353393555,9.099949836730957,9.249279975891113,8.288670539855957,57483777
2017-08-08,9.16528034210205,9.575940132141113,9.155940055847168,9.426609992980957,8.447582244873047,31082764
2017-08-09,9.463939666748047,9.613269805908203,9.305279731750488,9.538610458374023,8.547951698303223,25023836
2017-08-10,9.538610458374023,9.575940132141113,9.258609771728516,9.389280319213867,8.414130210876465,27359586
2017-08-11,9.230609893798828,9.23993968963623,8.773280143737793,8.978610038757324,8.046111106872559,51443967
2017-08-14,9.043950080871582,9.16528034210205,8.791950225830078,8.885279655456543,7.962474822998047,37019197
2017-08-15,8.941280364990234,8.95995044708252,8.605279922485352,8.633279800415039,7.736645698547363,35803016
2017-08-16,8.679949760437012,8.754610061645508,8.502610206604004,8.717280387878418,7.811923027038574,39355366
2017-08-17,8.754610061645508,8.987950325012207,8.642609596252441,8.83860969543457,7.920650959014893,33582676
2017-08-18,8.76395034790039,8.76395034790039,8.483949661254883,8.539950370788574,7.653008937835693,24427426
2017-08-21,8.689279556274414,8.99728012084961,8.605279922485352,8.92261028289795,7.995927810668945,56955659
2017-08-22,9.099949836730957,9.538610458374023,9.015950202941895,9.07194995880127,8.129755973815918,98844827
2017-08-23,9.07194995880127,9.07194995880127,9.07194995880127,9.07194995880127,8.129755973815918,0
2017-08-24,9.286609649658203,9.538610458374023,9.286609649658203,9.426609992980957,8.447582244873047,66992546
2017-08-25,9.519940376281738,9.538610458374023,9.20261001586914,9.23993968963623,8.280299186706543,38091225
2017-08-28,9.32394027709961,9.501279830932617,9.20261001586914,9.221280097961426,8.263577461242676,34866433
2017-08-29,9.258609771728516,9.333279609680176,9.006609916687012,9.025279998779297,8.087933540344238,41748083
2017-08-30,9.090609550476074,9.501279830932617,9.090609550476074,9.389280319213867,8.414130210876465,56379279
2017-08-31,9.930609703063965,9.949270248413086,9.650609970092773,9.706609725952148,8.698502540588379,63315480
2017-09-01,9.79994010925293,10.117300033569336,9.687939643859863,10.098600387573242,9.049781799316406,77162789
2017-09-04,10.061300277709961,10.191900253295898,9.79994010925293,10.098600387573242,9.049781799316406,56733320
2017-09-05,10.098600387573242,10.509300231933594,10.079899787902832,10.453300476074219,9.367643356323242,94630566
2017-09-06,10.35990047454834,10.490599632263184,10.229299545288086,10.378600120544434,9.300702095031738,51504931
2017-09-07,10.565299987792969,11.162599563598633,10.546600341796875,11.050600051879883,9.902907371520996,108809964
2017-09-08,11.125300407409668,11.293299674987793,10.919899940490723,11.143899917602539,9.986517906188965,83573718
2017-09-11,11.237299919128418,11.498600006103516,11.181300163269043,11.349300384521484,10.170585632324219,68978188
2017-09-12,11.44260025024414,11.44260025024414,11.199899673461914,11.293299674987793,10.120402336120605,44164874
2017-09-13,11.330599784851074,11.40530014038086,10.975899696350098,11.330599784851074,10.153828620910645,68990104
2017-09-14,11.40530014038086,12.021300315856934,11.38659954071045,11.927900314331055,10.689094543457031,93747531
2017-09-15,11.871899604797363,12.898599624633789,11.722599983215332,12.655900001525879,11.341485977172852,146681773
2017-09-18,12.693300247192383,14.055899620056152,12.693300247192383,13.253299713134766,11.87684154510498,156746494
2017-09-19,13.253299713134766,13.645299911499023,12.599900245666504,13.290599822998047,11.91026782989502,146970810
2017-09-20,13.290599822998047,13.383899688720703,12.95460033416748,13.19729995727539,11.82665729522705,65521204
2017-09-21,13.19729995727539,13.421299934387207,13.010600090026855,13.159899711608887,11.793142318725586,43445414
2017-09-22,12.861300468444824,12.861300468444824,12.375900268554688,12.674599647521973,11.513538360595703,60206863
2017-09-25,12.338600158691406,12.394599914550781,11.255900382995605,11.293299674987793,10.258771896362305,119107482
2017-09-26,11.050600051879883,11.834600448608398,10.826600074768066,11.330599784851074,10.292654991149902,82478599
2017-09-27,11.55459976196289,12.058600425720215,11.479900360107422,11.946599960327148,10.852227210998535,55610965
2017-09-28,11.946599960327148,11.98390007019043,11.461299896240234,11.461299896240234,10.411381721496582,33202717
2017-09-29,11.5733003616333,11.703900337219238,11.330599784851074,11.591899871826172,10.53001880645752,20436719
2017-10-03,11.479900360107422,11.871899604797363,11.44260025024414,11.666600227355957,10.597875595092773,38494337
2017-10-04,11.759900093078613,12.637299537658691,11.759900093078613,12.506600379943848,11.360928535461426,46014954
2017-10-06,12.525300025939941,12.767900466918945,12.263899803161621,12.319899559020996,11.191329002380371,45254461
2017-10-09,12.039899826049805,12.263899803161621,11.797300338745117,12.039899826049805,10.936979293823242,43717565
2017-10-10,12.002599716186523,12.394599914550781,12.002599716186523,12.133299827575684,11.021822929382324,26368885
2017-10-11,12.133299827575684,12.24530029296875,11.610600471496582,11.778599739074707,10.699615478515625,39209161
2017-10-12,11.778599739074707,12.039899826049805,11.44260025024414,12.002599716186523,10.903096199035645,34579304
2017-10-13,12.09589958190918,12.170599937438965,11.871899604797363,12.039899826049805,10.936979293823242,25015920
2017-10-16,12.133299827575684,12.170599937438965,11.647899627685547,11.778599739074707,10.699615478515625,23841347
2017-10-17,11.797300338745117,11.871899604797363,11.479900360107422,11.498600006103516,10.44526481628418,20204495
2017-10-18,11.610600471496582,12.133299827575684,11.44260025024414,11.909299850463867,10.818343162536621,36699574
2017-10-19,12.09589958190918,12.11460018157959,11.44260025024414,11.479900360107422,10.428277969360352,31381542
2017-10-20,11.722599983215332,11.834600448608398,11.5733003616333,11.647899627685547,10.580887794494629,34284055
2017-10-23,11.778599739074707,11.98390007019043,11.535900115966797,11.703900337219238,10.631758689880371,20776698
2017-10-24,11.815899848937988,12.95460033416748,11.741299629211426,12.487899780273438,11.343939781188965,102410774
2017-10-25,12.581299781799316,12.879899978637695,12.22659969329834,12.319899559020996,11.191329002380371,50869355
2017-10-26,12.263899803161621,12.543899536132812,12.058600425720215,12.077300071716309,10.970953941345215,31729989
2017-10-27,12.133299827575684,12.207900047302246,11.31190013885498,11.479900360107422,10.428277969360352,68450516
2017-10-30,11.610600471496582,11.610600471496582,11.106599807739258,11.42389965057373,10.377408027648926,31739450
2017-10-31,11.5733003616333,11.815899848937988,11.367899894714355,11.535900115966797,10.479148864746094,27129474
2017-11-01,11.703900337219238,11.909299850463867,11.2746000289917,11.349300384521484,10.309642791748047,33806944
2017-11-02,11.535900115966797,11.5733003616333,11.237299919128418,11.31190013885498,10.275668144226074,24203143
2017-11-03,11.44260025024414,11.479900360107422,11.293299674987793,11.349300384521484,10.309642791748047,18475385
2017-11-06,11.42389965057373,11.42389965057373,10.901300430297852,11.125300407409668,10.106162071228027,61435785
2017-11-07,11.349300384521484,11.68529987335205,11.181300163269043,11.610600471496582,10.547005653381348,52819620
2017-11-08,11.535900115966797,11.5733003616333,11.218600273132324,11.38659954071045,10.343525886535645,44237895
2017-11-09,11.51729965209961,11.666600227355957,11.367899894714355,11.51729965209961,10.462252616882324,30720286
2017-11-10,11.5733003616333,11.610600471496582,11.293299674987793,11.461299896240234,10.411381721496582,33153075
2017-11-13,12.767900466918945,12.767900466918945,12.077300071716309,12.11460018157959,11.004837036132812,103624577
2017-11-14,12.319899559020996,12.338600158691406,11.871899604797363,12.021300315856934,10.920083999633789,33987840
2017-11-15,12.021300315856934,12.021300315856934,11.666600227355957,11.759900093078613,10.682629585266113,28409535
2017-11-16,11.722599983215332,12.133299827575684,11.55459976196289,12.058600425720215,10.953967094421387,35422962
2017-11-17,12.22659969329834,12.319899559020996,12.058600425720215,12.11460018157959,11.004837036132812,37865041
2017-11-20,12.11460018157959,12.431900024414062,11.965299606323242,12.189299583435059,11.07269287109375,31680283
2017-11-21,12.189299583435059,12.319899559020996,12.039899826049805,12.263899803161621,11.140459060668945,42100868
2017-11-22,12.413299560546875,12.562600135803223,12.22659969329834,12.319899559020996,11.191329002380371,46414922
2017-11-23,12.394599914550781,12.413299560546875,11.890600204467773,11.98390007019043,10.886109352111816,30661212
2017-11-24,12.11460018157959,12.338600158691406,11.946599960327148,12.22659969329834,11.106575965881348,32572270
2017-11-27,12.282600402832031,12.319899559020996,11.759900093078613,11.815899848937988,10.733498573303223,26828597
2017-11-28,11.610600471496582,12.002599716186523,11.349300384521484,11.909299850463867,10.818343162536621,28653986
2017-11-29,12.09589958190918,12.09589958190918,11.666600227355957,11.98390007019043,10.886109352111816,24458788
2017-11-30,11.797300338745117,11.927900314331055,11.461299896240234,11.479900360107422,10.428277969360352,45780136
2017-12-01,11.666600227355957,12.207900047302246,11.647899627685547,12.021300315856934,10.920083999633789,317593354
2017-12-04,12.021300315856934,12.562600135803223,11.815899848937988,12.394599914550781,11.259186744689941,121739830
2017-12-05,12.394599914550781,12.487899780273438,12.021300315856934,12.11460018157959,11.004837036132812,37114846
2017-12-06,12.11460018157959,12.151900291442871,11.461299896240234,11.68529987335205,10.614863395690918,64001997
2017-12-07,11.834600448608398,11.834600448608398,11.125300407409668,11.461299896240234,10.411381721496582,61413968
2017-12-08,11.461299896240234,12.133299827575684,11.237299919128418,12.11460018157959,11.004837036132812,76721969
2017-12-11,12.133299827575684,12.207900047302246,11.703900337219238,11.98390007019043,10.886109352111816,38377729
2017-12-12,11.815899848937988,12.09589958190918,11.759900093078613,11.815899848937988,10.733498573303223,16442918
2017-12-13,11.909299850463867,12.021300315856934,11.722599983215332,11.927900314331055,10.835240364074707,16715923
2017-12-14,11.871899604797363,12.469300270080566,11.871899604797363,12.431900024414062,11.293069839477539,50151643
2017-12-15,12.394599914550781,12.599900245666504,12.039899826049805,12.170599937438965,11.055706024169922,51568696
2017-12-18,12.170599937438965,12.282600402832031,12.002599716186523,12.282600402832031,11.15744686126709,21774534
2017-12-19,12.133299827575684,12.319899559020996,12.058600425720215,12.24530029296875,11.123563766479492,21239200
2017-12-20,12.207900047302246,12.22659969329834,11.815899848937988,11.909299850463867,10.818343162536621,24220949
2017-12-21,11.797300338745117,12.207900047302246,11.797300338745117,12.189299583435059,11.07269287109375,28666843
2017-12-22,12.207900047302246,12.506600379943848,12.189299583435059,12.506600379943848,11.360928535461426,28983193
2017-12-27,12.562600135803223,13.49590015411377,12.543899536132812,13.215900421142578,12.00525188446045,72708093
2017-12-28,13.271900177001953,14.429200172424316,13.253299713134766,14.261199951171875,12.954795837402344,111241203
2017-12-29,14.298600196838379,14.33590030670166,13.850600242614746,13.906599998474121,12.632678985595703,43170550
2018-01-02,13.887900352478027,15.2878999710083,13.887900352478027,15.063899993896484,13.683964729309082,111352287
2018-01-03,15.213199615478516,15.2878999710083,14.746600151062012,14.914600372314453,13.548340797424316,70460942
2018-01-04,14.839900016784668,15.026599884033203,14.354599952697754,14.485199928283691,13.158276557922363,63107294
2018-01-05,14.559900283813477,15.381199836730957,14.46660041809082,15.13860034942627,13.751821517944336,73469611
2018-01-08,15.306599617004395,16.61319923400879,15.306599617004395,16.25860023498535,14.7692232131958,92525516
2018-01-09,16.25860023498535,16.53860092163086,16.090599060058594,16.165199279785156,14.684378623962402,55840240
2018-01-10,16.27720069885254,17.4158992767334,16.239900588989258,17.247900009155273,15.667899131774902,83056334
2018-01-11,17.1919002532959,17.882600784301758,16.575899124145508,17.1919002532959,15.61702823638916,60547860
2018-01-12,17.359899520874023,17.63990020751953,16.967899322509766,17.07990074157715,15.515288352966309,41156303
2018-01-15,17.285200119018555,17.30389976501465,16.090599060058594,16.10919952392578,14.633508682250977,72964785
2018-01-16,16.0718994140625,16.949199676513672,16.03459930419922,16.594600677490234,15.074443817138672,76188006
2018-01-17,15.493200302124023,15.866600036621094,15.381199836730957,15.679900169372559,14.243534088134766,755238138
2018-01-18,15.847900390625,16.015899658203125,15.2878999710083,15.418600082397461,14.006172180175781,102738068
2018-01-19,15.325200080871582,16.295900344848633,15.325200080871582,15.903900146484375,14.447015762329102,128232713
2018-01-22,15.866600036621094,16.295900344848633,15.791899681091309,15.997200012207031,14.531768798828125,95509840
2018-01-23,16.1466007232666,16.239900588989258,15.773200035095215,15.885199546813965,14.430028915405273,88979546
2018-01-24,15.82919979095459,15.922599792480469,15.511899948120117,15.661199569702148,14.226548194885254,48386277
2018-01-25,15.493200302124023,15.642600059509277,15.026599884033203,15.362600326538086,13.955303192138672,74225800
2018-01-26,15.567899703979492,15.978599548339844,15.25059986114502,15.773200035095215,14.328289031982422,70704402
2018-01-29,15.791899681091309,15.997200012207031,15.11989974975586,15.15719985961914,13.768716812133789,77949093
2018-01-30,15.306599617004395,15.698599815368652,15.213199615478516,15.530599594116211,14.107912063598633,69606896
2018-01-31,15.399900436401367,15.71720027923584,15.13860034942627,15.698599815368652,14.26052188873291,68797180
2018-02-01,15.866600036621094,15.997200012207031,15.381199836730957,15.399900436401367,13.989185333251953,51710994
2018-02-02,15.399900436401367,15.82919979095459,15.15719985961914,15.642600059509277,14.209651947021484,47436701
2018-02-05,15.04520034790039,15.455900192260742,15.00790023803711,15.231900215148926,13.83657455444336,56164774
2018-02-06,14.615900039672852,14.653200149536133,13.533300399780273,13.533300399780273,12.293575286865234,180544938
2018-02-07,14.186599731445312,14.354599952697754,12.599900245666504,12.991900444030762,11.801770210266113,191816673
2018-02-08,13.309300422668457,13.701299667358398,12.95460033416748,13.122599601745605,11.92049789428711,105717865
2018-02-09,12.413299560546875,12.543899536132812,11.871899604797363,12.24530029296875,11.123563766479492,157348295
2018-02-12,12.506600379943848,12.543899536132812,12.039899826049805,12.24530029296875,11.123563766479492,92130589
2018-02-13,12.506600379943848,12.82390022277832,12.22659969329834,12.263899803161621,11.140459060668945,102136010
2018-02-14,12.431900024414062,12.525300025939941,11.965299606323242,12.450599670410156,11.310056686401367,80575573
2018-02-15,12.711899757385254,13.06659984588623,12.711899757385254,12.93589973449707,11.750901222229004,68097832
2018-02-20,13.02929973602295,13.103899955749512,12.506600379943848,12.674599647521973,11.513538360595703,71422051
2018-02-21,12.674599647521973,13.458600044250488,12.599900245666504,13.383899688720703,12.157861709594727,72411176
2018-02-22,13.159899711608887,13.533300399780273,12.93589973449707,13.215900421142578,12.00525188446045,96075141
2018-02-23,13.533300399780273,14.074600219726562,13.383899688720703,14.037199974060059,12.75131607055664,85647430
2018-02-26,14.261199951171875,14.279899597167969,13.570599555969238,13.831899642944336,12.564821243286133,61146524
2018-02-27,14.093199729919434,14.130599975585938,13.19729995727539,13.290599822998047,12.073108673095703,82135033
2018-02-28,13.159899711608887,13.253299713134766,12.9173002243042,13.141300201416016,11.937484741210938,57242392
2018-03-01,12.879899978637695,13.439900398254395,12.861300468444824,13.365300178527832,12.140966415405273,34730370
2018-03-02,12.991900444030762,13.178600311279297,12.9173002243042,13.010600090026855,11.818758010864258,32054582
2018-03-05,13.19729995727539,13.49590015411377,12.805299758911133,12.861300468444824,11.683135032653809,47626805
2018-03-06,13.215900421142578,13.402600288391113,12.730600357055664,13.346599578857422,12.123978614807129,60909977
2018-03-07,13.122599601745605,13.514599800109863,12.991900444030762,13.141300201416016,11.937484741210938,38070830
2018-03-08,13.253299713134766,13.73859977722168,13.19729995727539,13.60789966583252,12.36134147644043,48048572
2018-03-09,13.813199996948242,14.167900085449219,13.775899887084961,13.906599998474121,12.632678985595703,76755517
2018-03-12,14.186599731445312,14.31719970703125,13.906599998474121,13.981200218200684,12.700445175170898,56970084
2018-03-13,14.018600463867188,14.242600440979004,13.775899887084961,13.962599754333496,12.683548927307129,37748802
2018-03-14,13.981200218200684,14.2052001953125,13.925200462341309,14.2052001953125,12.903926849365234,62410181
2018-03-15,14.093199729919434,14.839900016784668,13.962599754333496,14.765199661254883,13.412627220153809,87021733
2018-03-16,14.914600372314453,15.530599594116211,14.746600151062012,15.455900192260742,14.040056228637695,203308962
2018-03-19,15.549200057983398,15.586600303649902,14.9891996383667,15.11989974975586,13.734833717346191,65012262
2018-03-20,14.933199882507324,15.343899726867676,14.559900283813477,15.17590045928955,13.785704612731934,109898452
2018-03-21,15.325200080871582,16.10919952392578,15.231900215148926,15.362600326538086,13.955303192138672,149370450
2018-03-22,15.605199813842773,15.922599792480469,15.231900215148926,15.325200080871582,13.921327590942383,92447279
2018-03-23,14.46660041809082,14.9891996383667,14.186599731445312,14.503899574279785,13.175263404846191,128777523
2018-03-26,14.46660041809082,15.101200103759766,14.186599731445312,15.026599884033203,13.650081634521484,70513659
2018-03-27,15.399900436401367,15.773200035095215,15.399900436401367,15.567899703979492,14.14179515838623,75441196
2018-03-28,15.567899703979492,15.661199569702148,15.04520034790039,15.04520034790039,13.666977882385254,53421677
2018-03-29,15.213199615478516,15.418600082397461,14.485199928283691,15.082599639892578,13.700950622558594,61598931
2018-04-03,14.802599906921387,14.970600128173828,14.485199928283691,14.839900016784668,13.480484008789062,37147271
2018-04-04,15.063899993896484,15.194600105285645,14.485199928283691,14.485199928283691,13.158276557922363,35791096
2018-04-06,14.57859992980957,14.783900260925293,14.354599952697754,14.690600395202637,13.344861030578613,30509111
2018-04-09,14.746600151062012,14.914600372314453,14.44789981842041,14.746600151062012,13.395730972290039,43285178
2018-04-10,14.765199661254883,15.885199546813965,14.746600151062012,15.623900413513184,14.192666053771973,104325583
2018-04-11,15.679900169372559,16.053199768066406,15.586600303649902,15.623900413513184,14.192666053771973,68774716
2018-04-12,15.773200035095215,15.773200035095215,15.306599617004395,15.586600303649902,14.158782958984375,30144321
2018-04-13,15.679900169372559,15.791899681091309,15.194600105285645,15.437199592590332,14.02306842803955,29594782
2018-04-16,15.437199592590332,15.455900192260742,14.709199905395508,14.839900016784668,13.480484008789062,56013540
2018-04-17,14.933199882507324,14.9891996383667,14.373200416564941,14.485199928283691,13.158276557922363,63995522
2018-04-18,14.821200370788574,14.858599662780762,14.093199729919434,14.522600173950195,13.19225025177002,52143427
2018-04-19,14.653200149536133,15.00790023803711,14.46660041809082,14.821200370788574,13.463497161865234,44758849
2018-04-20,14.765199661254883,14.802599906921387,14.46660041809082,14.559900283813477,13.226133346557617,26528870
2018-04-23,14.373200416564941,14.653200149536133,14.242600440979004,14.279899597167969,12.971782684326172,27433094
2018-04-24,14.279899597167969,15.231900215148926,14.279899597167969,15.17590045928955,13.785704612731934,64555359
2018-04-25,15.101200103759766,15.493200302124023,14.746600151062012,15.2878999710083,13.887445449829102,53484218
2018-04-26,15.381199836730957,15.455900192260742,14.727899551391602,14.87720012664795,13.514368057250977,31700228
2018-04-27,14.933199882507324,15.101200103759766,14.783900260925293,14.914600372314453,13.548340797424316,23763062
2018-04-30,14.970600128173828,15.2878999710083,14.914600372314453,15.13860034942627,13.751821517944336,26300583
2018-05-02,15.15719985961914,15.455900192260742,15.063899993896484,15.306599617004395,13.904431343078613,36886549
2018-05-03,14.933199882507324,15.04520034790039,14.57859992980957,14.802599906921387,13.446601867675781,70407896
2018-05-04,14.839900016784668,14.9891996383667,14.671899795532227,14.727899551391602,13.378743171691895,25434110
2018-05-07,14.802599906921387,14.914600372314453,14.46660041809082,14.727899551391602,13.378743171691895,23337042
2018-05-08,14.914600372314453,15.15719985961914,14.839900016784668,14.970600128173828,13.599210739135742,30257715
2018-05-09,15.063899993896484,15.213199615478516,14.895899772644043,15.082599639892578,13.700950622558594,22017912
2018-05-10,15.194600105285645,15.25059986114502,15.04520034790039,15.194600105285645,13.802692413330078,21386791
2018-05-11,15.381199836730957,15.381199836730957,15.13860034942627,15.306599617004395,13.904431343078613,38472740
2018-05-14,15.530599594116211,15.530599594116211,15.101200103759766,15.231900215148926,13.83657455444336,50784620
2018-05-15,15.399900436401367,15.679900169372559,15.306599617004395,15.511899948120117,14.090925216674805,65830652
2018-05-16,15.231900215148926,15.754599571228027,15.231900215148926,15.586600303649902,14.158782958984375,45443106
2018-05-17,15.754599571228027,15.754599571228027,15.511899948120117,15.605199813842773,14.175679206848145,27322610
2018-05-18,15.586600303649902,15.735899925231934,15.530599594116211,15.605199813842773,14.175679206848145,42036129
2018-05-21,15.493200302124023,15.586600303649902,15.25059986114502,15.269200325012207,14.148714065551758,22077956
2018-05-23,15.399900436401367,15.399900436401367,14.709199905395508,14.746600151062012,13.66446304321289,51783655
2018-05-24,14.690600395202637,14.933199882507324,14.559900283813477,14.895899772644043,13.802807807922363,23244489
2018-05-25,14.746600151062012,15.04520034790039,14.727899551391602,14.839900016784668,13.750917434692383,24554764
2018-05-28,14.970600128173828,14.9891996383667,14.783900260925293,14.87720012664795,13.785479545593262,18689982
2018-05-29,14.765199661254883,14.87720012664795,14.46660041809082,14.46660041809082,13.405010223388672,46856389
2018-05-30,14.46660041809082,14.485199928283691,13.925200462341309,14.167900085449219,13.128229141235352,72921512
2018-05-31,14.46660041809082,14.46660041809082,14.055899620056152,14.354599952697754,13.301228523254395,224229690
2018-06-01,14.373200416564941,14.690600395202637,14.33590030670166,14.634599685668945,13.56068229675293,35290954
2018-06-04,14.951899528503418,15.399900436401367,14.802599906921387,15.362600326538086,14.235260009765625,61881445
2018-06-05,15.549200057983398,15.941200256347656,15.231900215148926,15.866600036621094,14.702274322509766,78910279
2018-06-06,15.941200256347656,16.183900833129883,15.866600036621094,16.0718994140625,14.892508506774902,68086529
2018-06-07,16.25860023498535,16.295900344848633,16.053199768066406,16.127899169921875,14.9443998336792,42911332
2018-06-08,16.127899169921875,16.1466007232666,15.810600280761719,16.090599060058594,14.909836769104004,56979116
2018-06-11,16.399999618530273,16.920000076293945,16.239999771118164,16.68000030517578,15.455986022949219,42595792
2018-06-12,16.65999984741211,16.920000076293945,16.520000457763672,16.799999237060547,15.567180633544922,28040429
2018-06-13,16.6200008392334,16.920000076293945,16.34000015258789,16.420000076293945,15.215065002441406,26452965
2018-06-14,16.6200008392334,16.639999389648438,16.0,16.139999389648438,14.955611228942871,29959322
2018-06-15,16.040000915527344,16.559999465942383,16.040000915527344,16.200000762939453,15.011210441589355,43182473
2018-06-19,15.680000305175781,15.899999618530273,15.34000015258789,15.640000343322754,14.492303848266602,56951175
2018-06-20,15.699999809265137,16.040000915527344,15.5,15.739999771118164,14.584964752197266,31683205
2018-06-21,15.779999732971191,16.200000762939453,15.520000457763672,15.520000457763672,14.381110191345215,40276913
2018-06-22,15.4399995803833,15.800000190734863,15.279999732971191,15.640000343322754,14.492303848266602,40147464
2018-06-25,15.84000015258789,15.880000114440918,14.699999809265137,14.739999771118164,13.658347129821777,84236562
2018-06-26,14.680000305175781,14.680000305175781,13.600000381469727,13.760000228881836,12.750262260437012,149756523
2018-06-27,13.760000228881836,13.859999656677246,12.600000381469727,12.739999771118164,11.805110931396484,144476516
2018-06-28,12.460000038146973,12.859999656677246,12.15999984741211,12.399999618530273,11.490060806274414,129366212
2018-06-29,12.460000038146973,13.819999694824219,12.460000038146973,13.800000190734863,12.787325859069824,176587117
2018-07-03,13.399999618530273,13.539999961853027,12.699999809265137,13.5,12.509342193603516,133162720
2018-07-04,13.319999694824219,13.34000015258789,12.4399995803833,12.720000267028809,11.786579132080078,93829652
2018-07-05,12.539999961853027,13.220000267028809,12.5,12.979999542236328,12.027499198913574,68591201
2018-07-06,12.979999542236328,13.180000305175781,12.5,12.920000076293945,11.971902847290039,64617323
2018-07-09,13.199999809265137,13.5,13.079999923706055,13.180000305175781,12.212823867797852,54463080
2018-07-10,13.359999656677246,13.380000114440918,12.880000114440918,13.260000228881836,12.286953926086426,56880846
2018-07-11,12.720000267028809,12.880000114440918,12.600000381469727,12.819999694824219,11.879240036010742,55625400
2018-07-12,12.779999732971191,13.279999732971191,12.699999809265137,13.239999771118164,12.268420219421387,51583929
2018-07-13,13.399999618530273,13.5,12.960000038146973,13.020000457763672,12.064565658569336,34349338
2018-07-16,12.920000076293945,12.979999542236328,12.460000038146973,12.739999771118164,11.805110931396484,45029681
2018-07-17,12.5,12.720000267028809,12.279999732971191,12.359999656677246,11.452997207641602,52533004
2018-07-18,12.5,12.680000305175781,12.300000190734863,12.520000457763672,11.601255416870117,50061089
2018-07-19,12.5600004196167,12.65999984741211,12.079999923706055,12.319999694824219,11.415931701660156,45108135
2018-07-20,12.220000267028809,12.680000305175781,11.640000343322754,12.65999984741211,11.730981826782227,97356324
2018-07-23,12.800000190734863,12.800000190734863,12.399999618530273,12.5600004196167,11.638319969177246,39268946
2018-07-24,12.5600004196167,13.100000381469727,12.520000457763672,13.0,12.046031951904297,49830013
2018-07-25,13.140000343322754,13.520000457763672,13.0,13.479999542236328,12.490808486938477,54358026
2018-07-26,13.619999885559082,13.680000305175781,13.079999923706055,13.279999732971191,12.305484771728516,42915904
2018-07-27,13.140000343322754,13.4399995803833,12.9399995803833,13.119999885559082,12.157225608825684,36912581
2018-07-30,12.600000381469727,12.680000305175781,12.0600004196167,12.140000343322754,11.249141693115234,115757464
2018-07-31,11.819999694824219,12.220000267028809,11.720000267028809,12.15999984741211,11.26767349243164,54847619
2018-08-01,12.199999809265137,12.199999809265137,11.100000381469727,11.359999656677246,10.52637767791748,109956823
2018-08-02,11.100000381469727,11.319999694824219,11.0,11.020000457763672,10.211329460144043,78268118
2018-08-03,11.0600004196167,11.220000267028809,10.539999961853027,10.880000114440918,10.081603050231934,89946160
2018-08-06,10.880000114440918,11.380000114440918,10.619999885559082,10.899999618530273,10.10013484954834,67586903
2018-08-07,11.140000343322754,11.65999984741211,10.880000114440918,11.600000381469727,10.748766899108887,96605154
2018-08-08,11.720000267028809,11.880000114440918,11.239999771118164,11.420000076293945,10.581974983215332,58645648
2018-08-09,11.180000305175781,11.899999618530273,11.15999984741211,11.760000228881836,10.897026062011719,35957352
2018-08-10,11.800000190734863,12.4399995803833,11.720000267028809,11.859999656677246,10.9896879196167,93547826
2018-08-13,11.5,11.65999984741211,11.260000228881836,11.420000076293945,10.581974983215332,50314797
2018-08-14,11.539999961853027,11.600000381469727,10.9399995803833,11.220000267028809,10.396652221679688,46354468
2018-08-15,11.180000305175781,11.399999618530273,10.880000114440918,10.920000076293945,10.118667602539062,45997359
2018-08-16,10.619999885559082,11.460000038146973,10.600000381469727,11.239999771118164,10.415184020996094,57483654
2018-08-17,11.619999885559082,11.619999885559082,10.960000038146973,11.100000381469727,10.2854585647583,48813658
2018-08-20,11.079999923706055,11.34000015258789,11.039999961853027,11.34000015258789,10.507845878601074,47620602
2018-08-21,11.399999618530273,12.359999656677246,11.239999771118164,12.239999771118164,11.341802597045898,107898903
2018-08-22,12.180000305175781,12.380000114440918,11.899999618530273,12.239999771118164,11.341802597045898,81018839
2018-08-23,12.239999771118164,12.279999732971191,11.9399995803833,12.0600004196167,11.175012588500977,39513298
2018-08-24,11.979999542236328,12.0,11.720000267028809,11.84000015258789,10.971155166625977,30159075
2018-08-27,12.079999923706055,12.300000190734863,11.920000076293945,12.140000343322754,11.249141693115234,63865291
2018-08-28,12.100000381469727,12.119999885559082,11.619999885559082,11.739999771118164,10.878493309020996,59818140
2018-08-29,11.800000190734863,12.0,11.65999984741211,11.899999618530273,11.026751518249512,41805513
2018-08-30,11.899999618530273,12.079999923706055,11.739999771118164,11.819999694824219,10.952622413635254,26964665
2018-08-31,11.680000305175781,11.960000038146973,11.619999885559082,11.680000305175781,10.822896957397461,47661032
2018-09-03,11.779999732971191,11.779999732971191,11.119999885559082,11.399999618530273,10.563443183898926,49789306
2018-09-04,11.4399995803833,11.640000343322754,11.279999732971191,11.600000381469727,10.748766899108887,27864465
2018-09-05,11.479999542236328,11.720000267028809,10.979999542236328,11.100000381469727,10.2854585647583,60944654
2018-09-06,10.979999542236328,11.279999732971191,10.699999809265137,10.880000114440918,10.081603050231934,59205470
2018-09-07,10.800000190734863,11.140000343322754,10.600000381469727,10.800000190734863,10.00747299194336,50674354
2018-09-10,10.65999984741211,10.760000228881836,10.399999618530273,10.600000381469727,9.822149276733398,39312156
2018-09-11,10.479999542236328,10.800000190734863,10.460000038146973,10.600000381469727,9.822149276733398,46041441
2018-09-12,10.34000015258789,10.5,10.020000457763672,10.300000190734863,9.739130020141602,51821106
2018-09-13,10.600000381469727,10.960000038146973,10.520000457763672,10.899999618530273,10.306458473205566,48208100
2018-09-14,11.020000457763672,11.0600004196167,10.739999771118164,10.979999542236328,10.382102012634277,40674359
2018-09-17,10.779999732971191,10.899999618530273,10.680000305175781,10.720000267028809,10.136260032653809,18647015
2018-09-18,10.619999885559082,10.9399995803833,10.5,10.880000114440918,10.28754711151123,24560082
2018-09-19,10.979999542236328,11.34000015258789,10.800000190734863,11.100000381469727,10.49556827545166,50146945
2018-09-20,11.279999732971191,11.319999694824219,10.819999694824219,10.979999542236328,10.382102012634277,27117006
2018-09-21,11.15999984741211,11.520000457763672,10.920000076293945,11.479999542236328,10.854875564575195,57640943
2018-09-24,11.100000381469727,11.199999809265137,10.5600004196167,10.84000015258789,10.249726295471191,46999478
2018-09-26,10.579999923706055,10.760000228881836,10.4399995803833,10.619999885559082,10.041705131530762,62341476
2018-09-27,10.640000343322754,10.640000343322754,10.34000015258789,10.420000076293945,9.852596282958984,35747959
2018-09-28,10.420000076293945,10.5,9.800000190734863,9.869999885559082,9.332545280456543,79214212
2018-10-02,9.979999542236328,10.039999961853027,9.5,9.609999656677246,9.086702346801758,58236503
2018-10-03,9.399999618530273,9.979999542236328,9.399999618530273,9.720000267028809,9.190712928771973,43556224
2018-10-04,9.65999984741211,9.720000267028809,9.300000190734863,9.579999923706055,9.05833625793457,43289554
2018-10-05,9.460000038146973,9.720000267028809,9.430000305175781,9.699999809265137,9.171802520751953,33538554
2018-10-08,9.699999809265137,9.75,9.020000457763672,9.050000190734863,8.557197570800781,68824902
2018-10-09,9.020000457763672,9.079999923706055,8.640000343322754,8.930000305175781,8.443732261657715,73302934
2018-10-10,8.979999542236328,9.050000190734863,8.520000457763672,8.59000015258789,8.122245788574219,62788174
2018-10-11,8.0,8.229999542236328,7.849999904632568,7.980000019073486,7.545462131500244,105246300
2018-10-12,8.130000114440918,8.520000457763672,8.029999732971191,8.460000038146973,7.999324798583984,77562811
2018-10-15,8.359999656677246,8.359999656677246,7.860000133514404,7.889999866485596,7.460362911224365,52032537
2018-10-16,8.029999732971191,8.300000190734863,7.980000019073486,8.180000305175781,7.734571933746338,57872513
2018-10-18,8.180000305175781,8.25,7.920000076293945,8.0,7.564373016357422,39745589
2018-10-19,7.900000095367432,8.399999618530273,7.880000114440918,8.229999542236328,7.781848430633545,70300410
2018-10-22,8.350000381469727,8.550000190734863,8.25,8.350000381469727,7.895315170288086,69163081
2018-10-23,8.300000190734863,8.319999694824219,7.860000133514404,7.900000095367432,7.469818592071533,51598904
2018-10-24,8.0,8.25,7.849999904632568,8.0,7.564373016357422,35810620
2018-10-25,7.78000020980835,8.369999885559082,7.710000038146973,8.350000381469727,7.895315170288086,74580868
2018-10-26,8.399999618530273,8.84000015258789,8.25,8.350000381469727,7.895315170288086,70633886
2018-10-29,8.470000267028809,8.600000381469727,8.229999542236328,8.350000381469727,7.895315170288086,47264351
2018-10-30,8.3100004196167,8.34000015258789,8.0,8.229999542236328,7.781848430633545,40295296
2018-10-31,8.34000015258789,8.5600004196167,8.220000267028809,8.390000343322754,7.933136463165283,38130998
2018-11-01,8.609999656677246,9.229999542236328,8.609999656677246,9.15999984741211,8.66120719909668,121175797
2018-11-02,9.600000381469727,9.6899995803833,9.25,9.520000457763672,9.001605033874512,85268947
2018-11-05,9.199999809265137,9.270000457763672,8.859999656677246,9.020000457763672,8.528831481933594,55198466
2018-11-06,9.109999656677246,9.130000114440918,8.829999923706055,9.039999961853027,8.547741889953613,30021755
2018-11-07,8.920000076293945,9.25,8.899999618530273,9.029999732971191,8.538285255432129,28081936
2018-11-08,9.220000267028809,9.25,9.010000228881836,9.0600004196167,8.566652297973633,26799964
2018-11-09,8.90999984741211,9.010000228881836,8.649999618530273,8.6899995803833,8.216800689697266,39595458
2018-11-12,8.680000305175781,8.890000343322754,8.600000381469727,8.739999771118164,8.264077186584473,18164930
2018-11-13,8.550000190734863,8.880000114440918,8.550000190734863,8.880000114440918,8.396454811096191,21582228
2018-11-14,8.949999809265137,9.180000305175781,8.869999885559082,8.949999809265137,8.462641716003418,33408417
2018-11-15,8.989999771118164,9.229999542236328,8.880000114440918,9.199999809265137,8.699028968811035,44159768
2018-11-16,9.199999809265137,9.239999771118164,9.020000457763672,9.130000114440918,8.632841110229492,34160912
2018-11-19,9.199999809265137,9.380000114440918,9.149999618530273,9.380000114440918,8.86922836303711,45331868
2018-11-20,9.239999771118164,9.350000381469727,9.050000190734863,9.229999542236328,8.727395057678223,30192697
2018-11-21,9.100000381469727,9.770000457763672,9.0600004196167,9.680000305175781,9.152892112731934,65335314
2018-11-22,9.5,9.670000076293945,9.170000076293945,9.34000015258789,8.831405639648438,75048849
2018-11-23,9.319999694824219,9.319999694824219,8.989999771118164,9.020000457763672,8.528831481933594,51928456
2018-11-26,9.15999984741211,9.34000015258789,9.029999732971191,9.239999771118164,8.73685073852539,41922182
2018-11-27,9.130000114440918,9.210000038146973,9.0600004196167,9.130000114440918,8.632841110229492,24627722
2018-11-28,9.130000114440918,9.449999809265137,9.09000015258789,9.399999618530273,8.888137817382812,44365794
2018-11-29,9.520000457763672,9.670000076293945,9.399999618530273,9.470000267028809,8.954326629638672,45066576
2018-11-30,9.5600004196167,9.670000076293945,9.430000305175781,9.619999885559082,9.096158981323242,57754819
2018-12-03,9.90999984741211,9.960000038146973,9.75,9.789999961853027,9.256901741027832,53343507
2018-12-04,9.789999961853027,9.84000015258789,9.569999694824219,9.720000267028809,9.190712928771973,29768081
2018-12-05,9.529999732971191,9.720000267028809,9.510000228881836,9.670000076293945,9.14343547821045,21466349
2018-12-06,9.510000228881836,9.600000381469727,9.15999984741211,9.319999694824219,8.812494277954102,41222872
2018-12-07,9.319999694824219,9.529999732971191,9.220000267028809,9.239999771118164,8.73685073852539,22901217
2018-12-10,9.210000038146973,9.260000228881836,9.0,9.0600004196167,8.566652297973633,23567919
2018-12-11,9.079999923706055,9.279999732971191,9.069999694824219,9.15999984741211,8.66120719909668,16771735
2018-12-12,9.289999961853027,9.470000267028809,9.199999809265137,9.449999809265137,8.935415267944336,38585702
2018-12-13,9.510000228881836,9.850000381469727,9.460000038146973,9.800000190734863,9.266357421875,49031353
2018-12-14,9.699999809265137,9.760000228881836,9.579999923706055,9.600000381469727,9.077248573303223,20994403
2018-12-17,9.619999885559082,9.680000305175781,9.420000076293945,9.5,8.98269271850586,17749287
2018-12-18,9.369999885559082,9.640000343322754,9.180000305175781,9.1899995803833,8.689573287963867,31641281
2018-12-19,9.300000190734863,9.390000343322754,9.1899995803833,9.229999542236328,8.727395057678223,16547184
2018-12-20,9.229999542236328,9.359999656677246,9.050000190734863,9.170000076293945,8.670662879943848,16267636
2018-12-21,9.180000305175781,9.220000267028809,8.899999618530273,9.100000381469727,8.604475021362305,28103844
2018-12-24,9.100000381469727,9.170000076293945,8.899999618530273,9.050000190734863,8.557197570800781,9246778
2018-12-27,9.1899995803833,9.210000038146973,8.819999694824219,8.890000343322754,8.405909538269043,17552205
2018-12-28,9.0,9.109999656677246,8.880000114440918,8.960000038146973,8.472098350524902,14933956
2018-12-31,9.100000381469727,9.59000015258789,9.0,9.529999732971191,9.011058807373047,32249473
2019-01-02,9.630000114440918,9.630000114440918,8.899999618530273,8.949999809265137,8.462641716003418,43341320
2019-01-03,8.930000305175781,9.100000381469727,8.5600004196167,8.600000381469727,8.131701469421387,45358075
2019-01-04,8.520000457763672,9.079999923706055,8.460000038146973,9.0600004196167,8.566652297973633,36969269
2019-01-07,9.300000190734863,9.300000190734863,9.100000381469727,9.199999809265137,8.699028968811035,27332828
2019-01-08,9.300000190734863,9.300000190734863,8.9399995803833,9.010000228881836,8.519375801086426,33847497
2019-01-09,9.1899995803833,9.289999961853027,9.050000190734863,9.140000343322754,8.642295837402344,38644696
2019-01-10,9.130000114440918,9.279999732971191,9.039999961853027,9.199999809265137,8.699028968811035,31750935
2019-01-11,9.199999809265137,9.369999885559082,9.149999618530273,9.359999656677246,8.850316047668457,36082971
2019-01-14,9.300000190734863,9.3100004196167,9.069999694824219,9.079999923706055,8.585563659667969,20534802
2019-01-15,9.170000076293945,9.460000038146973,9.029999732971191,9.449999809265137,8.935415267944336,39950849
2019-01-16,9.449999809265137,9.850000381469727,9.34000015258789,9.779999732971191,9.247446060180664,72066416
2019-01-17,9.75,9.869999885559082,9.350000381469727,9.4399995803833,8.925960540771484,55120628
2019-01-18,9.720000267028809,9.800000190734863,9.600000381469727,9.710000038146973,9.181258201599121,49818601
2019-01-21,9.829999923706055,9.899999618530273,9.649999618530273,9.829999923706055,9.294722557067871,30971509
2019-01-22,9.859999656677246,9.859999656677246,9.449999809265137,9.619999885559082,9.096158981323242,24892232
2019-01-23,9.609999656677246,9.770000457763672,9.5,9.619999885559082,9.096158981323242,24150801
2019-01-24,9.75,9.75,9.520000457763672,9.739999771118164,9.209624290466309,23204569
2019-01-25,9.760000228881836,10.279999732971191,9.649999618530273,10.279999732971191,9.720218658447266,91849677
2019-01-28,10.300000190734863,10.479999542236328,10.100000381469727,10.319999694824219,9.758041381835938,55476363
2019-01-29,10.199999809265137,10.359999656677246,10.100000381469727,10.260000228881836,9.701309204101562,31255281
2019-01-30,10.479999542236328,11.0600004196167,10.220000267028809,10.760000228881836,10.17408275604248,101843441
2019-01-31,10.800000190734863,11.079999923706055,10.800000190734863,11.079999923706055,10.476656913757324,75279050
2019-02-01,11.199999809265137,11.239999771118164,10.899999618530273,11.079999923706055,10.476656913757324,41288927
2019-02-04,10.899999618530273,11.119999885559082,10.779999732971191,11.0600004196167,10.457746505737305,15416272
2019-02-08,10.859999656677246,11.399999618530273,10.779999732971191,11.300000190734863,10.684677124023438,35622775
2019-02-11,11.300000190734863,11.300000190734863,10.979999542236328,11.220000267028809,10.609033584594727,25830579
2019-02-12,11.220000267028809,11.239999771118164,10.960000038146973,11.079999923706055,10.476656913757324,30701595
2019-02-13,11.199999809265137,11.300000190734863,11.0,11.199999809265137,10.59012222290039,29193834
2019-02-14,11.020000457763672,11.180000305175781,10.680000305175781,10.84000015258789,10.249726295471191,65040880
2019-02-15,10.779999732971191,10.779999732971191,10.239999771118164,10.479999542236328,9.90932846069336,73831178
2019-02-18,10.640000343322754,10.699999809265137,10.479999542236328,10.5600004196167,9.984972953796387,35049798
2019-02-19,10.680000305175781,10.739999771118164,10.4399995803833,10.520000457763672,9.947150230407715,27286840
2019-02-20,10.640000343322754,10.739999771118164,10.34000015258789,10.520000457763672,9.947150230407715,48447446
2019-02-21,10.579999923706055,10.800000190734863,10.4399995803833,10.579999923706055,10.003883361816406,44900039
2019-02-22,10.579999923706055,10.760000228881836,10.420000076293945,10.760000228881836,10.17408275604248,41994005
2019-02-25,10.800000190734863,11.020000457763672,10.699999809265137,10.859999656677246,10.268635749816895,38891302
2019-02-26,10.979999542236328,11.100000381469727,10.600000381469727,10.699999809265137,10.117348670959473,34515076
2019-02-27,10.720000267028809,10.720000267028809,10.359999656677246,10.460000038146973,9.89041805267334,34559103
2019-02-28,10.539999961853027,10.5600004196167,10.279999732971191,10.34000015258789,9.776952743530273,30546063
2019-03-01,10.319999694824219,10.699999809265137,10.199999809265137,10.65999984741211,10.079526901245117,41179484
2019-03-04,10.720000267028809,11.079999923706055,10.65999984741211,10.880000114440918,10.28754711151123,69125414
2019-03-05,10.899999618530273,11.399999618530273,10.699999809265137,11.260000228881836,10.646855354309082,84978305
2019-03-06,11.319999694824219,11.739999771118164,11.319999694824219,11.420000076293945,10.798142433166504,84494299
2019-03-07,11.520000457763672,11.640000343322754,11.140000343322754,11.199999809265137,10.59012222290039,43583971
2019-03-08,11.0,11.199999809265137,10.460000038146973,10.619999885559082,10.041705131530762,70195956
2019-03-11,10.579999923706055,10.720000267028809,10.399999618530273,10.600000381469727,10.022794723510742,49204869
2019-03-12,10.699999809265137,11.15999984741211,10.699999809265137,11.0600004196167,10.457746505737305,57503195
2019-03-13,11.119999885559082,11.180000305175781,10.920000076293945,11.100000381469727,10.49556827545166,30470497
2019-03-14,11.180000305175781,11.65999984741211,11.0,11.140000343322754,10.533390045166016,68822643
2019-03-15,11.239999771118164,11.460000038146973,11.119999885559082,11.300000190734863,10.684677124023438,61694465
2019-03-18,11.460000038146973,11.899999618530273,11.420000076293945,11.680000305175781,11.043985366821289,128347375
2019-03-19,11.800000190734863,12.359999656677246,11.720000267028809,12.020000457763672,11.365470886230469,124351704
2019-03-20,11.960000038146973,12.199999809265137,11.760000228881836,12.119999885559082,11.460025787353516,88084394
2019-03-21,12.34000015258789,12.539999961853027,12.15999984741211,12.199999809265137,11.535669326782227,100890737
2019-03-22,12.399999618530273,12.5600004196167,12.100000381469727,12.199999809265137,11.535669326782227,52786608
2019-03-25,11.899999618530273,12.079999923706055,11.800000190734863,12.0,11.346559524536133,29189059
2019-03-26,12.199999809265137,12.199999809265137,11.859999656677246,11.960000038146973,11.308737754821777,27048770
2019-03-27,12.039999961853027,12.260000228881836,11.899999618530273,12.15999984741211,11.497846603393555,37865387
2019-03-28,12.15999984741211,12.279999732971191,11.960000038146973,12.100000381469727,11.44111442565918,24608480
2019-03-29,12.180000305175781,12.460000038146973,12.020000457763672,12.260000228881836,11.592402458190918,60182092
2019-04-01,12.5600004196167,12.800000190734863,12.420000076293945,12.460000038146973,11.781511306762695,82693141
2019-04-02,12.479999542236328,12.579999923706055,12.300000190734863,12.399999618530273,11.724778175354004,46860139
2019-04-03,12.420000076293945,12.680000305175781,12.359999656677246,12.460000038146973,11.781511306762695,49287133
2019-04-04,12.539999961853027,12.600000381469727,12.079999923706055,12.199999809265137,11.535669326782227,60273310
2019-04-08,12.300000190734863,12.640000343322754,12.279999732971191,12.5600004196167,11.876066207885742,63661067
2019-04-09,12.65999984741211,13.300000190734863,12.600000381469727,13.279999732971191,12.556859016418457,82437090
2019-04-10,13.300000190734863,13.380000114440918,13.020000457763672,13.260000228881836,12.537948608398438,65036312
2019-04-11,13.279999732971191,13.279999732971191,12.960000038146973,13.0,12.292106628417969,51796646
2019-04-12,12.979999542236328,13.220000267028809,12.880000114440918,13.15999984741211,12.44339370727539,30643731
2019-04-15,13.319999694824219,13.5600004196167,13.180000305175781,13.239999771118164,12.519037246704102,49076164
2019-04-16,13.180000305175781,13.220000267028809,12.720000267028809,13.15999984741211,12.44339370727539,60704413
2019-04-17,13.199999809265137,13.199999809265137,12.859999656677246,12.9399995803833,12.235373497009277,32770134
2019-04-18,12.9399995803833,13.140000343322754,12.819999694824219,12.9399995803833,12.235373497009277,22691957
2019-04-23,12.739999771118164,12.779999732971191,12.239999771118164,12.5600004196167,11.876066207885742,58617012
2019-04-24,12.779999732971191,12.9399995803833,12.520000457763672,12.600000381469727,11.913887977600098,63168687
2019-04-25,12.600000381469727,12.880000114440918,12.34000015258789,12.399999618530273,11.724778175354004,38654773
2019-04-26,12.539999961853027,12.859999656677246,12.359999656677246,12.420000076293945,11.74368953704834,51061751
2019-04-29,12.680000305175781,12.739999771118164,12.479999542236328,12.699999809265137,12.008442878723145,29445672
2019-04-30,12.5,12.739999771118164,12.479999542236328,12.640000343322754,11.951709747314453,21066779
2019-05-02,12.319999694824219,12.84000015258789,12.319999694824219,12.680000305175781,11.989531517028809,15324518
2019-05-03,12.420000076293945,12.779999732971191,12.420000076293945,12.739999771118164,12.046263694763184,13296854
2019-05-06,12.359999656677246,12.359999656677246,11.920000076293945,12.239999771118164,11.573490142822266,56590386
2019-05-07,12.260000228881836,12.520000457763672,12.180000305175781,12.319999694824219,11.649133682250977,26914878
2019-05-08,12.0,12.260000228881836,11.920000076293945,12.0600004196167,11.40329360961914,31602545
2019-05-09,12.0,12.100000381469727,11.65999984741211,11.680000305175781,11.043985366821289,48045360
2019-05-10,11.739999771118164,12.100000381469727,11.640000343322754,11.920000076293945,11.270915985107422,39187346
2019-05-14,11.460000038146973,11.760000228881836,11.420000076293945,11.640000343322754,11.006163597106934,51095656
2019-05-15,11.5,11.800000190734863,11.479999542236328,11.760000228881836,11.11962890625,34169138
2019-05-16,11.5,11.920000076293945,11.5,11.760000228881836,11.11962890625,25226641
2019-05-17,11.84000015258789,11.859999656677246,11.260000228881836,11.319999694824219,10.703588485717773,34063712
2019-05-20,11.319999694824219,11.399999618530273,10.800000190734863,11.119999885559082,10.51447868347168,48962396
2019-05-21,11.0,11.119999885559082,10.760000228881836,10.84000015258789,10.57780933380127,37720261
2019-05-22,11.0,11.0,10.680000305175781,10.819999694824219,10.558292388916016,24975929
2019-05-23,10.739999771118164,10.739999771118164,10.460000038146973,10.579999923706055,10.324097633361816,32731725
2019-05-24,10.699999809265137,10.699999809265137,10.4399995803833,10.5600004196167,10.304581642150879,17803446
2019-05-27,10.5600004196167,10.739999771118164,10.520000457763672,10.640000343322754,10.382646560668945,18598206
2019-05-28,10.65999984741211,10.920000076293945,10.600000381469727,10.819999694824219,10.558292388916016,41539825
2019-05-29,10.640000343322754,10.800000190734863,10.5600004196167,10.699999809265137,10.441194534301758,18075421
2019-05-30,10.699999809265137,10.739999771118164,10.460000038146973,10.579999923706055,10.324097633361816,30559615
2019-05-31,10.5600004196167,10.779999732971191,10.479999542236328,10.600000381469727,10.343613624572754,25266594
2019-06-03,10.600000381469727,10.600000381469727,10.300000190734863,10.5,10.24603271484375,34238916
2019-06-04,10.5,10.539999961853027,10.34000015258789,10.4399995803833,10.187482833862305,20035478
2019-06-05,10.619999885559082,10.699999809265137,10.520000457763672,10.5600004196167,10.304581642150879,21789474
2019-06-06,10.300000190734863,10.640000343322754,10.300000190734863,10.539999961853027,10.285064697265625,20361588
2019-06-10,10.600000381469727,11.140000343322754,10.600000381469727,10.979999542236328,10.714422225952148,47274247
2019-06-11,11.0,11.239999771118164,10.960000038146973,11.119999885559082,10.851036071777344,28788729
2019-06-12,11.079999923706055,11.079999923706055,10.819999694824219,10.899999618530273,10.636357307434082,36212900
2019-06-13,10.920000076293945,11.5,10.859999656677246,11.460000038146973,11.182812690734863,75566515
2019-06-14,11.180000305175781,11.640000343322754,11.180000305175781,11.460000038146973,11.182812690734863,191216700
2019-06-17,11.479999542236328,11.600000381469727,11.119999885559082,11.220000267028809,10.948617935180664,37878530
2019-06-18,11.399999618530273,11.399999618530273,11.0,11.279999732971191,11.007165908813477,20683648
2019-06-19,11.579999923706055,11.619999885559082,11.34000015258789,11.520000457763672,11.241361618041992,27577019
2019-06-20,11.579999923706055,11.84000015258789,11.4399995803833,11.800000190734863,11.514589309692383,30944148
2019-06-21,11.800000190734863,11.899999618530273,11.619999885559082,11.800000190734863,11.514589309692383,26729437
2019-06-24,11.84000015258789,12.239999771118164,11.739999771118164,11.960000038146973,11.670719146728516,28456058
2019-06-25,12.119999885559082,12.199999809265137,11.720000267028809,11.819999694824219,11.534104347229004,27872812
2019-06-26,11.739999771118164,11.800000190734863,11.640000343322754,11.760000228881836,11.475556373596191,17278993
2019-06-27,11.979999542236328,11.979999542236328,11.720000267028809,11.859999656677246,11.573137283325195,18508647
2019-06-28,11.819999694824219,11.880000114440918,11.720000267028809,11.880000114440918,11.59265422821045,19401116
2019-07-02,12.039999961853027,12.199999809265137,11.960000038146973,12.0,11.70975112915039,36563068
2019-07-03,11.899999618530273,12.180000305175781,11.800000190734863,11.9399995803833,11.651202201843262,26133838
2019-07-04,12.079999923706055,12.300000190734863,11.800000190734863,11.979999542236328,11.690235137939453,25165073
2019-07-05,11.880000114440918,12.039999961853027,11.779999732971191,11.859999656677246,11.573137283325195,18963896
2019-07-08,11.65999984741211,11.760000228881836,11.420000076293945,11.479999542236328,11.2023286819458,40387546
2019-07-09,11.399999618530273,11.520000457763672,11.15999984741211,11.239999771118164,10.968133926391602,36716537
2019-07-10,11.300000190734863,11.539999961853027,11.260000228881836,11.380000114440918,11.104747772216797,23051871
2019-07-11,11.600000381469727,11.640000343322754,11.420000076293945,11.460000038146973,11.182812690734863,16326497
2019-07-12,11.15999984741211,11.640000343322754,11.15999984741211,11.420000076293945,11.143779754638672,25314366
2019-07-15,11.319999694824219,11.479999542236328,11.119999885559082,11.4399995803833,11.16329574584961,16191360
2019-07-16,11.359999656677246,11.5,11.239999771118164,11.420000076293945,11.143779754638672,34223118
2019-07-17,11.359999656677246,11.460000038146973,11.279999732971191,11.420000076293945,11.143779754638672,24286891
2019-07-18,11.279999732971191,11.380000114440918,11.15999984741211,11.260000228881836,10.987649917602539,26644388
2019-07-19,11.359999656677246,11.460000038146973,11.300000190734863,11.359999656677246,11.085230827331543,20448716
2019-07-22,11.279999732971191,11.300000190734863,11.079999923706055,11.140000343322754,10.870553016662598,24266005
2019-07-23,11.239999771118164,11.239999771118164,10.800000190734863,10.899999618530273,10.636357307434082,39057630
2019-07-24,11.020000457763672,11.180000305175781,10.960000038146973,11.0,10.733939170837402,17499796
2019-07-25,11.100000381469727,11.199999809265137,11.020000457763672,11.15999984741211,10.890069007873535,18421657
2019-07-26,11.0600004196167,11.180000305175781,10.979999542236328,11.079999923706055,10.812004089355469,20498385
2019-07-29,10.960000038146973,11.0600004196167,10.739999771118164,10.880000114440918,10.616841316223145,23814134
2019-07-30,10.819999694824219,10.960000038146973,10.779999732971191,10.880000114440918,10.616841316223145,14213285
2019-07-31,10.720000267028809,10.760000228881836,10.539999961853027,10.680000305175781,10.42167854309082,16722665
2019-08-01,10.600000381469727,10.699999809265137,10.319999694824219,10.380000114440918,10.128934860229492,43817614
2019-08-02,10.119999885559082,10.220000267028809,10.039999961853027,10.140000343322754,9.894740104675293,47671170
2019-08-05,9.979999542236328,10.039999961853027,9.630000114440918,9.800000190734863,9.562963485717773,43284940
2019-08-06,9.630000114440918,9.75,9.390000343322754,9.710000038146973,9.475140571594238,47519744
2019-08-07,9.710000038146973,9.890000343322754,9.710000038146973,9.869999885559082,9.631270408630371,33382947
2019-08-08,9.829999923706055,10.0600004196167,9.729999542236328,9.850000381469727,9.611754417419434,21634759
2019-08-09,9.699999809265137,9.880000114440918,9.65999984741211,9.6899995803833,9.455623626708984,19976495
2019-08-12,9.699999809265137,9.770000457763672,9.600000381469727,9.600000381469727,9.367801666259766,16372781
2019-08-13,9.369999885559082,9.520000457763672,9.3100004196167,9.350000381469727,9.123847961425781,39298646
2019-08-14,9.600000381469727,9.600000381469727,9.25,9.300000190734863,9.075057029724121,29618215
2019-08-15,9.289999961853027,9.479999542236328,9.210000038146973,9.420000076293945,9.192154884338379,41145041
2019-08-16,9.369999885559082,9.550000190734863,9.25,9.449999809265137,9.221428871154785,23767298
2019-08-19,9.680000305175781,10.119999885559082,9.619999885559082,10.0,9.758126258850098,63958938
2019-08-20,9.899999618530273,9.960000038146973,9.720000267028809,9.819999694824219,9.582479476928711,29258096
2019-08-21,9.819999694824219,10.039999961853027,9.720000267028809,10.0,9.758126258850098,24018047
2019-08-22,10.0,10.0600004196167,9.8100004196167,9.899999618530273,9.660544395446777,40175566
2019-08-23,9.800000190734863,9.880000114440918,9.489999771118164,9.600000381469727,9.367801666259766,48695074
2019-08-26,9.149999618530273,9.729999542236328,9.149999618530273,9.729999542236328,9.494656562805176,56571394
2019-08-27,10.0,10.260000228881836,10.0,10.100000381469727,9.855708122253418,83196020
2019-08-28,10.199999809265137,10.199999809265137,9.8100004196167,9.890000343322754,9.650787353515625,38057439
2019-08-29,9.989999771118164,9.989999771118164,9.65999984741211,9.829999923706055,9.59223747253418,42621249
2019-08-30,9.930000305175781,9.930000305175781,9.680000305175781,9.75,9.514172554016113,33323367
2019-09-02,9.75,9.859999656677246,9.680000305175781,9.819999694824219,9.582479476928711,14448901
2019-09-03,9.680000305175781,9.880000114440918,9.680000305175781,9.800000190734863,9.562963485717773,14834179
2019-09-04,9.920000076293945,10.479999542236328,9.850000381469727,10.399999618530273,10.14845085144043,73981904
2019-09-05,10.34000015258789,10.600000381469727,10.15999984741211,10.319999694824219,10.070385932922363,34307094
2019-09-06,10.539999961853027,10.65999984741211,10.300000190734863,10.359999656677246,10.109417915344238,23110576
2019-09-09,10.460000038146973,10.5,10.199999809265137,10.260000228881836,10.01183795928955,15000188
2019-09-10,10.380000114440918,10.380000114440918,10.119999885559082,10.220000267028809,9.97280502319336,13796811
2019-09-11,10.300000190734863,10.5,10.220000267028809,10.460000038146973,10.206999778747559,24658746
2019-09-12,10.399999618530273,10.399999618530273,10.180000305175781,10.260000228881836,10.260000228881836,21549408
2019-09-13,10.319999694824219,10.520000457763672,10.199999809265137,10.5,10.5,18883217
2019-09-16,10.199999809265137,10.460000038146973,10.199999809265137,10.420000076293945,10.420000076293945,21389441
2019-09-17,10.34000015258789,10.34000015258789,10.140000343322754,10.260000228881836,10.260000228881836,17942613
2019-09-18,10.199999809265137,10.34000015258789,10.15999984741211,10.199999809265137,10.199999809265137,16122266
2019-09-19,10.260000228881836,10.300000190734863,10.039999961853027,10.119999885559082,10.119999885559082,12951276
2019-09-20,10.239999771118164,10.260000228881836,10.100000381469727,10.140000343322754,10.140000343322754,18792902
2019-09-23,10.220000267028809,10.220000267028809,9.920000076293945,9.979999542236328,9.979999542236328,17390119
2019-09-24,10.119999885559082,10.119999885559082,9.890000343322754,9.930000305175781,9.930000305175781,19651912
2019-09-25,10.039999961853027,10.039999961853027,9.779999732971191,9.859999656677246,9.859999656677246,20786553
2019-09-26,9.880000114440918,10.0600004196167,9.800000190734863,9.949999809265137,9.949999809265137,16131132
2019-09-27,9.979999542236328,9.979999542236328,9.710000038146973,9.869999885559082,9.869999885559082,14609669
2019-09-30,9.800000190734863,10.0600004196167,9.800000190734863,9.930000305175781,9.930000305175781,18418419
2019-10-02,9.819999694824219,10.140000343322754,9.819999694824219,9.960000038146973,9.960000038146973,20120834
2019-10-03,9.829999923706055,10.15999984741211,9.829999923706055,10.100000381469727,10.100000381469727,22020848
2019-10-04,10.140000343322754,10.5600004196167,10.0600004196167,10.380000114440918,10.380000114440918,43078219
2019-10-08,10.5,10.600000381469727,10.260000228881836,10.34000015258789,10.34000015258789,26066478
2019-10-09,10.300000190734863,10.579999923706055,10.199999809265137,10.359999656677246,10.359999656677246,26399839
2019-10-10,10.34000015258789,10.4399995803833,10.239999771118164,10.300000190734863,10.300000190734863,20122829
2019-10-11,10.479999542236328,10.579999923706055,10.399999618530273,10.479999542236328,10.479999542236328,39071544
2019-10-14,10.720000267028809,10.720000267028809,10.420000076293945,10.520000457763672,10.520000457763672,22811538
2019-10-15,10.600000381469727,10.619999885559082,10.4399995803833,10.600000381469727,10.600000381469727,21201410
2019-10-16,10.4399995803833,10.819999694824219,10.4399995803833,10.779999732971191,10.779999732971191,36666423
2019-10-17,10.800000190734863,10.880000114440918,10.720000267028809,10.859999656677246,10.859999656677246,20561819
2019-10-18,10.899999618530273,11.0600004196167,10.779999732971191,10.84000015258789,10.84000015258789,25480418
2019-10-21,10.800000190734863,10.899999618530273,10.739999771118164,10.760000228881836,10.760000228881836,16418499
2019-10-22,10.880000114440918,10.880000114440918,10.579999923706055,10.65999984741211,10.65999984741211,19293228
2019-10-23,10.579999923706055,10.720000267028809,10.5,10.680000305175781,10.680000305175781,27071743
2019-10-24,10.760000228881836,10.800000190734863,10.699999809265137,10.760000228881836,10.760000228881836,23271075
2019-10-25,10.699999809265137,10.760000228881836,10.65999984741211,10.680000305175781,10.680000305175781,10955432
2019-10-28,10.960000038146973,10.960000038146973,10.739999771118164,10.84000015258789,10.84000015258789,21222094
2019-10-29,10.84000015258789,10.899999618530273,10.760000228881836,10.859999656677246,10.859999656677246,14139056
2019-10-30,10.800000190734863,10.880000114440918,10.699999809265137,10.800000190734863,10.800000190734863,15898203
2019-10-31,10.859999656677246,10.9399995803833,10.739999771118164,10.920000076293945,10.920000076293945,22121726
2019-11-01,10.619999885559082,11.239999771118164,10.619999885559082,11.140000343322754,11.140000343322754,36798384
2019-11-04,11.140000343322754,11.539999961853027,11.119999885559082,11.5,11.5,38630451
2019-11-05,11.579999923706055,11.720000267028809,11.420000076293945,11.619999885559082,11.619999885559082,27961473
2019-11-06,11.5,11.699999809265137,11.5,11.680000305175781,11.680000305175781,15969993
2019-11-07,11.5600004196167,11.699999809265137,11.520000457763672,11.640000343322754,11.640000343322754,13354637
2019-11-08,11.5,11.680000305175781,11.479999542236328,11.5600004196167,11.5600004196167,17285524
2019-11-11,11.5600004196167,11.5600004196167,11.0600004196167,11.119999885559082,11.119999885559082,29104189
2019-11-12,11.300000190734863,11.420000076293945,11.199999809265137,11.239999771118164,11.239999771118164,15916986
2019-11-13,11.0,11.079999923706055,10.819999694824219,10.9399995803833,10.9399995803833,20787439
2019-11-14,10.960000038146973,10.960000038146973,10.699999809265137,10.84000015258789,10.84000015258789,20144404
2019-11-15,10.899999618530273,10.960000038146973,10.739999771118164,10.779999732971191,10.779999732971191,11693132
2019-11-18,10.760000228881836,11.0,10.699999809265137,10.920000076293945,10.920000076293945,14842538
2019-11-19,10.819999694824219,11.239999771118164,10.819999694824219,11.180000305175781,11.180000305175781,18937808
2019-11-20,11.020000457763672,11.180000305175781,10.9399995803833,11.0600004196167,11.0600004196167,13925274
2019-11-21,10.899999618530273,10.979999542236328,10.720000267028809,10.880000114440918,10.880000114440918,18776211
2019-11-22,10.920000076293945,11.039999961853027,10.779999732971191,10.880000114440918,10.880000114440918,9992885
2019-11-25,10.979999542236328,11.359999656677246,10.979999542236328,11.279999732971191,11.279999732971191,29612232
2019-11-26,11.359999656677246,11.460000038146973,11.220000267028809,11.319999694824219,11.319999694824219,41610256
2019-11-27,11.319999694824219,11.359999656677246,11.079999923706055,11.239999771118164,11.239999771118164,10741820
2019-11-28,11.260000228881836,11.279999732971191,11.079999923706055,11.239999771118164,11.239999771118164,9951273
2019-11-29,11.119999885559082,11.199999809265137,10.819999694824219,10.899999618530273,10.899999618530273,22671321
2019-12-02,11.079999923706055,11.279999732971191,10.979999542236328,11.199999809265137,11.199999809265137,18638539
2019-12-03,11.079999923706055,11.199999809265137,10.920000076293945,11.140000343322754,11.140000343322754,11145444
2019-12-04,10.819999694824219,11.079999923706055,10.819999694824219,10.979999542236328,10.979999542236328,16299293
2019-12-05,11.079999923706055,11.119999885559082,10.84000015258789,11.0,11.0,18584976
2019-12-06,11.0,11.180000305175781,11.0,11.140000343322754,11.140000343322754,13234557
2019-12-09,11.239999771118164,11.5600004196167,11.180000305175781,11.319999694824219,11.319999694824219,18930585
2019-12-10,11.359999656677246,11.5,11.239999771118164,11.359999656677246,11.359999656677246,11493092
2019-12-11,11.380000114440918,11.539999961853027,11.260000228881836,11.479999542236328,11.479999542236328,16774352
2019-12-12,11.579999923706055,11.65999984741211,11.520000457763672,11.619999885559082,11.619999885559082,19319812
2019-12-13,11.819999694824219,11.9399995803833,11.760000228881836,11.84000015258789,11.84000015258789,35087894
2019-12-16,11.720000267028809,11.979999542236328,11.720000267028809,11.880000114440918,11.880000114440918,20364199
2019-12-17,11.960000038146973,12.239999771118164,11.899999618530273,12.15999984741211,12.15999984741211,29027338
2019-12-18,12.180000305175781,12.260000228881836,11.9399995803833,12.0600004196167,12.0600004196167,14779136
2019-12-19,12.15999984741211,12.15999984741211,11.760000228881836,11.9399995803833,11.9399995803833,13398972
2019-12-20,12.140000343322754,12.15999984741211,11.9399995803833,12.039999961853027,12.039999961853027,26228237
2019-12-23,12.039999961853027,12.15999984741211,11.960000038146973,12.100000381469727,12.100000381469727,12321739
2019-12-24,12.0,12.100000381469727,11.920000076293945,12.020000457763672,12.020000457763672,3096731
2019-12-27,12.180000305175781,12.539999961853027,12.180000305175781,12.4399995803833,12.4399995803833,24890038
2019-12-30,12.5600004196167,12.720000267028809,12.4399995803833,12.5600004196167,12.5600004196167,22420305
2019-12-31,12.539999961853027,12.579999923706055,12.359999656677246,12.479999542236328,12.479999542236328,11665488
2020-01-02,12.699999809265137,13.039999961853027,12.619999885559082,12.880000114440918,12.880000114440918,36936350
2020-01-03,13.0,13.0,12.5600004196167,12.579999923706055,12.579999923706055,31610090
2020-01-06,12.479999542236328,12.479999542236328,12.180000305175781,12.319999694824219,12.319999694824219,23181181
2020-01-07,12.359999656677246,12.600000381469727,12.300000190734863,12.4399995803833,12.4399995803833,19076839
2020-01-08,12.100000381469727,12.359999656677246,12.079999923706055,12.279999732971191,12.279999732971191,21004381
2020-01-09,12.359999656677246,12.520000457763672,12.319999694824219,12.5,12.5,14039655
2020-01-10,12.399999618530273,12.460000038146973,12.239999771118164,12.380000114440918,12.380000114440918,19318884
2020-01-13,12.5600004196167,12.5600004196167,12.220000267028809,12.260000228881836,12.260000228881836,25267809
2020-01-14,12.399999618530273,12.399999618530273,12.140000343322754,12.199999809265137,12.199999809265137,20405404
2020-01-15,12.199999809265137,12.300000190734863,12.020000457763672,12.0600004196167,12.0600004196167,17979725
2020-01-16,12.119999885559082,12.279999732971191,12.039999961853027,12.220000267028809,12.220000267028809,21548097
2020-01-17,12.100000381469727,12.220000267028809,11.960000038146973,12.079999923706055,12.079999923706055,19505474
2020-01-20,12.0,12.0600004196167,11.779999732971191,11.800000190734863,11.800000190734863,25149572
2020-01-21,11.739999771118164,11.760000228881836,11.260000228881836,11.319999694824219,11.319999694824219,36615110
2020-01-22,11.319999694824219,11.460000038146973,11.15999984741211,11.279999732971191,11.279999732971191,40554589
2020-01-23,11.119999885559082,11.239999771118164,10.84000015258789,10.9399995803833,10.9399995803833,37943668
2020-01-24,10.880000114440918,11.0,10.819999694824219,10.9399995803833,10.9399995803833,12899610
2020-01-29,10.319999694824219,10.539999961853027,10.260000228881836,10.300000190734863,10.300000190734863,46200299
2020-01-30,10.260000228881836,10.319999694824219,9.869999885559082,9.970000267028809,9.970000267028809,46762737
2020-01-31,10.15999984741211,10.15999984741211,9.880000114440918,9.960000038146973,9.960000038146973,31230452
2020-02-03,9.800000190734863,10.100000381469727,9.760000228881836,10.020000457763672,10.020000457763672,31204059
2020-02-04,10.0,10.239999771118164,9.960000038146973,10.199999809265137,10.199999809265137,37346112
2020-02-05,10.0,10.300000190734863,10.0,10.15999984741211,10.15999984741211,35731268
2020-02-06,10.199999809265137,10.520000457763672,10.039999961853027,10.380000114440918,10.380000114440918,38114932
2020-02-07,10.300000190734863,10.34000015258789,10.15999984741211,10.239999771118164,10.239999771118164,20915171
2020-02-10,10.100000381469727,10.34000015258789,10.079999923706055,10.279999732971191,10.279999732971191,20038120
2020-02-11,10.399999618530273,10.680000305175781,10.300000190734863,10.600000381469727,10.600000381469727,30299309
2020-02-12,10.5,10.84000015258789,10.5,10.720000267028809,10.720000267028809,28566591
2020-02-13,10.600000381469727,10.9399995803833,10.600000381469727,10.800000190734863,10.800000190734863,23682104
2020-02-14,10.819999694824219,11.0600004196167,10.760000228881836,11.020000457763672,11.020000457763672,24746034
2020-02-17,11.020000457763672,11.039999961853027,10.880000114440918,11.039999961853027,11.039999961853027,20783842
2020-02-18,10.800000190734863,10.819999694824219,10.640000343322754,10.760000228881836,10.760000228881836,29478119
2020-02-19,10.699999809265137,10.9399995803833,10.640000343322754,10.880000114440918,10.880000114440918,9712905
2020-02-20,10.800000190734863,10.84000015258789,10.619999885559082,10.720000267028809,10.720000267028809,25352850
2020-02-21,10.680000305175781,10.739999771118164,10.4399995803833,10.579999923706055,10.579999923706055,18220874
2020-02-24,10.5,10.520000457763672,10.300000190734863,10.34000015258789,10.34000015258789,21101845
2020-02-25,10.319999694824219,10.5600004196167,10.300000190734863,10.4399995803833,10.4399995803833,25218986
2020-02-26,10.359999656677246,10.680000305175781,10.239999771118164,10.539999961853027,10.539999961853027,27997256
2020-02-27,10.460000038146973,10.739999771118164,10.420000076293945,10.699999809265137,10.699999809265137,22266644
2020-02-28,10.380000114440918,10.520000457763672,10.220000267028809,10.319999694824219,10.319999694824219,43941666
2020-03-02,10.479999542236328,10.779999732971191,10.279999732971191,10.720000267028809,10.720000267028809,30523483
2020-03-03,10.899999618530273,10.899999618530273,10.600000381469727,10.65999984741211,10.65999984741211,23211187
2020-03-04,10.779999732971191,10.979999542236328,10.600000381469727,10.859999656677246,10.859999656677246,33002690
2020-03-05,10.899999618530273,10.979999542236328,10.699999809265137,10.899999618530273,10.899999618530273,20982854
2020-03-06,10.720000267028809,10.760000228881836,10.399999618530273,10.460000038146973,10.460000038146973,40876711
2020-03-09,10.079999923706055,10.220000267028809,9.800000190734863,9.84000015258789,9.84000015258789,65127570
2020-03-10,10.319999694824219,10.399999618530273,9.8100004196167,10.140000343322754,10.140000343322754,35755330
2020-03-11,10.279999732971191,10.300000190734863,9.970000267028809,10.039999961853027,10.039999961853027,22881509
2020-03-12,9.899999618530273,9.920000076293945,9.510000228881836,9.670000076293945,9.670000076293945,37693680
2020-03-13,8.729999542236328,9.699999809265137,8.649999618530273,9.489999771118164,9.489999771118164,70910037
2020-03-16,9.020000457763672,9.329999923706055,8.8100004196167,8.989999771118164,8.989999771118164,54609324
2020-03-17,9.5,9.699999809265137,8.529999732971191,8.680000305175781,8.680000305175781,71449610
2020-03-18,8.789999961853027,9.050000190734863,8.079999923706055,8.180000305175781,8.180000305175781,62659890
2020-03-19,8.0,8.229999542236328,7.360000133514404,7.929999828338623,7.929999828338623,80785465
2020-03-20,8.399999618530273,8.550000190734863,8.010000228881836,8.550000190734863,8.550000190734863,59721940
2020-03-23,7.949999809265137,8.220000267028809,7.809999942779541,7.880000114440918,7.880000114440918,53900203
2020-03-24,8.5,8.550000190734863,8.149999618530273,8.40999984741211,8.40999984741211,49084640
2020-03-25,8.699999809265137,8.970000267028809,8.510000228881836,8.859999656677246,8.859999656677246,43413885
2020-03-26,8.649999618530273,9.079999923706055,8.609999656677246,8.800000190734863,8.800000190734863,39817125
2020-03-27,9.119999885559082,9.279999732971191,8.960000038146973,9.09000015258789,9.09000015258789,40442918
2020-03-30,8.6899995803833,9.260000228881836,8.6899995803833,9.029999732971191,9.029999732971191,25573456
2020-03-31,9.279999732971191,9.449999809265137,9.039999961853027,9.380000114440918,9.380000114440918,34234136
2020-04-01,9.100000381469727,9.550000190734863,9.079999923706055,9.130000114440918,9.130000114440918,28036892
2020-04-02,8.859999656677246,9.300000190734863,8.859999656677246,9.270000457763672,9.270000457763672,27617400
2020-04-03,9.050000190734863,9.289999961853027,9.050000190734863,9.1899995803833,9.1899995803833,24286051
2020-04-06,9.5,9.5,9.020000457763672,9.40999984741211,9.40999984741211,24102025
2020-04-07,9.680000305175781,9.729999542236328,9.40999984741211,9.720000267028809,9.720000267028809,32850853
2020-04-08,9.720000267028809,9.720000267028809,9.430000305175781,9.449999809265137,9.449999809265137,20149573
2020-04-09,9.5,9.680000305175781,9.5,9.600000381469727,9.600000381469727,21294660
2020-04-14,9.779999732971191,9.880000114440918,9.640000343322754,9.75,9.75,26414800
2020-04-15,9.710000038146973,9.850000381469727,9.520000457763672,9.550000190734863,9.550000190734863,25944386
2020-04-16,9.359999656677246,9.649999618530273,9.359999656677246,9.569999694824219,9.569999694824219,19646283
2020-04-17,9.779999732971191,9.890000343322754,9.699999809265137,9.779999732971191,9.779999732971191,25282851
2020-04-20,9.699999809265137,9.890000343322754,9.5600004196167,9.640000343322754,9.640000343322754,25760990
2020-04-21,9.619999885559082,9.640000343322754,9.260000228881836,9.470000267028809,9.470000267028809,20118450
