,Date,Open,High,Low,Close,Adj Close,Volume,SMA,LMA,RSI14,RSI28,Upper_band,Middle_band,Lower_band,SAR,slowk,slowd,fastk,fastd,HO,OL,HCY,CYL,AR,BR,MACD,MACD_Signal,MACD_Hist,MACD_Test
0,2015-01-02,11.039999961853027,11.089699745178224,10.791600227355957,11.027600288391113,9.683004379272461,7759119,,,,,,,,,,,,,0.04969978332519709,0.2483997344970703,,,,,,,,0
1,2015-01-05,10.816399574279783,11.027600288391113,10.816399574279783,10.903400421142578,9.573949813842773,9485391,,,,,,,,10.791600227355957,,,,,0.2112007141113299,0.0,0.0,0.2112007141113299,,,,,,0
2,2015-01-06,10.853699684143066,10.903400421142578,10.741900444030762,10.791600227355957,9.475780487060547,14333548,,,,,,,,11.027600288391113,,,,,0.04970073699951172,0.11179924011230469,0.0,0.1614999771118164,,,,,,0
3,2015-01-07,10.741900444030762,10.853699684143066,10.741900444030762,10.828900337219238,9.508532524108887,9287877,,,,,,,,11.027600288391113,,,,,0.11179924011230469,0.0,0.062099456787109375,0.04969978332519531,,,,,,0
4,2015-01-08,10.915800094604492,11.077199935913086,10.853699684143066,11.01509952545166,9.672029495239258,12560734,,,,,,,,10.741900444030762,,,,,0.16139984130859375,0.06210041046142578,0.24829959869384766,-0.024799346923828125,,,,,,0
5,2015-01-09,11.077199935913086,11.102100372314453,10.940600395202637,11.002699851989746,9.661141395568848,9660175,,,,,,,,10.741900444030762,,,,,0.024900436401367188,0.13659954071044922,0.08700084686279297,0.07449913024902344,,,,,,0
6,2015-01-12,11.05239963531494,11.064800262451172,10.866100311279297,10.878499984741213,9.552084922790527,8817658,,,,,,,,10.75630844116211,,,37.9232559432566,62.95937030467751,0.012400627136232245,0.18629932403564275,0.06210041046142578,0.13659954071044922,,,,,,0
7,2015-01-13,10.940600395202637,11.002699851989746,10.866100311279297,10.928199768066406,9.595725059509276,12477997,,,,,,,,10.770140118408204,,,51.72108859747364,54.01613815660013,0.062099456787109375,0.07450008392333984,0.12419986724853338,0.012399673461915839,,,,,,0
8,2015-01-14,10.977899551391602,11.039999961853027,10.866100311279297,10.890999794006348,9.563060760498047,10832549,,,,,,,,10.783418528564454,34.886816742607685,50.62077506796177,15.016105687092798,34.886816742607685,0.06210041046142578,0.11179924011230469,0.1118001937866211,0.062099456787109375,,,,,,0
9,2015-01-15,10.965499877929688,11.027600288391113,10.866100311279297,11.01509952545166,9.672029495239258,11895682,,,,,,,,10.796165802314453,43.290812732944254,44.06458921071735,63.13524391426632,43.290812732944254,0.06210041046142578,0.09939956665039062,0.13660049438476562,0.02489948272705078,,,,,,0
10,2015-01-16,11.039999961853027,11.039999961853027,10.928199768066406,10.953100204467773,9.61758804321289,15986495,,,,,,,,10.808403185114454,40.64530216835352,39.60764388130181,43.78455690370143,40.64530216835352,0.0,0.1118001937866211,0.024900436401367188,0.0868997573852539,,,,,,0
11,2015-01-19,10.903400421142578,11.164199829101562,10.903400421142578,11.114500045776367,9.759309768676758,25290510,,,,,,,,10.820151072602453,63.41586296807255,49.11732595645677,83.32778808624991,63.41586296807255,0.2607994079589844,0.0,0.21109962463378906,0.04969978332519531,,,,,,0
12,2015-01-20,11.164199829101562,11.164199829101562,11.01509952545166,11.064800262451172,9.715668678283693,9649646,,,,,,,,10.8407939979924,64.58930705415038,56.21682406352547,66.65557617249983,64.58930705415038,0.0,0.14910030364990234,0.04969978332519531,0.09940052032470703,,,,,,0
13,2015-01-21,11.01509952545166,11.064800262451172,10.940600395202637,10.953100204467773,9.61758804321289,17256242,,,,,,,,10.86019834785895,59.72273764582932,62.57596922268407,29.18484867873824,59.72273764582932,0.04970073699951172,0.07449913024902344,0.0,0.12419986724853516,,,,,,0
14,2015-01-22,10.965499877929688,11.01509952545166,10.853699684143066,10.953100204467773,9.61758804321289,14520039,,,46.874743715680665,,,,,11.164199829101562,42.617819976616964,55.64328822553221,32.01303507861283,42.617819976616964,0.049599647521972656,0.1118001937866211,0.06199932098388672,0.09940052032470703,,,,,,0
15,2015-01-23,11.027600288391113,11.077199935913086,10.940600395202637,11.064800262451172,9.715668678283693,11027790,,,51.74487648581347,,,,,11.157989826202392,43.061718606693866,48.46742540971337,67.98727206273055,43.061718606693866,0.049599647521972656,0.08699989318847656,0.1240997314453125,0.012499809265136719,,,,,,0
16,2015-01-26,11.039999961853027,11.05239963531494,10.940600395202637,10.977899551391602,9.639363288879396,8665498,,,48.054028236515315,,,,,11.151904023361206,46.6667485710249,44.11542905144523,39.99993857173133,46.6667485710249,0.012399673461912286,0.09939956665039062,-0.012400627136232245,0.12419986724853516,,,,,,0
17,2015-01-27,11.027600288391113,11.089699745178224,10.940600395202637,11.077199935913086,9.726558685302734,27864987,,,52.245762801758865,,,,,11.145939936576843,67.56356088487793,52.430676020865555,94.70347202017193,67.56356088487793,0.06209945678711115,0.08699989318847656,0.11180019378662287,0.037299156188964844,,,,,,0
18,2015-01-28,11.077199935913086,11.102100372314453,10.990300178527832,11.064800262451172,9.715668678283693,10568944,,,51.684812826571644,,,,,11.140095131528167,73.22910163493681,62.486470363613215,84.9838943129072,73.22910163493681,0.024900436401367188,0.0868997573852539,0.024900436401367188,0.0868997573852539,,,,,,0
19,2015-01-29,11.089699745178224,11.139300346374512,11.002699851989746,11.102100372314453,9.748422622680664,16141602,9.641538143157959,,53.30860353898426,,,,,10.853699684143066,86.98856126527816,75.92707459503096,81.27831746275534,86.98856126527816,0.049600601196287286,0.08699989318847834,0.07450008392333984,0.06210041046142578,,,,,,0
20,2015-01-30,11.114500045776367,11.139300346374512,11.01509952545166,11.05239963531494,9.70478057861328,13120878,9.642626953125,,50.856067914209525,,,,,10.859411697387696,74.17585679984298,78.13117323335264,56.265358623866405,74.17585679984298,0.02480030059814453,0.09940052032470703,0.037199974060058594,0.08700084686279297,,,,,,0
21,2015-02-02,11.089699745178224,11.089699745178224,11.01509952545166,11.064800262451172,9.715668678283693,7932217,9.649712896347046,,51.456113506352594,,,,,10.865009470367433,66.68330517585595,75.94924108032569,62.50623944094609,66.68330517585595,0.0,0.07460021972656428,0.0373001098632848,0.037300109863279474,,,,,,0
22,2015-02-03,11.089699745178224,11.102100372314453,10.953100204467773,10.965499877929688,9.6284761428833,10967732,9.657347679138184,,46.55400113421412,,,,,10.870495287887575,41.810307842564164,60.88982327275435,6.659325462879971,41.810307842564164,0.012400627136228692,0.136599540710451,0.03730010986328125,0.11170005798339844,,,,,,0
23,2015-02-04,10.990300178527832,11.05239963531494,10.878499984741213,10.940600395202637,9.606614112854004,20855548,9.66225175857544,,45.3864697881961,,,,,10.875871389057314,30.99234632162363,46.49531978001457,23.81147406104479,30.99234632162363,0.0620994567871076,0.11180019378661932,0.08689975738525213,0.08699989318847479,,,,,,0
24,2015-02-05,10.977899551391602,11.002699851989746,10.816399574279783,10.853699684143066,9.53030776977539,21255665,9.655165672302246,,41.476540529507346,,11.157403327123845,11.00237728400672,10.847351240889594,11.139300346374512,14.007456626093779,28.936703596760513,11.551570354356544,14.007456626093779,0.02480030059814453,0.16149997711181818,0.062099456787109375,0.12420082092285334,,,,,,0
25,2015-02-06,10.915800094604492,10.915800094604492,10.816399574279783,10.828900337219238,9.508532524108887,9007015,9.647535228729248,,40.406786539426605,,11.125749424948706,10.957026813061113,10.788304201173519,11.132842330932617,13.246172665553665,19.41532520442368,4.375473581259628,13.246172665553665,0.0,0.09940052032470881,0.06210041046142578,0.037300109863283026,57.12437993914627,,,,,0
26,2015-02-09,10.803999900817873,10.915800094604492,10.779199600219727,10.816399574279783,9.497557640075684,11024722,9.644808864593506,,39.84893369218404,,11.031960858207285,10.910881275800826,10.789801693394367,11.12651347579956,9.149200988802807,12.134276760150073,11.520559030792217,9.149200988802807,0.11180019378661932,0.024800300598146308,0.0868997573852539,0.04970073699951172,65.08339211085647,94.4490599841186,,,,0
27,2015-02-10,10.878499984741213,10.878499984741213,10.791600227355957,10.841300010681152,9.51941967010498,9329458,9.640993595123291,,41.579181114090424,,10.96162823937893,10.873623551108999,10.785618862839067,11.112620920776367,12.87559340899795,11.75698902111813,22.730747614941976,12.87559340899795,0.0,0.08689975738525568,0.062100410461429334,0.02479934692382635,54.251744836283386,107.40281957831877,,,,0
28,2015-02-11,10.791600227355957,10.853699684143066,10.692299842834473,10.779199600219727,9.46489143371582,19214194,9.63608512878418,,38.596999598497156,43.58805283237227,10.891459264751989,10.84031111095964,10.78916295716729,11.099284067954102,20.749120559546558,14.257971652449095,27.99605503290545,20.749120559546558,0.062099456787109375,0.09930038452148438,0.012399673461914062,0.1490001678466797,55.03156103732804,108.8171038894366,,,,0
29,2015-02-12,10.729499816894533,10.866100311279297,10.704700469970703,10.791600227355957,9.475780487060547,9567229,9.626272678375244,,39.52972423594777,43.96011891838633,10.859664313684984,10.813584965015039,10.767505616345094,11.074865014446925,31.71881828171207,21.781177416752186,44.429652197288746,31.71881828171207,0.13660049438476385,0.0247993469238299,0.08690071105957031,0.07449913024902344,55.480532442729256,108.69906420508464,,,,0
30,2015-02-13,10.766799926757812,10.816399574279783,10.729499816894533,10.741900444030762,9.432140350341797,19722741,9.617000293731689,,37.09757595693139,42.787239126298765,10.855957457908552,10.788559093323308,10.721160728738063,11.051911104150177,31.539448319368358,28.002462386875653,22.192637727910835,31.539448319368358,0.04959964752197088,0.037300109863279474,0.02479934692382635,0.062100410461424005,51.49431749884589,92.28993259258694,,,,0
31,2015-02-16,10.741900444030762,10.803999900817873,10.704700469970703,10.717100143432617,9.410365104675293,14475193,9.599553060531616,,35.91031252109288,42.20456557172525,10.849126775115279,10.76364541683595,10.67816405855662,11.030334428471235,26.647151009322602,29.968472536801002,13.31916310276819,26.647151009322602,0.06209945678711115,0.037199974060058594,0.06209945678711115,0.037199974060058594,55.239253223163765,92.79098395002218,,,,0
32,2015-02-17,10.779199600219727,10.828900337219238,10.729499816894533,10.791600227355957,9.475780487060547,10719021,9.58755865097046,,41.92348438952848,44.5567470951507,10.80973411739199,10.75012091410801,10.69050771082403,11.01005235333303,30.882168531000634,29.689589286563855,57.13470476232283,30.882168531000634,0.04970073699951172,0.049699783325193536,0.1118001937866211,-0.012399673461915839,60.310391519304254,103.52283394936865,,,,0
33,2015-02-18,10.791600227355957,10.866100311279297,10.754400253295898,10.866100311279297,9.541196823120117,7100922,9.583739089965821,,47.25318394215346,46.80203937947125,10.858244668159896,10.75596434833512,10.653684028510343,10.990987202703117,56.81795595503036,38.115758498451186,100.0,56.81795595503036,0.07450008392333984,0.037199974060058594,0.07450008392333984,0.037199974060058594,61.906608590578195,99.27929466126157,-0.043592630809392574,-0.022133398650091687,-0.021459232159300887,0
34,2015-02-23,10.866100311279297,10.878499984741213,10.754400253295898,10.779199600219727,9.46489143371582,11487165,9.576104259490966,,42.368878406402864,44.61638338252173,10.866215546461124,10.76441937038664,10.662623194312157,10.973065961110999,66.66656216330514,51.455562216445365,42.86498172759254,66.66656216330514,0.012399673461915839,0.11170005798339844,0.012399673461915839,0.11170005798339844,59.63592755021012,91.13801005071387,-0.04576923393023513,-0.026860565706120377,-0.018908668224114755,0
35,2015-02-24,10.754400253295898,10.803999900817873,10.754400253295898,10.779199600219727,9.46489143371582,8316177,9.563565397262574,,42.36887840640287,44.616383382521725,10.86566233030845,10.770646307772644,10.675630285236839,10.956219994014408,61.90998781839505,61.798168645576844,42.86498172759254,61.90998781839505,0.04959964752197443,0.0,0.024800300598146308,0.024799346923828125,61.87760590074366,85.01932212208061,-0.04695296305419738,-0.030879045175735777,-0.016073917878461606,0
36,2015-02-25,10.803999900817873,10.928199768066406,10.779199600219727,10.866100311279297,9.541196823120117,13794407,9.55865707397461,,48.53805636132289,47.2649153141146,10.865946747359082,10.784347717515487,10.702748687671892,10.940384784943612,51.49236123773659,60.02297040647892,68.74712025802461,51.49236123773659,0.12419986724853338,0.024800300598146308,0.1490001678466797,0.0,70.78060907929347,96.40540459011798,-0.040413059200080426,-0.03278584798060471,-0.007627211219475717,0
37,2015-02-26,10.940600395202637,11.027600288391113,10.853699684143066,10.890999794006348,9.563060760498047,11609755,9.550482177734375,,50.18356701666418,48.003776968331174,10.901019641361508,10.805986620176519,10.71095359899153,10.692299842834473,53.870642482626806,55.757663846252804,49.999825462263196,53.870642482626806,0.08699989318847656,0.08690071105957031,0.1614999771118164,0.012400627136230469,59.50349161021692,95.60368667727195,-0.03284237169854265,-0.0327971527241923,-4.521897435035005e-05,0
38,2015-02-27,10.903400421142578,11.002699851989746,10.841300010681152,10.866100311279297,9.541196823120117,14490950,9.541758584976197,,48.5130244430316,47.31628381804931,10.922420823922849,10.82738780273786,10.732354781552871,10.699005851745605,53.2109198807053,52.85797453368955,40.88581392182804,53.2109198807053,0.09929943084716797,0.06210041046142578,0.11170005798339844,0.04969978332519531,67.05837128523207,102.23378341942733,-0.028522932857061534,-0.031942308750766146,0.0034193758937046126,1
39,2015-03-02,10.866100311279297,10.953100204467773,10.803999900817873,10.828900337219238,9.508532524108887,12626752,9.529764080047608,,46.046840271638715,46.28918614292298,10.918478220892617,10.840568631333632,10.762659041774647,10.705577740478516,39.38502210229542,48.822194821875826,27.269426922794977,39.38502210229542,0.08699989318847656,0.062100410461424005,0.08699989318847656,0.062100410461424005,69.35373646898863,111.70012052146485,-0.027781228756907694,-0.031110092751994455,0.003328863995086761,1
40,2015-03-03,10.803999900817873,10.953100204467773,10.803999900817873,10.890999794006348,9.563060760498047,11348970,9.522678089141845,,50.56474173985962,48.23447507788292,10.89874502092374,10.853207698793803,10.807670376663864,10.712018191436767,37.72108189914837,43.439007960716346,45.00800485282205,37.72108189914837,0.14910030364990057,0.0,0.12419986724853516,0.02490043640136541,78.79375601639579,121.29734064113764,-0.02192972353580025,-0.029274018908755615,0.007344295372955365,1
41,2015-03-04,10.890999794006348,10.953100204467773,10.866100311279297,10.928199768066406,9.595725059509276,11716837,9.516680908203124,,53.09837823198892,49.373533906960965,10.935466966850443,10.869958631800237,10.804450296750032,10.718329833375854,42.60763110009959,39.90457836718111,55.54546152468169,42.60763110009959,0.06210041046142578,0.02489948272705078,0.06210041046142578,0.02489948272705078,82.18161086871369,116.25415312466181,-0.014127780220617225,-0.02624477117112794,0.012116990950510713,1
42,2015-03-05,10.928199768066406,10.928199768066406,10.866100311279297,10.878499984741213,9.552084922790527,16683967,9.512861347198486,,49.45178818714681,47.912822844820376,10.947160840278919,10.882414055903112,10.817667271527306,10.72451524247616,46.01574231218601,42.11481843714464,37.493760559054245,46.01574231218601,0.0,0.062099456787109375,0.0,0.062099456787109375,83.20943449721548,122.02657792175403,-0.011818801304796622,-0.023359577197861674,0.011540775893065052,1
43,2015-03-06,11.027600288391113,11.027600288391113,10.890999794006348,10.903400421142578,9.573949813842773,13661371,9.511228132247926,,51.25794486206856,48.70137659001479,10.95810741209831,10.89222743189515,10.826347451691992,10.730576943394459,45.83125351968451,44.81820897732336,44.45453847531752,45.83125351968451,0.0,0.13660049438476562,0.14910030364990057,-0.012499809265134942,77.54709076301106,128.95374850704508,-0.00788872544637087,-0.020265406847563512,0.012376681401192642,1
44,2015-03-09,10.878499984741213,10.878499984741213,10.803999900817873,10.828900337219238,9.508532524108887,21599060,9.5101393699646,,45.965989741303815,46.51640345084713,10.956817039629579,10.89093705942642,10.825057079223262,10.736517410294391,31.02814398949755,40.95837994045601,11.136132934120816,31.02814398949755,0.0,0.07450008392333984,-0.02490043640136541,0.09940052032470525,76.70411512244296,124.33808166380678,-0.010662732816742349,-0.018344872041399278,0.0076821392246569295,1
45,2015-03-10,10.791600227355957,10.915800094604492,10.779199600219727,10.791600227355957,9.475780487060547,29661298,9.508501768112183,,43.542195554145344,45.4575140921579,10.97641337295576,10.877073587418742,10.777733801881725,10.742339067856326,20.194286173171257,32.35122789411776,4.992187110075364,20.194286173171257,0.12419986724853516,0.012400627136230469,0.0868997573852539,0.04970073699951172,84.28606456078917,126.30284586114571,-0.015690095129441417,-0.017813916659007705,0.002123821529566288,1
46,2015-03-11,10.791600227355957,10.791600227355957,10.692299842834473,10.704700469970703,9.399477005004883,18503526,9.503597736358643,,38.45474932166015,43.087783801217405,10.986744987855092,10.846609233433512,10.706473479011931,11.027600288391113,6.6088943002405,19.277108154303097,3.698362856525251,6.6088943002405,0.0,0.09930038452148438,0.0,0.09930038452148438,82.86438699428106,122.6102089251647,-0.02638228163161216,-0.019527589653528597,-0.006854691978083562,0
47,2015-03-12,10.717100143432617,10.791600227355957,10.654999732971193,10.692299842834473,9.388587951660156,14494433,9.497056150436402,,37.7764197424002,42.75790855493874,10.964671776504465,10.807121946605278,10.649572116706091,11.02089427947998,6.23376663420418,11.012315702538638,10.010749936011857,6.23376663420418,0.07450008392333984,0.062100410461424005,0.0868997573852539,0.04970073699950994,87.78083206020347,124.99793111712508,-0.035447921863475784,-0.022711656095518035,-0.01273626576795775,0
48,2015-03-13,10.717100143432617,10.717100143432617,10.630200386047363,10.654999732971193,9.355836868286133,19158235,9.491603422164918,,35.734677712813415,41.76068394935611,10.893530986321633,10.76342021092286,10.633309435524087,11.00625849761963,7.464122124887911,6.76892768644419,8.683253582126557,7.464122124887911,0.0,0.0868997573852539,0.02480030059814453,0.062099456787109375,89.64363716632367,128.5567654256159,-0.045122173864845294,-0.027193759649383486,-0.01792841421546181,0
49,2015-03-16,10.791600227355957,10.791600227355957,10.679800033569336,10.729499816894533,9.421252250671387,13907166,9.488877010345458,9.565206642150878,42.427841920365374,44.4444960347693,10.822194951274906,10.731426996193633,10.640659041112361,10.983695010925294,17.82091575933687,10.506268172809646,34.76874375987213,17.82091575933687,0.0,0.1118001937866211,0.13660049438476385,-0.024800300598142755,85.9390885180948,143.67889021768084,-0.046244476585824756,-0.03100390303667174,-0.015240573549153015,0
50,2015-03-17,10.729499816894533,10.866100311279297,10.704700469970703,10.741900444030762,9.432140350341797,14164132,9.488877010345458,9.560189361572265,43.48293619881317,44.882914215601325,10.775166951997443,10.714353911244395,10.653540870491346,10.962485333432618,30.26753640190906,18.517524762044605,47.350611863728425,30.26753640190906,0.13660049438476385,0.0247993469238299,0.13660049438476385,0.0247993469238299,100.83121178897234,162.10050719236713,-0.045607547190131825,-0.03392463186736376,-0.011682915322768064,0
51,2015-03-18,10.741900444030762,10.890999794006348,10.741900444030762,10.853699684143066,9.53030776977539,17522100,9.494874143600464,9.559316520690919,52.02050808856653,48.670301619451436,10.855666303319744,10.72183214682461,10.587997990329477,10.942548236589502,55.93904459714338,34.67583225279643,85.69777816782951,55.93904459714338,0.14909934997558594,0.0,0.14909934997558594,0.0,118.14309864974611,175.0086401634883,-0.03567032640460255,-0.034273770774811516,-0.0013965556297910325,0
52,2015-03-19,10.965499877929688,11.01509952545166,10.928199768066406,10.977899551391602,9.639363288879396,27566684,9.503053283691406,9.562588176727296,59.36440201931009,52.43568556666902,10.985222373868343,10.759745093102524,10.534267812336704,10.630200386047363,74.46117571629111,53.55591890511451,90.33513711731534,74.46117571629111,0.049599647521972656,0.03730010986328125,0.16139984130859375,-0.07450008392333984,112.84481785214395,203.67317310754535,-0.017570573400050193,-0.03093313129985925,0.013362557899809058,1
53,2015-03-20,10.965499877929688,10.965499877929688,10.866100311279297,10.915800094604492,9.584836959838867,17202942,9.505235290527343,9.564114265441894,54.84432590546584,50.51432877932614,10.999246659745305,10.805932924310966,10.612619188876627,10.63789836883545,82.13925674760276,70.84649235367907,70.38485495766339,82.13925674760276,0.0,0.09939956665039062,-0.012399673461914062,0.11179924011230469,111.88212513221045,180.8994154731363,-0.008143423600014188,-0.026375189759890238,0.01823176615987605,1
54,2015-03-23,10.928199768066406,10.977899551391602,10.866100311279297,10.928199768066406,9.595725059509276,10213699,9.511776971817017,9.562588176727296,55.57178573965722,50.886992991572676,11.011844176900182,10.849631640380046,10.687419103859911,10.645442391967773,77.57461700886991,78.05834982425459,72.00385895163099,77.57461700886991,0.04969978332519531,0.062099456787109375,0.062099456787109375,0.04969978332519531,113.92844907093573,203.69827506110488,0.0003244702642142272,-0.021035257755069346,0.021359728019283573,1
55,2015-03-24,10.953100204467773,11.027600288391113,10.928199768066406,10.977899551391602,9.639363288879396,13143782,9.520500564575196,9.562152614593506,58.46020824813303,52.37758549934279,10.983234953661665,10.891092011293736,10.798949068925808,10.65283553463745,74.99752555875108,78.23713310507458,82.60386276695885,74.99752555875108,0.07450008392333984,0.024900436401367188,0.09940052032470703,0.0,109.57192550383228,221.33336200294193,0.01091981745712367,-0.014644242712630743,0.02556406016975441,1
56,2015-03-25,10.990300178527832,11.039999961853027,10.977899551391602,11.01509952545166,9.672029495239258,12236450,9.527042198181153,9.56455150604248,60.528907123192596,53.47377607291517,11.00386341575723,10.931215007836627,10.858566599916024,10.667826124787597,80.09628936810897,77.55614397857664,85.68114638573708,80.09628936810897,0.04969978332519531,0.012400627136230469,0.06210041046142578,0.0,111.52338918173899,241.43574463510248,0.02206409233433959,-0.007302575703236676,0.029366668037576267,1
57,2015-03-26,10.965499877929688,11.077199935913086,10.953100204467773,11.039999961853027,9.69389533996582,9598900,9.533583927154542,9.56651491165161,61.8967834823286,54.205504217453424,11.065338194181106,10.969273775098507,10.87320935601591,10.690156555011523,83.55433666733806,79.5493838647327,82.37800084931828,83.55433666733806,0.11170005798339844,0.012399673461914062,0.06210041046142578,0.06199932098388672,117.12833974119927,234.7392246229734,0.03253027877632242,0.0006639951926751438,0.03186628358364728,1
58,2015-03-27,11.114500045776367,11.114500045776367,11.01509952545166,11.064800262451172,9.715668678283693,9660029,9.54230751991272,9.569567070007324,63.26207611534682,54.937353539498545,11.100726058435539,11.004661166012696,10.908596273589852,10.721120025483648,82.68372051595465,82.11144885046723,79.99201431280859,82.68372051595465,0.0,0.09940052032470703,0.07450008392333984,0.024900436401367188,109.57185233266141,221.3337934127418,0.04233793852899481,0.008998783859939078,0.03333915466905574,1
59,2015-03-30,11.002699851989746,11.176600456237793,11.002699851989746,11.027600288391113,9.683004379272461,17292136,9.551031112670898,9.569786567687988,59.80028870612092,53.60459042647767,11.087516311612283,11.030020148487367,10.97252398536245,10.76045802751292,67.46207227688946,77.90004315339405,40.016201668541505,67.46207227688946,0.17390060424804688,0.0,0.1118001937866211,0.06210041046142578,119.6488504710767,219.47109607251275,0.04657199950958457,0.016513426989868178,0.030058572519716394,1
60,2015-03-31,10.903400421142578,11.164199829101562,10.903400421142578,11.139300346374512,9.781085014343262,23244492,9.56193232536316,9.573056507110596,65.84417568997945,56.86323501605599,11.146374433399927,11.058090632222878,10.96980683104583,10.810395118959905,68.78505868586272,72.97695049290228,86.34696007623808,68.78505868586272,0.2607994079589844,0.0,0.13659954071044922,0.12419986724853516,149.51492573476816,229.45937432323373,0.05826909465248775,0.024864560522392096,0.033404534130095656,1
61,2015-04-01,11.176600456237793,11.176600456237793,11.077199935913086,11.089699745178224,9.73753261566162,15266711,9.569022703170777,9.572620964050293,61.42774454916432,55.08170781747561,11.160579414558669,11.081134347669789,11.001689280780909,10.854339759433252,64.85156881288617,67.03289992521279,68.19154469387891,64.85156881288617,0.0,0.09940052032470703,0.03730010986328125,0.06210041046142578,135.136728072663,222.19459644938783,0.06281270705189712,0.0324541898282931,0.03035851722360402,1
62,2015-04-02,11.039999961853027,11.176600456237793,11.039999961853027,11.151700019836426,9.791974067687988,12542276,9.58101716041565,9.574147071838379,64.62213516206155,56.834806927653915,11.196557320849045,11.104212188153653,11.01186705545826,10.893011043049796,81.80804805140275,71.81489185005056,90.88563938409123,81.80804805140275,0.13660049438476562,0.0,0.08690071105956854,0.04969978332519709,138.52828155103845,205.85346951052577,0.07060259386688017,0.040083870636010516,0.030518723230869654,1
63,2015-04-08,11.400099754333494,11.400099754333494,11.139300346374512,11.338000297546387,9.955558776855467,21537638,9.600097608566283,9.58090648651123,72.09914820958446,61.51517514384821,11.355287269246045,11.147293889162498,10.93930050907895,10.927041772632355,82.19158668283143,76.28373451570678,87.49757597052411,82.19158668283143,0.0,0.2607994079589826,0.24839973449706854,0.012399673461914062,117.06474329722442,214.08436200981612,0.09076275419318236,0.050219647347444885,0.040543106845737475,1
64,2015-04-09,11.387700080871582,11.673299789428713,11.189000129699707,11.623600006103516,10.206334114074707,44405134,9.634987688064575,9.592681407928467,79.31612396839688,67.17371582514338,11.627813567759,11.23464122415951,10.84146888056002,10.993269890070515,90.64261812835332,84.88075095419583,93.54463903044456,90.64261812835332,0.2855997085571307,0.198699951171875,0.335299491882326,0.1490001678466797,118.65041664135852,215.0377721452097,0.12830630095261242,0.0658369780684784,0.062469322884134024,1
65,2015-04-10,11.735400199890135,11.735400199890135,11.598799705505373,11.673299789428713,10.249974250793457,24534332,9.673697376251221,9.603367519378661,80.27243093524483,68.02222913860967,11.825510746445817,11.349349022653747,10.873187298861678,11.102074673967827,90.70401562230028,87.84607347782834,91.06983186593209,90.70401562230028,0.0,0.13660049438476207,0.11180019378661932,0.024800300598142755,108.56331910062467,224.43208673677395,0.16022323567665353,0.08471422959011342,0.07550900608654011,1
66,2015-04-13,11.673299789428713,11.735400199890135,11.561599731445312,11.722999572753904,10.293614387512207,18685592,9.718404245376586,9.616452541351318,81.20809691871284,68.85704561685257,11.911133239334807,11.470609063419388,11.03008488750397,11.189000129699707,94.27707831089715,91.87457068718358,98.21676403631476,94.27707831089715,0.06210041046142223,0.11170005798340021,0.06210041046142223,0.11170005798340021,97.30878982638035,203.10502456626884,0.18736813037611277,0.1052450097473133,0.08212312062879948,1
67,2015-04-14,11.722999572753904,11.735400199890135,11.623600006103516,11.710599899291992,10.282727241516113,13768448,9.763111209869384,9.627575912475585,80.18631049653078,68.39510087018984,11.861447937868938,11.577199514069257,11.292951090269575,11.287352142333985,95.04205622550887,93.3410500529021,95.83957277427972,95.04205622550887,0.012400627136230469,0.09939956665038885,0.012400627136230469,0.09939956665038885,90.96100589048363,187.38981221010707,0.20551110092857172,0.125298227983565,0.08021287294500673,1
68,2015-04-15,11.797499656677244,11.797499656677244,11.673299789428713,11.722999572753904,10.293614387512207,22177267,9.810000085830689,9.639134826660156,80.45120050057754,68.61346399575432,11.737004571736497,11.66064904907764,11.584293526418785,11.368000792694092,93.93769748867881,94.4189440083616,87.75675565544194,93.93769748867881,0.0,0.1241998672485316,0.08689975738525213,0.037300109863279474,88.11831484234004,198.0229298471967,0.2183728198890993,0.14391314636467184,0.07445967352442745,1
69,2015-04-16,11.673299789428713,11.735400199890135,11.623600006103516,11.710599899291992,10.282727241516113,11799953,9.853073835372925,9.649820919036864,79.30934988525028,68.12534258268855,11.754221947579884,11.717697455142087,11.68117296270429,11.453900565490722,82.25292551048966,90.41089307489244,63.16244810174732,82.25292551048966,0.06210041046142223,0.04969978332519709,0.012400627136230469,0.09939956665038885,95.41627248112299,171.7979092033581,0.22497193834395723,0.16012490476052893,0.0648470335834283,1
70,2015-04-17,11.710599899291992,11.735400199890135,11.636099815368652,11.673299789428713,10.249974250793457,13266493,9.893965530395509,9.660724792480469,75.82278238852757,66.6461498577213,11.783672697494444,11.747148205056646,11.71062371261885,11.522620383728027,66.08993854030628,80.76018717982491,47.35061186372953,66.08993854030628,0.024800300598142755,0.07450008392333984,0.024800300598142755,0.07450008392333984,96.7214134970802,178.69265542989592,0.2246028977329555,0.17302050335501423,0.051582394377941265,1
71,2015-04-20,11.660900115966795,11.673299789428713,11.387700080871582,11.412500381469727,10.020974159240724,23440528,9.918498849868774,9.66683090209961,56.96628704166806,57.581013724823826,11.961294830889903,11.725426090209126,11.489557349528349,11.797499656677244,38.8549573782425,62.39927380967947,6.05181216925063,38.8549573782425,0.012399673461917615,0.27320003509521307,0.0,0.2855997085571307,79.87509118599392,146.45612681489703,0.20094967499275995,0.17860633768256337,0.02234333731019658,1
72,2015-04-21,11.499500274658205,11.536700248718262,11.400099754333494,11.487000465393065,10.086389541625977,28435855,9.940850162506104,9.675989170074462,60.024606973581996,59.22403071382565,11.93280122463252,11.678791931504598,11.424782638376676,11.789303665161132,25.877958434771404,43.60761811777339,24.231451271334027,25.877958434771404,0.03719997406005682,0.09940052032471058,0.12419986724853516,0.012400627136232245,81.5927342306839,163.3299225502663,0.1860709496261741,0.18009926007128552,0.005971689554888582,1
73,2015-04-22,11.474599838256836,11.487000465393065,11.375300407409668,11.400099754333494,10.010086059570312,19319495,9.962112617492675,9.684058609008789,55.105167939210155,56.57337922937881,11.877690509337073,11.616224039525015,11.354757569712957,11.78127159347534,12.390020629901302,25.70764548097173,6.886798449119225,12.390020629901302,0.012400627136228692,0.09929943084716797,0.0,0.11170005798339666,77.38715812525676,151.20832928877536,0.16536111149516586,0.17715163035606157,-0.011790518860895716,0
74,2015-04-23,11.387700080871582,11.549099922180176,11.387700080871582,11.474599838256836,10.0755033493042,21876961,9.986101531982422,9.694962520599365,58.26334699982095,58.23528592406591,11.756331332151765,11.560511067079347,11.364690802006928,11.765032746032713,19.56459366056965,19.277524241747447,27.57553126125567,19.56459366056965,0.16139984130859375,0.0,0.14900016784668146,0.012399673461912286,88.21642457439415,164.4753577711932,0.15319402436652219,0.1723601091581537,-0.01916608479163151,0
75,2015-04-24,11.487000465393065,11.623600006103516,11.425000190734865,11.586400032043455,10.17366886138916,12867794,10.01281681060791,9.70826524734497,62.523722840280016,60.58274298350227,11.6644800481746,11.531727893325382,11.398975738476164,11.74944345248779,35.10042560871439,22.351679966395107,70.83894711576825,35.10042560871439,0.136599540710451,0.06200027465819957,0.1490001678466797,0.04959964752197088,96.97327713179727,157.50198657234296,0.1508341393755881,0.16805491520164056,-0.01722077582605247,0
76,2015-04-27,11.623600006103516,11.660900115966795,11.536700248718262,11.598799705505373,10.184558868408203,15632502,10.038443279266357,9.722005271911621,62.97524225263288,60.83598678433819,11.675653990785452,11.527112698528555,11.378571406271657,11.734477730684667,58.89020499678082,37.85174142202161,78.2561366133185,58.89020499678082,0.037300109863279474,0.0868997573852539,0.07450008392333984,0.049699783325193536,89.46180295941242,151.17704701758407,0.1482554668027234,0.16409502552185712,-0.01583955871913373,0
77,2015-04-28,11.598799705505373,11.598799705505373,11.487000465393065,11.549099922180176,10.140917778015137,16976852,10.060794401168824,9.734435234069824,59.86261043374095,59.25389729637674,11.680416008839758,11.531054140606287,11.381692272372815,11.720110637753667,69.98310588890142,54.65791216479888,60.85423393761746,69.98310588890142,0.0,0.11179924011230824,0.0,0.11179924011230824,78.31811990234155,132.614018705111,0.14058096321909197,0.15939221306130408,-0.018811249842212108,0
78,2015-04-29,11.549099922180176,11.660900115966795,11.499500274658205,11.574000358581545,10.1627836227417,11926908,10.083150148391724,9.748393077850341,60.905244141487756,59.797138111073444,11.62802044994854,11.539694212756203,11.451367975563866,11.706318228539907,69.10075477342966,65.99135521970398,68.19189376935296,69.10075477342966,0.11180019378661932,0.04959964752197088,0.11180019378661932,0.04959964752197088,80.65675344974164,120.96021421121162,0.13495247285118062,0.15450426501927939,-0.01955179216809877,0
79,2015-04-30,11.549099922180176,11.574000358581545,11.487000465393065,11.487000465393065,10.086389541625977,17800509,10.1033194065094,9.76060525894165,55.48252638082506,57.0417252106825,11.618607265432411,11.539402641637196,11.46019801784198,11.693077515694696,51.77619182843322,63.620017496921434,26.28244777832917,51.77619182843322,0.024900436401368964,0.06209945678711115,0.0,0.08699989318848012,83.14422341833631,123.29871766682436,0.12206460461226953,0.14801633293787742,-0.02595172832560788,0
80,2015-05-04,11.611200332641602,11.623600006103516,11.499500274658205,11.536700248718262,10.130030632019043,14779978,10.12076668739319,9.774563064575196,57.79434381413834,58.183253495996226,11.612448557274472,11.537081760409826,11.46171496354518,11.680366431363295,41.017972616669304,53.96497307284406,28.57957630232571,41.017972616669304,0.012399673461914062,0.11170005798339666,0.136599540710451,-0.012499809265140271,79.66914864259287,131.9342863912802,0.11454087740131946,0.14132124183056582,-0.02678036442924636,0
81,2015-05-05,11.586400032043455,11.611200332641602,11.487000465393065,11.524299621582033,10.119142532348633,13343278,10.13984718322754,9.788738613128663,56.99904238695876,57.78595865124792,11.59121672917175,11.533679687169595,11.47614264516744,11.66816379040515,25.436896877995547,39.41035377436602,21.448666553331684,25.436896877995547,0.024800300598146308,0.09939956665039062,0.07450008392333984,0.04969978332519709,74.99799836928372,126.90948267414682,0.10635168636875036,0.13432733073820274,-0.02797564436945238,0
82,2015-05-06,11.623600006103516,11.636099815368652,11.511899948120115,11.549099922180176,10.140917778015137,13097532,10.157294368743896,9.802041358947754,58.23680067913973,58.375439675100225,11.590622951132532,11.533085909130378,11.475548867128223,11.65644925508533,28.579393500671355,31.67808766511207,35.70993764635659,28.579393500671355,0.012499809265136719,0.11170005798340021,0.11180019378661932,0.012399673461917615,70.40977976409475,128.78291558848335,0.100702040036321,0.1276022725978264,-0.026900232561505394,0
83,2015-05-07,11.549099922180176,11.648500442504885,11.499500274658205,11.536700248718262,10.130030632019043,17314253,10.166017961502074,9.813818035125733,57.34798532267552,57.955820613606065,11.576282149565797,11.533540476540018,11.49079880351424,11.375300407409668,29.31082273504049,27.775704371235793,30.77386400543312,29.31082273504049,0.09940052032470881,0.04959964752197088,0.09940052032470881,0.04959964752197088,68.85209333056497,131.74147319936466,0.0941389296132531,0.12090960400091173,-0.026770674387658636,0
84,2015-05-08,11.598799705505373,11.598799705505373,11.499500274658205,11.524299621582033,10.119142532348633,13443345,10.161658382415771,9.826903057098388,56.42057006758273,57.52694763640152,11.551373076101441,11.532814128559295,11.514255181017148,11.380764408111572,29.85975255784075,29.24998959785086,23.095456021732478,29.85975255784075,0.0,0.09929943084716797,0.06209945678711115,0.03719997406005682,68.85491009745944,130.16356841338836,0.08693485940068513,0.1141146550808664,-0.02717979568018128,0
85,2015-05-11,11.598799705505373,11.598799705505373,11.425000190734865,11.536700248718262,10.130030632019043,18039317,10.15566120147705,9.840205841064453,57.166544368701246,57.85040666593605,11.551066123272541,11.532507175730395,11.513948228188248,11.386119128799438,34.615639435570905,31.262071576150714,49.977598279547074,34.615639435570905,0.0,0.1737995147705078,0.07450008392333984,0.09929943084716797,57.75499680882138,125.53006347874216,0.08128915801537318,0.10754955566776776,-0.026260397652394588,0
86,2015-05-12,11.511899948120115,11.586400032043455,11.474599838256836,11.511899948120115,10.108253479003906,25848418,10.146393156051635,9.85154697418213,55.13374953366661,56.95080764196003,11.555197599139806,11.529906305422358,11.50461501170491,11.391366755073546,37.31811123895682,33.931167744122824,38.88127941559086,37.31811123895682,0.07450008392333984,0.037300109863279474,0.049699783325193536,0.06210041046142578,50.00576024167417,125.02968402119517,0.07396114397044329,0.10083187332830287,-0.026870729357859585,0
87,2015-05-13,11.549099922180176,11.574000358581545,11.462200164794922,11.462200164794922,10.064614295959473,14799818,10.135487508773803,9.861578044891358,51.204413285172635,55.16801953127845,11.575209905680808,11.519902258711078,11.464594611741347,11.396509428822172,35.1677142137839,35.70048829610388,16.64426494621374,35.1677142137839,0.024900436401368964,0.0868997573852539,0.062100410461429334,0.049699783325193536,51.17266119715337,127.29974008227782,0.06341230530564879,0.09334795972377205,-0.029935654418123264,0
88,2015-05-14,11.437399864196776,11.536700248718262,11.437399864196776,11.536700248718262,10.130030632019043,11381422,10.127308320999145,9.873354721069337,56.239201335489795,57.24846083846236,11.569585689728434,11.514278042758704,11.458970395788974,11.401549249095826,39.93167739522872,37.47250094932315,64.2694878238815,39.93167739522872,0.09930038452148615,0.0,0.07450008392333984,0.024800300598146308,49.77544177526047,128.40201260164082,0.06036792495183718,0.08675195276938508,-0.026384027817547895,0
89,2015-05-15,11.549099922180176,11.648500442504885,11.524299621582033,11.636099815368652,10.217310905456543,19661362,10.124037504196167,9.88753028869629,61.88936920707263,59.82784943220363,11.63902444898875,11.525726296145429,11.412428143302108,11.406488272964006,58.45512666279941,44.51817275727068,94.4516272183029,58.45512666279941,0.09940052032470881,0.024800300598142755,0.11180019378662287,0.012400627136228692,58.68694821050647,120.59892080942068,0.0652240832683777,0.0824463788691836,-0.017222295600805904,0
90,2015-05-18,11.660900115966795,11.660900115966795,11.549099922180176,11.636099815368652,10.217310905456543,16087336,10.122404336929321,9.900615291595459,61.88936920707263,59.82784943220363,11.687014329655579,11.548606627808603,11.410198925961627,11.411328516354825,82.5415987260766,60.30946759470157,88.90368113604536,82.5415987260766,0.0,0.11180019378661932,0.024800300598142755,0.08699989318847656,48.68987966789825,106.63896267020164,0.06828547131389051,0.07961419735812499,-0.011328726044234474,0
91,2015-05-19,11.636099815368652,11.673299789428713,11.561599731445312,11.611200332641602,10.195448875427246,13547391,10.131128072738647,9.912609767913818,59.65196415184608,58.871030888748756,11.707490266870945,11.571970958638751,11.436451650406557,11.421311380339304,85.67693880719003,75.55788806535534,73.67550806722177,85.67693880719003,0.03719997406006037,0.07450008392333984,0.03719997406006037,0.07450008392333984,51.64167403790265,99.29847257174269,0.06791952917971145,0.07727526372244228,-0.009355734542730837,0
92,2015-05-20,11.710599899291992,11.710599899291992,11.586400032043455,11.648500442504885,10.22819995880127,22300899,10.138218593597411,9.926132068634033,61.87554086587505,59.86814503300122,11.676212124463312,11.595466686133356,11.5147212478034,11.43643068488467,79.94959688793325,82.72271147373328,77.26960146053258,79.94959688793325,0.0,0.12419986724853693,0.09939956665039062,0.024800300598146308,48.65723134663007,106.78239286308337,0.06983431799040574,0.07578707457603498,-0.005952756585629243,0
93,2015-05-21,11.598799705505373,11.648500442504885,11.574000358581545,11.574000358581545,10.1627836227417,15594170,10.14585347175598,9.937908744812011,55.31799443654102,57.005492936826776,11.660811393474267,11.607767104923731,11.554722816373195,11.458364222037256,59.20762246608117,74.94471938706815,26.67775787048912,59.20762246608117,0.04970073699951172,0.024799346923828125,0.0,0.07450008392333984,51.96875632923379,107.65467394739557,0.06459564933264339,0.07354878952735666,-0.008953140194713272,0
94,2015-05-22,11.648500442504885,11.660900115966795,11.574000358581545,11.611200332641602,10.195448875427246,17586799,10.151850748062134,9.951647071838378,57.72716857931142,58.04435349863228,11.665356890199257,11.614209070534898,11.563061250870538,11.478543076217635,47.466543773385446,62.207921042466616,38.45227198913461,47.466543773385446,0.01239967346191051,0.07450008392333984,0.08689975738525035,0.0,53.72814968077676,110.1814395746509,0.06272266584394437,0.0713835647906742,-0.008660898946729834,0
95,2015-05-26,11.636099815368652,11.710599899291992,11.598799705505373,11.611200332641602,10.195448875427246,23359126,10.152939748764037,9.966040439605713,57.72716857931142,58.044353498632276,11.66448976640161,11.61737175065037,11.570253734899131,11.497107622063584,32.80632881716334,46.493498352209976,33.28895659186625,32.80632881716334,0.07450008392333984,0.037300109863279474,0.09939956665039062,0.012400627136228692,54.61047789735795,122.35396814312132,0.06054044042295281,0.06921493991712993,-0.008674499494177118,0
96,2015-05-27,11.611200332641602,11.660900115966795,11.598799705505373,11.623600006103516,10.206334114074707,26767045,10.154028511047363,9.98217758178711,58.59007028605885,58.404542673352445,11.668201368036499,11.620054599743227,11.571907831449955,11.514187004241856,36.01716264832745,38.7633450796254,36.310259363981444,36.01716264832745,0.049699783325193536,0.012400627136228692,0.049699783325193536,0.012400627136228692,57.41333609668878,129.35908252287712,0.05912994784309333,0.06719794150232261,-0.008067993659229278,0
97,2015-05-28,11.623600006103516,11.636099815368652,11.487000465393065,11.561599731445312,10.151894569396973,31501614,10.154577350616455,9.997443714141845,52.786634581816514,55.91489139305783,11.663423668850651,11.615334495237697,11.567245321624743,11.710599899291992,34.320706886893966,34.38139945079491,33.362904704834165,34.320706886893966,0.012499809265136719,0.136599540710451,0.012499809265136719,0.136599540710451,61.41635245319876,145.25600229277887,0.05240512464860991,0.06423937813158007,-0.011834253482970153,0
98,2015-05-29,11.561599731445312,11.648500442504885,11.549099922180176,11.611200332641602,10.195448875427246,33267615,10.156210613250732,10.014235954284668,56.49908646260129,57.42080554729736,11.654305660296064,11.611065033695247,11.567824407094431,11.706127910614013,41.73962083351271,37.359163456244694,55.54569843172247,41.73962083351271,0.08690071105957209,0.012499809265136719,0.08690071105957209,0.012499809265136719,66.91412334309716,142.35612148428353,0.05049592224524524,0.061490686954313103,-0.010994764709067864,0
99,2015-06-01,11.660900115966795,11.660900115966795,11.574000358581545,11.611200332641602,10.195448875427246,28340313,10.161663579940797,10.029719886779786,56.49908646260129,57.42080554729736,11.652150639533861,11.608910012933045,11.565669386332228,11.701745361709595,48.15143385609306,41.4039205254999,55.54569843172247,48.15143385609306,0.0,0.08689975738525035,0.049699783325193536,0.03719997406005682,66.6937892244424,155.15758335351754,0.048424656291096824,0.058877480821669846,-0.010452824530573022,0
100,2015-06-02,11.574000358581545,11.611200332641602,11.561599731445312,11.574000358581545,10.1627836227417,37045089,10.163301229476929,10.044332752227783,52.88224050701859,55.88117234863195,11.6522335159551,11.604144342342146,11.556055168729191,11.697450463783264,53.70672937468851,47.865928021431415,50.02879126062054,53.70672937468851,0.03719997406005682,0.012400627136232245,0.0,0.04960060119628906,59.6279402421431,138.67139637772522,0.04328250234170383,0.055758485125676646,-0.012475982783972814,0
101,2015-06-03,11.474599838256836,11.515600204467773,11.365300178527832,11.44729995727539,10.236458778381348,39984084,10.169167041778564,10.058455772399903,59.22277636190398,58.48483132377494,11.70302956595886,11.582573109342484,11.462116652726108,11.69324146381546,44.438203386629645,48.765455539137065,27.74012046754587,44.438203386629645,0.0410003662109375,0.1092996597290039,-0.05840015411377131,0.2087001800537127,53.18690882099639,108.37930722619143,0.0286533468373662,0.05033745746801456,-0.02168411063064836,0
102,2015-06-04,11.474599838256836,11.583900451660154,11.351699829101562,11.420000076293945,10.212045669555664,32117301,10.172723436355591,10.069909420013428,56.509169285023916,57.32236461023545,11.71230243914053,11.547318182716992,11.382333926293455,11.680123812403954,33.28607793114364,43.810336897487254,22.089322065264454,33.28607793114364,0.10930061340331854,0.12290000915527344,0.13660049438476385,0.09560012817382812,55.886116053230076,109.22610487341832,0.014687455616504863,0.04320745709771262,-0.028520001481207757,0
103,2015-06-05,11.515600204467773,11.515600204467773,11.28339958190918,11.338000297546387,10.138720512390137,26471538,10.173157930374146,10.080987091064452,49.215081183860654,53.98043102421774,11.70031239615128,11.498590314624664,11.29686823309805,11.660418373405811,21.431062600779967,33.05178130618441,14.463745269529522,21.431062600779967,0.0,0.23220062255859375,0.09560012817382812,0.13660049438476562,52.64879468015785,113.84365595517076,-0.002963153252824924,0.03397333502760511,-0.03693648828043004,0
104,2015-06-08,11.338000297546387,11.378999710083008,11.078499794006348,11.160400390625,9.97990608215332,27095937,10.16619610786438,10.088670711517334,37.82649475612773,47.730172931286205,11.699656417596367,11.426250992967553,11.152845568338739,11.63025687008608,17.309223671739225,24.008788067887604,15.374603680423647,17.309223671739225,0.040999412536621094,0.25950050354003906,0.040999412536621094,0.25950050354003906,44.725741385921125,95.55367478831504,-0.030925723679757766,0.020993523286132538,-0.0519192469658903,0
105,2015-06-09,11.133099555969238,11.14680004119873,10.941900253295898,11.010199546813963,9.84559440612793,26029657,10.151974296569824,10.092795333862306,31.24204408896659,43.330012674786694,11.660216755258569,11.328031838956676,10.995846922654783,11.575081162478106,13.492288300817824,17.410858191112332,10.638515952500251,13.492288300817824,0.013700485229492188,0.19119930267333984,-0.013600349426269531,0.21850013732910156,41.87399972622559,87.92376678568208,-0.06446312424783862,0.0039021937793383074,-0.06836531802717694,0
106,2015-06-10,11.023799896240234,11.064800262451172,10.805299758911133,10.873600006103516,9.723443984985352,96069688,10.132733821868896,10.093823623657226,26.69150906568557,39.863987656730814,11.612195327912252,11.208464259093951,10.80473319027565,11.49909945337624,11.595099575526321,14.132203849361117,8.772179093655017,11.595099575526321,0.0410003662109375,0.21850013732910156,0.05460071563720881,0.20489978790283025,41.235375921968405,74.55072304069766,-0.10090107239349067,-0.01705845945522749,-0.08384261293826317,0
107,2015-06-11,10.84630012512207,10.941900253295898,10.818900108337402,10.84630012512207,9.699029922485352,35925204,10.11445460319519,10.093926315307618,25.880138256124596,39.213825864956526,11.45462631809825,11.08667562169218,10.71872492528611,11.401967496151126,8.394317302787789,11.160568393043972,5.772256862208044,8.394317302787789,0.09560012817382812,0.02740001678466797,0.06830024719238281,0.05469989776611328,45.33312696243578,74.06586609357785,-0.13047722087770808,-0.03974221173972361,-0.09073500913798446,0
108,2015-06-12,10.928199768066406,10.928199768066406,10.85990047454834,10.914600372314453,9.760106086730957,22179555,10.095958375930786,10.094815063476563,31.490769502471593,41.68141937231734,11.21667403050241,10.988413031030412,10.760152031558412,11.318434012937526,11.198771238439468,10.39606270558452,19.05187775945529,11.198771238439468,0.0,0.0682992935180664,0.08189964294433594,-0.013600349426269531,45.63098570695056,73.5393562953988,-0.14671404432005097,-0.06113657825578908,-0.08557746606426189,0
109,2015-06-15,10.914600372314453,10.928199768066406,10.737000465393066,10.805299758911133,9.66236686706543,18909059,10.06821117401123,10.094402313232422,27.85673434586623,39.05061776879197,11.046987120613906,10.907256296306613,10.76752547199932,11.246595217373832,13.830215381164862,11.141101307464034,16.666511521831204,13.830215381164862,0.013599395751953125,0.17759990692138672,0.013599395751953125,0.17759990692138672,39.94652894913833,65.16850443028744,-0.1664823846182184,-0.08220573952827495,-0.08427664508994345,0
110,2015-06-16,10.791600227355957,10.873600006103516,10.764300346374512,10.791600227355957,9.65011501312256,10679035,10.03985137939453,10.091782913208007,27.429427140819495,38.7328192140627,10.932612111184685,10.842797572906157,10.75298303462763,11.165060057056909,17.458274947105327,14.162420522236545,16.656435560029443,17.458274947105327,0.0819997787475586,0.027299880981445312,0.06830024719238281,0.040999412536621094,44.44006385430213,65.34148308539652,-0.18116600549305595,-0.10199779272123115,-0.0791682127718248,0
111,2015-06-17,10.777999877929688,10.873600006103516,10.764300346374512,10.832599639892578,9.68677806854248,13603710,10.014417839050292,10.090767822265626,30.847860832589085,40.24199968598779,10.886390435098487,10.800656494776113,10.71492255445374,11.096570522390694,26.659832768418426,19.316107698896197,46.656551223394594,26.659832768418426,0.09560012817382812,0.013699531555175781,0.0819997787475586,0.027299880981445312,51.67490980681979,67.96221047981945,-0.187335088591583,-0.11906525189530151,-0.06826983669628148,0
112,2015-06-18,10.791600227355957,10.900899887084961,10.777999877929688,10.818900108337402,9.674528121948242,17262208,9.986734247207641,10.08841890335083,30.333719523433423,39.90143345314513,10.863055856965326,10.776624230292242,10.690192603619158,11.039039313271074,35.382561431661145,26.500223049061628,42.834697511559355,35.382561431661145,0.1092996597290039,0.013600349426269531,0.06830024719238281,0.054599761962890625,53.73735422713113,69.10494592187129,-0.19112638312512686,-0.1334774781412666,-0.05764890498386027,0
113,2015-06-19,10.85990047454834,11.051199913024902,10.85990047454834,11.010199546813963,9.84559440612793,25138507,9.970874786376953,10.08621961593628,44.296061189240135,46.46290605065263,10.949176976861507,10.788359748771548,10.627542520681589,10.737000465393066,58.81403195787397,40.28547538598451,86.95084713866794,58.81403195787397,0.1912994384765625,0.0,0.2322998046875,-0.0410003662109375,63.44917060916173,80.8480484824467,-0.17665833807350317,-0.1421136501277139,-0.03454468794578927,0
114,2015-06-22,11.064800262451172,11.187800407409668,10.98289966583252,11.174099922180176,9.992156982421877,15400311,9.960710191726685,10.081936073303222,52.989200279750506,51.19699790261406,11.135974887456273,10.84353809710197,10.551101306747666,10.743284454345703,75.5168278897084,56.5711404264145,96.76493901889783,75.5168278897084,0.1230001449584961,0.08190059661865234,0.1776008605957049,0.027299880981443536,62.207332075231356,85.93869323274042,-0.1502351008890468,-0.1437379402799805,-0.006497160609066299,0
115,2015-06-23,11.228699684143066,11.256099700927734,11.119500160217283,11.14680004119873,9.967743873596193,15562078,9.949324941635131,10.076291465759278,51.546181762563215,50.42673846242426,11.218150884756405,10.917851620798487,10.61755235684057,10.761065092468263,87.16378156072683,73.83154713610305,77.77555852461464,87.16378156072683,0.02740001678466797,0.10919952392578303,0.0819997787475586,0.0545997619628924,56.93289694456468,82.68069038138007,-0.12999882179559563,-0.1409901165831035,0.010991294787507877,1
116,2015-06-24,11.20139980316162,11.20139980316162,11.023799896240234,11.051199913024902,9.882256507873537,14443757,9.933121061325073,10.068064308166504,46.745650748154354,47.814429005004946,11.232433159474587,10.980580159002137,10.728727158529688,10.790767168975831,77.22779439411364,79.96946794818295,57.14288563882838,77.22779439411364,0.0,0.17759990692138494,0.05459976196288885,0.1230001449584961,55.388912406810874,82.68234774395421,-0.120288940174472,-0.1368498813013772,0.016560941126905204,1
117,2015-06-25,11.037500381469727,11.119500160217283,11.010199546813963,11.037500381469727,9.87000560760498,10656653,9.919026613235474,10.05980987548828,46.08330139507992,47.449126790680715,11.151567124452834,11.022737313445404,10.893907502437974,10.818687120892946,59.91478457676437,74.76878684386827,44.82590956685001,59.91478457676437,0.08199977874755682,0.027300834655763495,0.06830024719238104,0.041000366210939276,58.370836668781465,85.5784022452642,-0.11240350905492136,-0.13196060685208605,0.01955709779716469,1
118,2015-06-26,10.996500015258787,11.023799896240234,10.928199768066406,10.98289966583252,9.821179389953613,15469247,9.900313138961792,10.050361175537109,43.441383502273425,45.99668346586348,11.182698846578703,11.040235017877954,10.897771189177206,10.844931875695034,39.55022755367802,58.897602174852004,16.681887455355582,39.55022755367802,0.02729988098144709,0.06830024719238104,-0.013700485229492188,0.10930061340332031,60.950423061576465,76.81095633429952,-0.10930012570377023,-0.12742851062242289,0.01812838491865265,1
119,2015-06-29,11.078499794006348,11.078499794006348,10.873600006103516,10.98289966583252,9.821179389953613,22770561,9.88159966468811,10.04113021850586,43.44138350227343,45.99668346586347,11.160553851423359,11.04035903142939,10.92016421143542,10.869601945208995,30.027631419888177,43.164214516776845,28.57509723745886,30.027631419888177,0.0,0.20489978790283203,0.09560012817382812,0.1092996597290039,54.57992510955631,80.01481796967161,-0.10562311452319584,-0.12306743140257748,0.01744431687938164,1
120,2015-06-30,10.928199768066406,11.119500160217283,10.928199768066406,11.105799674987793,9.931079864501953,17323096,9.870014476776124,10.03475233078003,50.803840696582704,49.72216614285195,11.13808218649712,11.045704913970468,10.953327641443815,10.873600006103516,38.69760102327399,36.091819998946725,70.83581837700746,38.69760102327399,0.19130039215087713,0.0,0.13660049438476385,0.05469989776611328,63.619893654030726,80.28396060010955,-0.09173459375653259,-0.1168008638733685,0.025066270116835904,1
121,2015-07-02,11.269700050354006,11.269700050354006,10.969200134277344,11.023799896240234,9.857754707336426,19534653,9.851079273223878,10.031487941741943,46.458468211962796,47.45695003281033,11.138567154085179,11.048151740357802,10.957736326630426,10.873600006103516,45.77686696170778,38.16736646828998,37.91968527065695,45.77686696170778,0.0,0.30049991607666193,0.1639003753662127,0.13659954071044922,54.6322455944821,78.7717853268068,-0.08634915848323743,-0.11071052279534228,0.024361364312104852,1
122,2015-07-03,10.98289966583252,11.092100143432617,10.941900253295898,10.98289966583252,9.821179389953613,14338301,9.831535959243775,10.026183738708497,44.417643237608246,46.36432066303459,11.137695315533087,11.042149986389113,10.946604657245139,10.905288009643554,45.449818856092186,43.308095613691314,27.593952920612093,45.449818856092186,0.10920047760009766,0.040999412536621094,0.06830024719238281,0.08189964294433594,56.2449982560716,77.26448050574173,-0.08440846081180453,-0.10545011039863474,0.021041649586830205,1
123,2015-07-06,11.010199546813963,11.064800262451172,10.791600227355957,10.928199768066406,9.772266387939453,24504631,9.81321325302124,10.021427345275878,41.774772825894274,44.92970010978976,11.142109123425094,11.024164244783158,10.906219366141222,11.269700050354006,31.36166042492795,40.862782080909305,28.571343083514744,31.36166042492795,0.05460071563720881,0.21859931945800604,0.08190059661865234,0.1912994384765625,56.101564685249215,78.37090240026487,-0.08628957600998177,-0.10161800352090414,0.015328427510922366,1
124,2015-07-07,10.969200134277344,10.969200134277344,10.85990047454834,10.873600006103516,9.723443984985352,20639660,9.800390148162842,10.014386157989502,39.263527246993526,43.535311260053064,11.153039643140662,10.99375190956441,10.834464175988156,11.260138053894044,24.438826556593398,33.75010194587117,17.151183665653285,24.438826556593398,0.0,0.1092996597290039,0.0410003662109375,0.0682992935180664,51.23135015656649,74.79781215510761,-0.0911355637889546,-0.09952151557451423,0.008385951785559634,1
125,2015-07-08,10.818900108337402,10.85990047454834,10.258899688720703,10.545700073242188,9.43022632598877,61535566,9.779621744155884,9.999517307281494,28.271467229645758,36.483344398885365,11.261184949344074,10.92063500450476,10.580085059665446,11.250767297363282,24.69870671064875,26.833064564056695,28.373593382778154,24.69870671064875,0.0410003662109375,0.5600004196166992,-0.013699531555175781,0.6147003173828125,45.26024496638019,58.74605674333958,-0.12005095553875123,-0.10362740356736164,-0.01642355197138959,0
126,2015-07-09,10.45009994506836,10.791600227355957,10.31350040435791,10.654999732971193,9.52796459197998,49691291,9.769847774505616,9.98638542175293,34.82163511411706,39.85127996237018,11.172498916950865,10.83669501825102,10.500891119551177,11.211092593017579,31.021454250674555,26.719662505972227,47.539585703592174,31.021454250674555,0.34150028228759766,0.13659954071044922,0.24590015411376953,0.23219966888427734,52.35515418564675,62.987337532273116,-0.13261830151204634,-0.10942558315629858,-0.023192718355747766,0
127,2015-07-10,10.654999732971193,10.791600227355957,10.6003999710083,10.682299613952637,9.552375793457033,35622258,9.7625150680542,9.974614582061768,36.38418814895267,40.66616688714272,11.049382087124378,10.764385605861001,10.479389124597624,11.173004876845704,42.816889360359454,32.84568344056091,52.53748899470799,42.816889360359454,0.13660049438476385,0.0545997619628924,0.13660049438476385,0.0545997619628924,55.96463700928476,72.36491540936365,-0.13877542478591565,-0.115295551482222,-0.023479873303693652,0
128,2015-07-13,10.641300201416016,10.85990047454834,10.61400032043457,10.791600227355957,9.65011501312256,30547147,9.75701551437378,9.964361209869384,42.344095279085316,43.82611119868099,10.950467460838729,10.723822862323388,10.497178263808047,11.136440669320704,58.35786128233861,44.065401631124196,74.99650914871563,58.35786128233861,0.21860027313232422,0.027299880981445312,0.17760086059570312,0.0682992935180664,60.82962638713021,74.33293380617569,-0.1332987581929732,-0.11889619282437223,-0.014402565368600975,0
129,2015-07-14,10.85990047454834,10.85990047454834,10.654999732971193,10.764300346374512,9.625704765319824,18443736,9.7551824092865,9.955147514343262,41.30334240152296,43.22982048842457,10.881613162474881,10.707428687523183,10.533244212571486,11.101339030096703,70.54239188399087,57.239047508896306,84.09317750854895,70.54239188399087,0.0,0.20490074157714666,0.06830024719238281,0.13660049438476385,61.32995548981456,73.44864016607143,-0.1296666166592111,-0.12105027759134,-0.008616339067871084,0
130,2015-07-15,10.832599639892578,10.900899887084961,10.723299980163574,10.887200355529783,9.735601425170898,16822468,9.759456729888916,9.9472589302063,47.553208013590684,46.620642700640175,10.88590865480667,10.720542215580167,10.555175776353664,11.067641456441663,85.58581748981833,71.49535688538259,97.66776581219031,85.58581748981833,0.06830024719238281,0.1092996597290039,0.13659954071044922,0.0410003662109375,65.09842513760856,82.37553548050788,-0.1155392501498973,-0.11994807210305146,0.00440882195315416,1
131,2015-07-16,10.85990047454834,10.928199768066406,10.791600227355957,10.85990047454834,9.71119213104248,13693156,9.760677433013916,9.939099922180176,46.37215339503671,45.987948601310976,10.89335841592925,10.748176711392787,10.602995006856325,11.035291785732825,86.9750901365678,81.03443317012567,79.16432708896407,86.9750901365678,0.0682992935180664,0.06830024719238281,0.04099941253662287,0.09560012817382635,69.51747375750669,88.05109517445274,-0.1053318822775875,-0.11702483413795867,0.01169295186037117,1
132,2015-07-17,10.737000465393066,10.832599639892578,10.709699630737305,10.818900108337402,9.674528121948242,18667520,9.760677433013916,9.929772129058838,44.58109277059817,45.03591233716319,10.863457430615407,10.774363284152287,10.685269137689167,11.00423610185234,80.6817933392421,84.4142336552094,65.21328711657186,80.6817933392421,0.09559917449951172,0.02730083465576172,-0.02730083465576172,0.15020084381103516,76.08591222105147,86.79738608415839,-0.09940497788987024,-0.11350086288834098,0.01409588499847074,1
133,2015-07-20,10.791600227355957,10.914600372314453,10.791600227355957,10.887200355529783,9.735601425170898,10144442,9.755177783966065,9.921883544921876,48.172072908308664,46.933642489200025,10.895873856301172,10.802209957104118,10.708546057907064,10.974422645327074,76.45683683988244,81.37124010523077,84.99289631411132,76.45683683988244,0.1230001449584961,0.0,0.09570026397705078,0.027299880981445312,77.79234152842247,88.71887003958693,-0.08818011880278043,-0.10843671407122887,0.020256595268448446,1
134,2015-07-21,10.832599639892578,10.914600372314453,10.832599639892578,10.832599639892578,9.68677806854248,11032835,9.739908838272095,9.913236255645751,45.626791071171134,45.627610977418236,10.878249833683107,10.822540683842263,10.766831534001419,10.94580172706282,68.81776395235205,75.31879804382551,56.247108426372904,68.81776395235205,0.082000732421875,0.0,0.027400016784669745,0.054600715637205255,82.69003838754337,84.50909253393931,-0.08273642453976215,-0.10329665616493552,0.02056023162517337,1
135,2015-07-22,10.805299758911133,10.818900108337402,10.723299980163574,10.737000465393066,9.601290702819824,19815394,9.721586179733276,9.902661457061768,41.49277631797083,43.43299882969324,10.925046298346913,10.823445777789154,10.721845257231394,10.918325645529135,51.24488601905795,65.50649560376412,12.49465331668951,51.24488601905795,0.013600349426269531,0.0819997787475586,-0.013699531555175781,0.1092996597290039,85.65804069058407,85.65119397347289,-0.08515470164944183,-0.09966826526183678,0.014513563612394947,1
136,2015-07-23,10.791600227355957,10.84630012512207,10.791600227355957,10.818900108337402,9.674528121948242,7546106,9.711199760437012,9.893986949920654,46.00625434828389,45.75117147616427,10.916160730771795,10.819993582783233,10.723826434794672,10.914600372314453,40.678697282098476,53.58044908450281,53.294330103232895,40.678697282098476,0.05469989776611328,0.0,0.1092996597290039,-0.054599761962890625,85.5095186552909,90.43629133426083,-0.07954563440192786,-0.09564373908985499,0.016098104687927134,1
137,2015-07-24,10.832599639892578,10.900899887084961,10.723299980163574,10.805299758911133,9.66236686706543,11719348,9.700817823410034,9.885942001342773,45.38021954465354,45.43056639645927,10.91232708872472,10.815544153052564,10.718761217380408,10.258899688720703,36.217796817689745,42.71379337294871,42.86440703314672,36.217796817689745,0.06830024719238281,0.1092996597290039,0.0819997787475586,0.09560012817382812,81.51775178914289,88.09330188542744,-0.07532949124882649,-0.09158088952164929,0.016251398272822806,1
138,2015-07-27,10.832599639892578,10.832599639892578,10.668700218200684,10.709699630737305,9.57687759399414,16856206,9.688602733612061,9.874878940582276,41.141987006782635,43.22253175372402,10.897182036390738,10.800399100717996,10.703616165045254,10.271739692687989,37.6106440909976,38.16904606359525,16.67319513661308,37.6106440909976,0.0,0.16389942169189453,0.027299880981445312,0.13659954071044922,73.4743059461963,83.92758345223722,-0.07879401049888024,-0.08902351371709548,0.010229503218215238,1
139,2015-07-28,10.764300346374512,10.928199768066406,10.723299980163574,10.764300346374512,9.625704765319824,15267060,9.678829002380372,9.86304681777954,44.33941365501294,44.81126996260467,10.866712114221725,10.78497557513586,10.703239036049995,10.284322896575928,32.12593084581629,35.318123918167856,36.84019036768894,32.12593084581629,0.16389942169189453,0.0410003662109375,0.21850013732910156,-0.013600349426269531,71.50636913998008,82.58745693927983,-0.07625482734767708,-0.0864697764432118,0.01021494909553472,1
140,2015-07-29,10.764300346374512,10.805299758911133,10.709699630737305,10.723299980163574,9.589038848876953,11151402,9.661726951599121,9.850481376647949,42.473470517982136,43.85562436826949,10.854550146244947,10.76818184645105,10.681813546657153,10.310077971435547,24.851264233351262,31.52927972338836,21.040407195751637,24.851264233351262,0.040999412536621094,0.05460071563720703,0.040999412536621094,0.05460071563720703,69.34877584665851,76.8482385224615,-0.07666712244150808,-0.08450924564287106,0.007842123201362974,1
141,2015-07-30,10.723299980163574,10.805299758911133,10.682299613952637,10.696000099182127,9.564627647399902,11432745,9.647070598602294,9.837864952087402,41.229450691492936,43.219257169573446,10.82889349438691,10.748957682355538,10.669021870324165,10.334802843300782,22.800267053771947,26.592487377646478,10.520203597875135,22.800267053771947,0.0819997787475586,0.0410003662109375,0.0819997787475586,0.0410003662109375,72.95236283598328,77.22697646159018,-0.07829421454554719,-0.08326623942340629,0.004972024877859096,1
142,2015-07-31,10.75059986114502,10.832599639892578,10.696000099182127,10.805299758911133,9.66236686706543,15420804,9.639129972457885,9.826548290252685,47.81941270999218,46.44588807246598,10.822858926886589,10.742923114855216,10.662987302823844,10.358538720291406,28.06673894268738,25.239423409936837,52.63960603443523,28.06673894268738,0.0819997787475586,0.0545997619628924,0.136599540710451,0.0,79.30196239111773,83.94026188059478,-0.06995769887038072,-0.08060453131280118,0.010646832442420456,1
143,2015-08-03,10.84630012512207,10.84630012512207,10.696000099182127,10.723299980163574,9.589038848876953,14552626,9.62996859550476,9.815073394775391,43.847046573910994,44.479351562309226,10.815375398713124,10.738858372422193,10.662341346131262,10.381325162202407,26.611130866273797,25.826045620911017,16.67358296651089,26.611130866273797,0.0,0.15030002593994318,0.0410003662109375,0.10929965972900568,72.95238744088013,80.8112456511324,-0.06917029487829929,-0.07831768402590081,0.00914738914760152,1
144,2015-08-04,10.696000099182127,10.900899887084961,10.696000099182127,10.887200355529783,9.735601425170898,14403471,9.630576467514038,9.805876445770263,52.3645635494338,48.95878565358562,10.894309877179802,10.753525320132788,10.612740763085773,10.403200146436966,54.348752168025214,36.34220732566211,93.73306750312938,54.348752168025214,0.2048997879028338,0.0,0.17759990692138672,0.02729988098144709,81.19457304460067,90.6319008879318,-0.05469044363160691,-0.07359223594704203,0.018901792315435123,1
145,2015-08-05,10.900899887084961,10.928199768066406,10.84630012512207,10.914600372314453,9.760106086730957,14003810,9.647070455551148,9.797169589996338,53.63098590410467,49.662953573768384,10.957123645723172,10.784323855865573,10.611524066007973,10.424200131302143,68.29206537563839,49.7506494699791,94.46954565727472,68.29206537563839,0.027299880981445312,0.054599761962890625,0.04099941253662287,0.04090023040771307,86.91842847294352,90.92125567087857,-0.040536821587910055,-0.06698115307521564,0.026444331487305586,1
146,2015-08-06,10.98289966583252,10.98289966583252,10.777999877929688,10.818900108337402,9.674528121948242,11867237,9.65439863204956,9.786533470153808,48.75598926574728,47.29964396004482,10.944244196736715,10.809939440105303,10.675634683473891,10.444360116772714,77.0133021898127,66.55137324449207,42.83729340903385,77.0133021898127,0.0,0.20489978790283203,0.0682992935180664,0.13660049438476562,73.79087618836519,85.50564781264865,-0.036620052479616305,-0.06090893295609577,0.024288880476479466,1
147,2015-08-07,10.791600227355957,10.900899887084961,10.777999877929688,10.791600227355957,9.65011501312256,7034013,9.659285593032838,9.77649787902832,47.43143243391438,46.64300000091942,10.959322890711881,10.822588748532048,10.685854606352216,10.476672489716302,56.87621631869433,67.39386129471511,33.321809889774244,56.87621631869433,0.1092996597290039,0.013600349426269531,0.0819997787475586,0.040900230407714844,86.49390074765516,85.50280264934102,-0.03531180448184301,-0.05578950726124522,0.02047770277940221,1
148,2015-08-10,10.791600227355957,10.873600006103516,10.737000465393066,10.84630012512207,9.699029922485352,11121231,9.661731338500976,9.766569499969483,50.34236095308161,48.13897926978576,10.920209285499748,10.831063543051506,10.741917800603265,10.507046120283276,42.84892765493533,58.9128153878141,52.387679665997716,42.84892765493533,0.0819997787475586,0.054599761962890625,0.0819997787475586,0.054599761962890625,84.96024041933747,86.9766878838776,-0.02952088552239296,-0.05053578291347477,0.02101489739108181,1
149,2015-08-11,10.777999877929688,10.900899887084961,10.777999877929688,10.818900108337402,9.674528121948242,10937534,9.664172506332397,9.756151084899903,48.882210312235024,47.44794028235394,10.918542617778252,10.834547181583353,10.750551745388455,10.53559733301623,39.67189156365672,46.465678512428774,33.30618513519803,39.67189156365672,0.12290000915527344,0.0,0.054599761962890625,0.06830024719238281,95.90002275346482,90.31028907859718,-0.026833176730463038,-0.04579526167687242,0.018962084946409385,1
150,2015-08-12,10.791600227355957,11.037500381469727,10.75059986114502,10.84630012512207,9.699029922485352,22581948,9.66234393119812,9.746876010894775,50.43053832090369,48.2187942273745,10.878580666465377,10.837636278202012,10.796691889938648,10.562435472985207,40.68882462359468,41.069881280728886,36.372609069588094,40.68882462359468,0.24590015411376953,0.0410003662109375,0.21860027313232422,0.06830024719238281,109.71725774243724,97.74058186759922,-0.022235874466437267,-0.04108338423478539,0.018847509768348127,1
151,2015-08-13,10.84630012512207,10.887200355529783,10.791600227355957,10.832599639892578,9.68677806854248,12575759,9.66112322807312,9.735882396697997,49.62116964123089,47.85479048051562,10.880277109563998,10.83933813340272,10.798399157241441,10.60044066566397,33.830724102467435,38.063813429906254,31.81337810261602,33.830724102467435,0.04090023040771307,0.05469989776611328,0.04090023040771307,0.05469989776611328,141.42061635351132,130.6302517943254,-0.019473515395077357,-0.03676141046684379,0.01728789507176643,1
152,2015-08-14,10.832599639892578,10.832599639892578,10.696000099182127,10.75059986114502,9.613451957702637,16762154,9.65806941986084,9.723910522460937,44.96946594045722,45.712984195090385,10.901469790513092,10.83017258257145,10.758875374629808,10.63540544292843,28.058063740678634,34.192537488913565,15.988204049831625,28.058063740678634,0.0,0.136599540710451,0.0,0.136599540710451,121.88846422168128,123.65358119527505,-0.023628646445581936,-0.03413485766259142,0.010506211217009481,1
153,2015-08-17,10.723299980163574,10.737000465393066,10.682299613952637,10.696000099182127,9.564627647399902,16248223,9.64952073097229,9.712428665161132,42.13696264732249,44.34258372895229,10.921069381067571,10.807221308294643,10.693373235521715,10.667573038011733,17.219564135792478,26.369450659646162,3.8571102549296254,17.219564135792478,0.013700485229492188,0.0410003662109375,-0.013599395751953125,0.06830024719238281,115.75958277604315,114.09339154758752,-0.030970355243496783,-0.03350195717877249,0.0025316019352757055,1
154,2015-08-18,10.75059986114502,10.791600227355957,10.654999732971193,10.654999732971193,9.52796459197998,19841142,9.641580057144164,9.703389835357665,40.09467633304718,43.33101910500604,10.922304004096487,10.773034392789064,10.623764781481642,11.037500381469727,6.615104768253803,17.297577548241616,0.0,6.615104768253803,0.0410003662109375,0.09560012817382635,0.0956001281738299,0.04100036621093395,101.5249996165418,111.13846092464735,-0.039640152258762384,-0.034729596194770465,-0.004910556063991919,0
155,2015-08-19,10.75059986114502,10.75059986114502,10.272500038146973,10.381799697875977,9.283661842346193,29857993,9.625698614120484,9.69215118408203,29.748093822296777,37.43047637814791,11.009750073914713,10.704248264237812,10.39874645456091,11.029850368499757,7.212692372014797,10.349120425353671,17.78096686111461,7.212692372014797,0.0,0.4780998229980469,0.09560012817382635,0.3824996948242205,88.16636727037375,98.63206181783131,-0.06777472363434534,-0.04133862168268544,-0.026436101951659893,0
156,2015-08-20,10.381799697875977,10.381799697875977,10.245200157165527,10.258899688720703,9.173761367797852,28467446,9.600660276412963,9.68115753173828,26.442370541362703,35.19466398436565,10.98857617259374,10.603244991188483,10.217913809783225,10.999556355285645,6.704400349641385,6.844065829969974,2.332234187809388,6.704400349641385,0.0,0.13659954071044922,0.0,0.13659954071044922,83.77534528523844,87.43735810495296,-0.09884910679701164,-0.05284071870555068,-0.04600838809146096,0
157,2015-08-21,10.245200157165527,10.245200157165527,10.108599662780762,10.163200378417967,9.088186264038086,28994418,9.571951246261596,9.668940658569335,24.188405649209606,33.57520194600214,10.906431595381129,10.482963291856422,10.059494988331714,10.954294983398437,9.36914756797715,7.762080096544423,7.994241655007294,9.36914756797715,0.0,0.13660049438476562,-0.013699531555175781,0.1503000259399414,77.99616492996616,82.59478290324502,-0.12970278095946597,-0.06821313115633373,-0.061489649803132235,0
158,2015-08-24,10.040300369262695,10.163200378417967,9.972000122070312,9.972000122070312,8.917208671569824,30415121,9.53896780014038,9.652082710266113,20.439580498124478,30.652737444545146,10.799970178072641,10.344120799040809,9.888271420008977,10.886639357749024,3.442158614272279,6.505235510630251,0.0,3.442158614272279,0.12290000915527166,0.06830024719238281,0.0,0.19120025634765447,77.78480723532276,82.29070833101368,-0.16765023522889955,-0.0881005519708469,-0.07954968325805264,0
159,2015-08-25,9.972000122070312,10.217900276184082,9.76708984375,9.9856595993042,8.929423332214355,37351587,9.504153728485107,9.637423839569092,21.377064975141398,31.09706658647045,10.526393236998423,10.21088793862394,9.895382640249458,10.795175434181154,10.072560448109028,7.627955543452799,22.223439689319633,10.072560448109028,0.24590015411376953,0.2049102783203125,0.24590015411376953,0.2049102783203125,76.27562954145081,82.46379746504702,-0.19438095779479703,-0.10935663313563693,-0.0850243246591601,0
160,2015-08-26,10.053999900817873,10.231499671936037,9.9856595993042,9.999320030212402,8.941640853881836,21648069,9.47178382873535,9.623254356384278,22.362493199194404,31.55198374855399,10.331379122622613,10.101747742959539,9.872116363296465,10.671805163329415,20.000756328790178,11.171825130390475,37.77882929705075,20.000756328790178,0.17749977111816406,0.06834030151367365,0.2458400726318377,0.0,78.02017554829088,94.01318465583331,-0.21201894300565982,-0.1298890951096415,-0.08212984789601832,0
161,2015-08-27,10.190600395202637,10.217900276184082,9.9856595993042,10.176899909973145,9.100436210632324,24268603,9.448574256896972,9.611527519226074,33.949953000095626,37.145441219594055,10.2251732285169,10.043477363404278,9.861781498291657,10.563239324979886,48.57227038625674,26.21519572105196,85.71454217239969,48.57227038625674,0.027299880981445312,0.2049407958984375,0.2185802459716797,0.013660430908203125,74.86891551415252,108.75501475299549,-0.20925579066282296,-0.1457624342202778,-0.06349335644254517,0
162,2015-08-28,10.108599662780762,10.176899909973145,9.972000122070312,9.972000122070312,8.917208671569824,27244190,9.411316347122192,9.596381130218505,28.638590608705698,33.836756283919875,10.160797878628607,10.003761403346175,9.846724928063743,10.4677013872323,55.87203265581368,41.48168645695351,44.12272649799046,55.87203265581368,0.06830024719238281,0.13659954071044922,0.0,0.20489978790283203,71.63948308236053,92.74245731895454,-0.22105152856694765,-0.16082025308961176,-0.060231275477335894,0
163,2015-08-31,9.972000122070312,10.06760025024414,9.944680213928224,9.9856595993042,8.929423332214355,15629741,9.378335571289062,9.578057708740234,29.431192087471995,34.24169140967304,10.129729218870482,9.975764545316352,9.821799871762222,10.383628002014424,58.967083385288184,54.470462142452845,47.06398148547425,58.967083385288184,0.09560012817382812,0.027319908142088067,0.09560012817382812,0.027319908142088067,74.86917780361904,95.97896836829132,-0.2266844529168548,-0.17399309305506036,-0.052691359861794435,0
164,2015-09-01,10.081299781799316,10.081299781799316,9.84904956817627,9.862709999084473,8.819478988647461,15045117,9.332529449462891,9.554604148864746,26.57052235916566,32.391222657677034,10.145258538798828,9.943011365207632,9.740764191616435,10.309643423022694,31.58617613499385,48.80843072536521,3.5718204215166853,31.58617613499385,0.0,0.23225021362304688,0.09564018249511719,0.1366100311279297,72.99609917009174,98.85385014466829,-0.23832235944309232,-0.18685894633266675,-0.05146341311042557,0
165,2015-09-02,10.012999534606934,10.012999534606934,9.79440975189209,9.835390090942383,8.795049667358397,17707165,9.284276628494263,9.53115026473999,25.966576842398098,31.992829404672836,10.146468415120303,9.905424632962614,9.664380850804925,10.244536993509971,20.104201265005244,36.8858202617624,9.676801888024645,20.104201265005244,0.0,0.21858978271484375,0.15028953552246094,0.06830024719238281,62.90785518541339,92.78672653420942,-0.24690381894429336,-0.19886792085499208,-0.04803589808930128,0
166,2015-09-04,10.06760025024414,10.06760025024414,9.84904956817627,9.90369987487793,8.856132507324219,16099773,9.243356847763062,9.510627784729003,30.2364849312236,34.094705097140285,9.995613109249684,9.877653227040497,9.75969334483131,10.187243335538774,13.9406462294095,21.877007876469506,28.573316378687014,13.9406462294095,0.0,0.2185506820678711,0.2322101593017578,-0.013659477233886719,58.21834649175188,103.43526586237735,-0.24536425238263426,-0.20816718716052052,-0.037197065222113745,0
167,2015-09-07,9.95833969116211,10.026599884033203,9.82172966003418,9.876370429992676,8.831695556640625,13850623,9.202435874938965,9.489861583709716,29.503365500095473,33.663058862926626,9.961766960584512,9.858954730733416,9.75614250088232,10.136824916524121,22.27293083898095,18.77259277779854,28.56867425023103,22.27293083898095,0.06826019287109375,0.1366100311279297,0.12290000915527344,0.08197021484375,56.02846568581269,103.37451755624609,-0.2435419921057118,-0.21524214814955878,-0.028299843956153037,0
168,2015-09-08,9.944680213928224,10.094900131225586,9.84904956817627,10.040300369262695,8.97828483581543,18008022,9.166398620605468,9.473003692626953,39.05012777689102,38.50614508562927,10.010844454937091,9.867309121421904,9.723773787906717,9.76708984375,46.32392365843291,27.512500242274427,81.82978034638053,46.32392365843291,0.1502199172973615,0.0956306457519549,0.21852970123291016,0.02732086181640625,57.4374298723508,105.5580551771647,-0.22626185579762925,-0.21744608967917287,-0.008815766118456386,0
169,2015-09-09,10.258899688720703,10.572999954223633,10.053999900817873,10.532099723815918,9.41806411743164,32110160,9.153575420379639,9.464941387176514,57.60088837239373,49.888475695279745,10.465720352299405,9.952417065710165,9.439113779120925,9.773646049499511,68.38178022085869,45.65954490609082,94.74688606596433,68.38178022085869,0.3141002655029297,0.20489978790283025,0.5326995849609375,-0.013699531555177558,66.09755990693546,132.16788870134457,-0.17091294743465646,-0.20813946123026958,0.03722651379561312,1
170,2015-09-10,10.50469970703125,10.50469970703125,10.286199569702148,10.327199935913086,9.23483657836914,17281510,9.130365753173828,9.451016521453857,50.67993901613808,46.19413797274214,10.569537613973683,10.06043513624138,9.551332658509079,9.805620205688477,81.28624860561224,65.33065082830126,67.2820794044917,81.28624860561224,0.0,0.21850013732910156,-0.02740001678466797,0.24590015411376953,56.06917251486549,112.83136693258322,-0.14194597441962387,-0.19490076386814043,0.05295478944851656,1
171,2015-09-11,10.354499816894533,10.354499816894533,10.1496000289917,10.176899909973145,9.100436210632324,18498904,9.10104866027832,9.435870151519776,46.2866790405864,43.73077983102144,10.59668736808873,10.143432918905582,9.690178469722433,9.836315395629883,69.76830876373656,73.14544586340247,47.27596082075342,69.76830876373656,0.0,0.2048997879028338,0.02729988098144709,0.17759990692138672,52.998648347177756,106.59065481635027,-0.1296231802586707,-0.18184524714624647,0.052222066887575774,1
172,2015-09-14,10.299799919128418,10.327199935913086,10.245200157165527,10.272500038146973,9.185922622680664,8433186,9.079672193527221,9.423165016174316,49.29734673716195,45.64278383305318,10.531721941286586,10.205037144948292,9.878352348609999,9.865782777973633,57.68322749618638,69.57926162184505,58.49164226331382,57.68322749618638,0.02740001678466797,0.054599761962890625,0.1503000259399414,-0.06830024719238281,56.07204721962644,118.67391103376113,-0.11086516115848788,-0.16764922994869474,0.056784068790206865,1
173,2015-09-15,10.217900276184082,10.340800285339355,10.176899909973145,10.231499671936037,9.257402420043944,15325355,9.064310932159424,9.412867736816406,51.733462220289404,47.19854971152566,10.487980960879195,10.243213157601836,9.998445354324478,9.894071465023634,46.6559802735725,58.035838844498464,34.200337736650056,46.6559802735725,0.12290000915527344,0.0410003662109375,0.06830024719238281,0.09560012817382812,56.021818497913586,115.57988421533096,-0.0981759712915995,-0.1537545782172757,0.055578606925676205,1
174,2015-09-16,10.272500038146973,10.463800430297852,10.176899909973145,10.409099578857422,9.41809368133545,16264503,9.058817386627197,9.406760730743407,56.762878560329085,50.50135919694342,10.44317637493759,10.283492855494089,10.123809336050588,9.921228604591635,55.256641896900156,53.198616555552995,73.07794569073639,55.256641896900156,0.1913003921508789,0.09560012817382812,0.23230075836181463,0.0545997619628924,58.452497561939445,121.49530675730877,-0.07294796988886532,-0.13759325655159363,0.06464528666272831,1
175,2015-09-17,10.436400413513184,10.436400413513184,10.081299781799316,10.20419979095459,9.232701301574707,21127718,9.056269359588622,9.402810230255128,50.25638518865295,46.98501839661874,10.464337371270998,10.301336114791837,10.138334858312676,9.947299458576914,46.46965010005432,49.460757423508966,32.130666872776324,46.46965010005432,0.0,0.3551006317138672,0.02730083465576172,0.32779979705810547,49.99387300073069,109.26180398118636,-0.06869640805402888,-0.12381388685208068,0.0551174787980518,1
176,2015-09-18,10.231499671936037,10.340800285339355,10.176899909973145,10.20419979095459,9.232701301574707,16336903,9.059216356277465,9.396904964447021,50.25638518865295,46.98501839661874,10.452049336181794,10.298859022027564,10.145668707873334,9.972327478402782,45.77975981209641,49.16868393635027,32.130666872776324,45.77975981209641,0.10930061340331854,0.0545997619628924,0.13660049438476562,0.027299880981445312,46.3361633829429,107.9135775630417,-0.06458254726543444,-0.11196761893475143,0.04738507166931699,1
177,2015-09-21,10.20419979095459,10.31350040435791,10.1496000289917,10.20419979095459,9.232701301574707,11190248,9.066442108154297,9.390511474609376,50.25638518865295,46.98501839661874,10.44436477089089,10.284500154823021,10.124635538755152,9.996354377435615,32.13066687277638,41.46002559497567,32.130666872776324,32.13066687277638,0.10930061340332031,0.054599761962890625,0.10930061340332031,0.054599761962890625,48.08210224003863,110.39645880915138,-0.060623453516360115,-0.10169878585107317,0.041075332334713055,1
178,2015-09-22,10.299799919128418,10.327199935913086,10.231499671936037,10.272500038146973,9.294498443603516,15978871,9.08530659675598,9.383399143218995,52.522097009401456,48.322682784735264,10.433054195178746,10.273752732501038,10.114451269823329,10.019420200507136,38.08274804008839,38.66439157498703,49.98691037471234,38.08274804008839,0.02740001678466797,0.06830024719238104,0.1230001449584961,-0.02729988098144709,49.64594123530621,122.10745707269415,-0.051382281104828564,-0.09163548490182424,0.04025320379699568,1
179,2015-09-23,10.299799919128418,10.299799919128418,10.108599662780762,10.122300148010254,9.158598899841307,20409041,9.096765375137329,9.374057025909424,47.40816695235342,45.69335075276906,10.346591190284904,10.25136309960591,10.156135008926917,10.041563390655796,31.221234401416652,33.81154977142712,11.546125956761111,31.221234401416652,0.0,0.19120025634765625,0.027299880981445312,0.16390037536621094,47.44046212031661,119.28926616263517,-0.05553825086618858,-0.08441603809469711,0.028877787228508534,1
180,2015-09-24,10.176899909973145,10.20419979095459,9.9856595993042,10.081299781799316,9.121500968933104,13894525,9.105758380889892,9.361775016784668,46.08892138516343,45.00018884621656,10.351366659698792,10.21645789045592,10.08154912121305,10.572999954223633,29.487753465479145,32.93057863566137,26.930224064963802,29.487753465479145,0.027299880981445312,0.1912403106689453,0.08189964294433594,0.1366405487060547,45.99892202408116,114.70338300022635,-0.06143212247535068,-0.07981925497082783,0.018387132495477146,1
181,2015-09-25,10.108599662780762,10.122300148010254,9.93101978302002,10.06760025024414,9.109106063842773,12922112,9.106191873550415,9.349733295440673,45.63202218687892,44.76489690412062,10.331303175575457,10.175817574353744,10.02033197313203,10.561253147125244,24.316894511865474,28.341960792920393,34.474333513871336,24.316894511865474,0.013700485229492188,0.1775798797607422,0.0410003662109375,0.15027999877929688,50.000025114118394,122.99370564804155,-0.06644258710829298,-0.07714392139832085,0.01070133429002787,1
182,2015-09-29,10.053999900817873,10.053999900817873,9.780750274658203,9.862709999084473,8.923723220825195,19711115,9.106517601013184,9.334717197418213,39.34900032510934,41.406858919177466,10.375894313235442,10.113280167758596,9.85066602228175,10.536043812561035,25.46771465048916,26.424120875944563,14.998586372632175,25.46771465048916,0.0,0.27324962615966975,-0.013600349426267755,0.2868499755859375,48.26324715547099,115.65810361278774,-0.08595550579232913,-0.07890623827712251,-0.007049267515206625,0
183,2015-09-30,9.890029907226562,9.9856595993042,9.84904956817627,9.917349815368652,8.973160743713379,21522119,9.108704471588135,9.319468383789063,41.656098983806686,42.59771325034104,10.250122489432743,10.047557231758844,9.844991974084946,10.490726200286865,25.263386632435765,25.015998598263437,26.3172400108036,25.263386632435765,0.09562969207763672,0.04098033905029297,0.12294960021972656,0.013660430908203125,51.95695637622977,127.13349587125255,-0.09590512333929091,-0.0823060152895562,-0.013599108049734715,0
184,2015-10-02,10.040300369262695,10.06760025024414,9.84904956817627,9.9856595993042,9.034966468811037,15283417,9.119478845596314,9.306432151794434,44.498526532091475,44.07142281553085,10.167234737547739,9.99845861362099,9.82968248969424,10.448127644749146,29.902107728833567,26.877736337252802,48.390496803064735,29.902107728833567,0.027299880981445312,0.19125080108642578,0.15025043487548828,0.06830024719238281,47.93101206855446,139.66885544506604,-0.09715825833035119,-0.08527646389771519,-0.011881794432635998,0
185,2015-10-05,10.108599662780762,10.231499671936037,10.081299781799316,10.176899909973145,9.208001136779783,17598809,9.140126419067382,9.298566360473632,51.606846445902086,47.95107803937114,10.212974383697377,9.990753361278117,9.768532338858856,10.40808500254369,54.19820955572063,36.45456797232996,87.88689185329335,54.19820955572063,0.12290000915527521,0.027299880981445312,0.2458400726318377,-0.09564018249511719,46.930157085059335,159.24044497117256,-0.08177720531180199,-0.08457661218053256,0.002799406868730564,1
186,2015-10-06,10.272500038146973,10.286199569702148,9.944680213928224,9.9856595993042,9.034966468811037,34336960,9.149068117141724,9.285775127410888,45.351659182373574,44.733103121333286,10.203570645716248,9.991239419322241,9.778908192928235,10.370444918870561,58.939141451445586,47.679819578666574,40.540035697978496,58.939141451445586,0.013699531555175781,0.3278198242187482,0.1092996597290039,0.2322196960449201,39.867101171426796,137.93691078310846,-0.08405022610206636,-0.08447133496483931,0.0004211088627729537,1
187,2015-10-07,9.9856595993042,10.217900276184082,9.9856595993042,10.217900276184082,9.245097160339355,16361370,9.16973819732666,9.277429733276367,52.82902898872822,49.0399987031769,10.254326143158451,10.01777509458175,9.78122404600505,10.335063240217819,70.93438716769369,61.35724605828661,84.37623395180906,70.93438716769369,0.2322406768798828,0.0,0.2322406768798828,0.0,47.3351686576954,139.3123746650846,-0.06634692370969475,-0.0808464527138104,0.01449952900411565,1
188,2015-10-08,10.163200378417967,10.31350040435791,10.1496000289917,10.299799919128418,9.31920051574707,18023344,9.186783981323241,9.272276191711425,55.15915156318898,50.452104152267694,10.323950565047923,10.070375029408538,9.816799493769153,9.780750274658203,73.98881500160326,67.95411454024749,97.05017535502205,73.98881500160326,0.15030002593994318,0.013600349426267755,0.09560012817382812,0.06830024719238281,51.10936390616845,152.1533213456893,-0.0451874198487765,-0.07371464614080361,0.028527226292027114,1
189,2015-10-09,10.340800285339355,10.409099578857422,10.135899543762207,10.135899543762207,9.170904159545898,14444672,9.174425983428955,9.263180179595947,49.851974188217596,47.708506671876144,10.322191221559484,10.114142670741636,9.906094119923788,9.791405277252197,74.20008623084449,73.04109613338045,41.17384938570223,74.20008623084449,0.0682992935180664,0.20490074157714844,0.1092996597290039,0.16390037536621094,48.076594708464306,143.93885644801296,-0.04116917845021817,-0.06720555260268653,0.02603637415246836,1
190,2015-10-12,10.108599662780762,10.20419979095459,10.081299781799316,10.135899543762207,9.170904159545898,18964677,9.171229362487793,9.254817485809326,49.851974188217596,47.708506671876144,10.350075630283282,10.14159679214422,9.933117954005159,9.816113049316407,59.79929137547555,69.32939753597441,41.17384938570223,59.79929137547555,0.09560012817382812,0.027299880981445312,0.06830024719238281,0.054599761962890625,53.34064985504443,147.91531398120404,-0.037551819195504876,-0.061274805921250196,0.02372298672574532,1
191,2015-10-13,10.081299781799316,10.354499816894533,10.081299781799316,10.340800285339355,9.356297492980957,18441627,9.184022426605225,9.250650882720947,55.99126133518425,51.2712042455018,10.346146761026862,10.178988618937247,10.011830476847631,9.839832510498047,55.406023589456204,63.135133731925386,83.87037199696402,55.406023589456204,0.2732000350952166,0.0,0.218600273132326,0.054599761962890625,64.57622231220243,151.82190730441215,-0.017944406557361958,-0.05260872604847255,0.03466431949111059,1
192,2015-10-14,10.354499816894533,10.381799697875977,10.258899688720703,10.381799697875977,9.393392562866213,13115251,9.194395923614502,9.245271396636962,57.12236318092078,51.95049110618959,10.43543912821271,10.228088213655766,10.020737299098823,9.862603193232422,72.23866786755055,62.48132761082741,91.67178221998527,72.23866786755055,0.027299880981443536,0.0956001281738299,0.040999412536621094,0.08190059661865234,67.76466008305695,137.58975623596768,0.0008926294903410792,-0.04190845494070982,0.0428010844310509,1
193,2015-10-15,10.340800285339355,10.477399826049805,10.327199935913086,10.463800430297852,9.467585563659668,23584387,9.204905080795289,9.242842330932618,59.37154480087412,53.30075424582126,10.555188353318869,10.288812831989496,10.022437310660123,9.884463048657421,90.70294358500765,72.78254501400477,96.56667653807354,90.70294358500765,0.13659954071044922,0.013600349426269531,0.09560012817382812,0.054599761962890625,72.47082854649987,138.03329790366087,0.022182187618460247,-0.029090326428875803,0.05127251404733605,1
194,2015-10-16,10.50469970703125,10.50469970703125,10.422800064086914,10.50469970703125,9.504591941833496,9474917,9.209229993820191,9.238222141265869,60.48495325270081,53.969837074181626,10.611791164926519,10.354681680812185,10.09757219669785,9.920039255300964,96.07948625268631,86.34036590174814,100.0,96.07948625268631,0.0,0.08189964294433594,0.04089927673339844,0.0410003662109375,68.1005653487873,129.6682494853509,0.041871872756050976,-0.014897886591890447,0.05676975934794142,1
195,2015-10-19,10.422800064086914,10.6003999710083,10.422800064086914,10.572999954223633,9.566389083862305,10487638,9.22591438293457,9.234347801208497,62.340920857515115,55.084271553834206,10.590169008679927,10.423201718386622,10.256234428093316,9.966812091439387,97.09610294173365,94.62617759314251,94.72163228712733,97.09610294173365,0.17759990692138672,0.0,0.09570026397705078,0.08189964294433594,68.20165805476914,106.72328042534464,0.06226954467399892,0.0005355996612874288,0.0617339450127115,1
196,2015-10-20,10.572999954223633,10.709699630737305,10.559399604797363,10.696000099182127,9.677679061889648,13952063,9.248163270950318,9.234410820007325,65.48496449725819,57.02733186543092,10.711712853627724,10.499670693618839,10.287628533609954,10.030170879396278,97.22756470224145,96.80105129888712,96.9610618195969,97.22756470224145,0.13669967651367188,0.013600349426269531,0.13669967651367188,0.013600349426269531,78.07530893339425,125.3454546708475,0.08735297959587207,0.01789907564820436,0.0694539039476677,1
197,2015-10-22,10.6003999710083,10.764300346374512,10.586700439453123,10.75059986114502,9.727080345153807,15751475,9.272882223129272,9.23595012664795,66.80960534405858,57.866391692292794,10.799328091159541,10.579820484793444,10.360312878427347,10.111714329557202,96.18276394238636,96.8354771954538,96.8655977204347,96.18276394238636,0.16390037536621094,0.013699531555177558,0.06830024719238459,0.1092996597290039,90.08090039296775,131.25026686022966,0.11036530443944059,0.0363923214064516,0.07397298303298899,1
198,2015-10-23,10.85990047454834,10.900899887084961,10.791600227355957,10.85990047454834,9.82597541809082,15338649,9.299456071853637,9.23848903656006,69.34589886543922,59.507749318332024,10.917779980243822,10.66521901821055,10.412658056177278,10.203076371911626,95.0837224810348,96.1646837085542,91.42450790307267,95.0837224810348,0.040999412536621094,0.06830024719238281,0.1503000259399414,-0.0410003662109375,90.12886836951601,129.60020975022368,0.1358563166602842,0.05628512045721812,0.07957119620306607,1
199,2015-10-26,10.928199768066406,10.98289966583252,10.873600006103516,10.914600372314453,9.875467300415039,19724785,9.335299491882324,9.242507820129395,70.55842775367488,60.31017954872699,10.99261007727553,10.750903169195354,10.509196261115177,10.31472813433936,92.03199068711102,94.43282570351072,87.80586643782554,92.03199068711102,0.05469989776611328,0.054599761962890625,0.12299919128417969,-0.013699531555175781,87.07653678682618,139.12161802824235,0.15864321190684372,0.07675673874714324,0.08188647315970048,1
200,2015-10-27,10.914600372314453,10.955499649047852,10.887200355529783,10.941900253295898,9.900168418884276,17321021,9.374232864379882,9.246530590057374,71.17133584892757,60.71313740458366,11.018680794341014,10.829367344176958,10.640053894012903,10.434999010008129,89.84976219645417,92.32182512153331,90.3189122484642,89.84976219645417,0.04089927673339844,0.027400016784669745,0.04089927673339844,0.027400016784669745,83.53196268679994,131.57567680039637,0.17686606094575374,0.09677860318686535,0.0800874577588884,1
201,2015-10-28,10.928199768066406,10.98289966583252,10.928199768066406,10.969200134277344,9.924869537353516,12835275,9.41502103805542,9.251292419433593,71.80347776424766,61.122467291346474,11.050924915900161,10.896337014504802,10.741749113109442,10.533621128056518,91.55568019940522,91.14581102765679,96.54226191192578,91.55568019940522,0.05469989776611328,0.0,0.040999412536621094,0.013700485229492188,99.41006904006798,156.38675826693998,0.1913054225109878,0.11568396705168985,0.07562145545929796,1
202,2015-10-29,10.955499649047852,10.996500015258787,10.914600372314453,10.928199768066406,9.887772560119627,16753046,9.463223505020142,9.256778831481933,69.34420428392649,60.14646157271295,11.015541779033306,10.943040601617284,10.870539424201262,10.614491264856198,84.50922856074062,88.63822365219998,66.66651152183178,84.50922856074062,0.041000366210935724,0.04089927673339844,0.027299880981443536,0.054599761962890625,96.92336850359278,147.69250239889894,0.19716750936708216,0.1319806755147683,0.06518683385231386,1
203,2015-10-30,10.928199768066406,10.928199768066406,10.723299980163574,10.75059986114502,9.727080345153807,17049049,9.500919485092163,9.260027885437012,59.79120680610941,56.12089810088876,11.104100166860883,10.949519344271494,10.794938521682104,10.690893014936716,57.73380264708819,77.93290380241133,9.992634507506933,57.73380264708819,0.0,0.20489978790283203,0.0,0.20489978790283203,86.06970950381536,130.2429154271745,0.185345875333347,0.14265371547848404,0.042692159854862965,1
204,2015-11-02,10.545700073242188,10.723299980163574,10.545700073242188,10.61400032043457,9.603486061096193,11751554,9.52934546470642,9.261538314819337,53.66731392221522,53.27675044247427,11.184854975613653,10.910744438974312,10.636633902334971,10.996500015258787,30.60334858604325,57.61545993129067,15.150899728790957,30.60334858604325,0.17759990692138672,0.0,-0.027299880981445312,0.20489978790283203,95.23204858095781,108.99538226659703,0.16307487818091637,0.1467379480189705,0.016336930161945873,1
205,2015-11-03,10.777999877929688,10.832599639892578,10.682299613952637,10.75059986114502,9.727080345153807,10970359,9.555299425125122,9.27040668487549,58.270114347038856,55.609723098522046,11.123273811201017,10.863260361572031,10.603246911943046,10.987484016418456,23.53200729036979,37.28971950783373,45.45248763481141,23.53200729036979,0.054599761962890625,0.09570026397705078,0.2185993194580078,-0.0682992935180664,101.8919260946595,132.40247064650555,0.1546645175263599,0.14832326192044837,0.006341255605911533,1
206,2015-11-04,10.85990047454834,11.051199913024902,10.818900108337402,10.941900253295898,9.900168418884276,26743180,9.598559522628785,9.284934825897217,63.70766176952225,58.61111922044982,11.090778353748517,10.844194861955984,10.59761137016345,10.545700073242188,46.32709718111912,33.487484352510705,78.37790417975494,46.32709718111912,0.1912994384765625,0.0410003662109375,0.3006000518798828,-0.06830024719238281,117.4719616577367,161.33819638953582,0.1615730751620177,0.15097322456876222,0.010599850593255467,1
207,2015-11-05,10.969200134277344,10.969200134277344,10.737000465393066,10.818900108337402,9.78887939453125,9756208,9.625748634338379,9.29894868850708,58.435346630927995,56.08272923992628,11.04965082667501,10.83630726474162,10.62296370280823,10.555810070037841,59.29197179743611,43.05035875630833,54.04552357774193,59.29197179743611,0.0,0.23219966888427734,0.027299880981445312,0.20489978790283203,113.74608397240915,155.5137141176942,0.1553324967868619,0.15184507901238214,0.0034874177744797508,1
208,2015-11-06,10.85990047454834,10.85990047454834,10.61400032043457,10.668700218200684,9.652976989746094,13759434,9.64243745803833,9.313664054870605,52.69976024990586,53.17762286454659,11.04511216756496,10.814825591476179,10.584539015387397,10.565717866897582,52.25193611983664,52.62366836613061,24.332380602012996,52.25193611983664,0.0,0.24590015411376953,0.0410003662109375,0.20489978790283203,115.25443243595666,166.4391762726224,0.1366912262337454,0.1488143084566548,-0.012123082222909393,0
209,2015-11-09,10.654999732971193,10.777999877929688,10.586700439453123,10.737000465393066,9.714776039123537,10484818,9.669631052017213,9.32937110900879,54.86904260287962,54.29411066790919,10.975567201972451,10.790597168040804,10.605627134109158,10.575427507820129,36.911773318512616,49.48522707859511,32.35741577578286,36.911773318512616,0.12300014495849432,0.06829929351806996,0.1092996597290039,0.08199977874756037,115.05748002425946,159.09484017002057,0.1259769601777485,0.14424683880087355,-0.01826987862312504,0
210,2015-11-10,10.641300201416016,10.791600227355957,10.545700073242188,10.641300201416016,9.62818717956543,20215295,9.692495203018188,9.343102035522461,51.31775918012885,52.47593758676656,10.976210296091784,10.758037843286203,10.539865390480623,11.051199913024902,25.200598691980147,38.121436043443126,18.91199969814453,25.200598691980147,0.1503000259399414,0.09560012817382812,0.054599761962890625,0.1913003921508789,126.74451191925688,143.41112652440125,0.10851274821915169,0.13710002068452917,-0.028587272465377483,0
211,2015-11-11,10.572999954223633,10.723299980163574,10.572999954223633,10.709699630737305,9.69007396697998,10651845,9.70918402671814,9.354894790649414,53.62788410933587,53.626945705569675,10.853716901178482,10.730810091406497,10.607903281634512,11.041089916229248,29.998072285828954,30.70348143210723,38.724801383559424,29.998072285828954,0.1503000259399414,0.0,0.0819997787475586,0.06830024719238281,129.89686572664283,123.67602671676137,0.0990497132889665,0.12948995920541664,-0.030440245916450143,0
212,2015-11-12,10.737000465393066,10.791600227355957,10.6003999710083,10.777999877929688,9.751871109008787,17845373,9.727107954025268,9.371588039398194,55.879333089301085,54.76153175630565,10.81709289838322,10.72021517147784,10.623337444572458,11.031182119369507,43.85681487226329,33.01849528335745,73.93364353508588,43.85681487226329,0.054599761962890625,0.13660049438476562,0.08190059661865234,0.1092996597290039,146.18927820256323,130.23999574046348,0.09595533568905168,0.12278303450214365,-0.026827698813091966,0
213,2015-11-13,10.668700218200684,10.696000099182127,10.6003999710083,10.627699851989746,9.61588191986084,8604691,9.734522771835326,9.385317211151124,50.1132792052171,51.86564368562846,10.81921452244476,10.705329885875564,10.591445249306368,11.021472478446961,48.668407673923106,40.84109827733844,33.346778103123974,48.668407673923106,0.027299880981443536,0.06830024719238281,-0.08199977874756037,0.17759990692138672,129.65973095005282,103.96379694761802,0.08044771201654122,0.11431597000502317,-0.03386825798848195,0
214,2015-11-16,10.477399826049805,10.586700439453123,10.45009994506836,10.559399604797363,9.554083824157717,8002915,9.736997365951538,9.400009307861328,47.7042611875311,50.604512102809466,10.826907430159226,10.677627533601111,10.528347637042996,11.011957030342867,46.42871735239465,46.31797996619367,32.00573041897405,46.42871735239465,0.10930061340331854,0.027299880981445312,-0.04099941253662287,0.17759990692138672,126.49639214820458,92.51416984085333,0.061932628599466355,0.1038393017239118,-0.041906673124445445,0
215,2015-11-17,10.641300201416016,10.641300201416016,10.532099723815918,10.6003999710083,9.591181755065918,9621722,9.738236999511718,9.415931949615478,49.28049806876553,51.34107861558553,10.805940928790761,10.648494027345102,10.491047125899442,10.989482746931886,36.45473092273111,43.850618649682936,44.01168424609524,36.45473092273111,0.0,0.10920047760009766,0.08190059661865234,0.027299880981445312,129.49077827923895,97.34484811445743,0.04999140865591478,0.09306972311031239,-0.04307831445439761,0
216,2015-11-18,10.654999732971193,10.709699630737305,10.463800430297852,10.586700439453123,9.578784942626953,17443893,9.733292293548583,9.430384998321534,48.75169986516634,51.077138223953646,10.776267439691892,10.622270774182574,10.468274108673256,10.967907434857345,38.67250878971413,40.51865235494662,40.00011170407305,38.67250878971413,0.054699897766111505,0.19119930267334162,0.1092996597290039,0.13659954071044922,116.34637335732678,95.52293446592141,0.038973209218177374,0.08225042033188538,-0.04327721111370801,0
217,2015-11-19,10.572999954223633,10.709699630737305,10.572999954223633,10.668700218200684,9.652976989746094,23401022,9.729587125778199,9.446810626983643,52.06670477468982,52.589841902315136,10.685654879249666,10.611119793858244,10.53658470846682,10.947195135265785,56.072824872457936,43.73335486163438,84.20667866720547,56.072824872457936,0.13669967651367188,0.0,0.12299919128418146,0.013700485229490411,109.25838897425638,92.8180115755062,0.03643787053635705,0.07308791037277972,-0.03665003983642266,0
218,2015-11-20,10.723299980163574,10.805299758911133,10.654999732971193,10.791600227355957,9.764178276062012,12368511,9.726497268676757,9.462528495788574,56.598276203625474,54.763913102169305,10.793634583629387,10.627015229740195,10.460395875851003,10.927311327657888,73.4499794166476,56.06510435960655,96.14314787866421,73.4499794166476,0.0819997787475586,0.06830024719238104,0.13659954071044922,0.013700485229490411,113.71071084295501,100.6774493151214,0.043840237022687134,0.0672383757027612,-0.023398138680074065,0
219,2015-11-23,10.737000465393066,10.791600227355957,10.682299613952637,10.75059986114502,9.727080345153807,7446538,9.719077920913696,9.468708820343018,54.739045326888494,53.90865925892483,10.816610107539434,10.65510020841095,10.493590309282466,10.908222872354306,88.11075181534278,72.54451870148277,83.98242890015862,88.11075181534278,0.054599761962890625,0.05470085144042969,0.0,0.10930061340332031,107.07349428513184,93.42141823457568,0.045869523580361005,0.06296460527828115,-0.01709508169792015,0
220,2015-11-24,10.682299613952637,10.723299980163574,10.6003999710083,10.654999732971193,9.640582084655762,8374419,9.706098604202271,9.47682373046875,50.56797022374053,51.94704607594034,10.818911983972718,10.673741476011664,10.528570968050609,10.88989795526287,78.70458987509151,80.0884403690273,55.98819284645167,78.70458987509151,0.0410003662109375,0.08189964294433594,-0.027299880981445312,0.15019989013671875,109.18735108057764,85.63375893864966,0.039310469791676184,0.05823377818096016,-0.01892330838928398,0
221,2015-11-25,10.75059986114502,10.75059986114502,10.586700439453123,10.61400032043457,9.603486061096193,10074820,9.690029430389405,9.486884727478028,48.84883641091364,51.119755905463514,10.806491572152213,10.676043747322552,10.545595922492891,10.87230603485509,52.54012842595892,73.11849003879775,17.64976353126642,52.54012842595892,0.0,0.1638994216918963,0.09560012817382635,0.06829929351806996,92.23667632506735,86.1653345697157,0.030453019016519534,0.052677626348072035,-0.0222246073315525,0
222,2015-11-26,10.696000099182127,10.791600227355957,10.627699851989746,10.641300201416016,9.62818717956543,10321521,9.677050161361695,9.495730018615722,50.06615187758491,51.65145260563185,10.807019531069898,10.670296923153202,10.533574315236507,10.855417791263621,32.871684139098925,54.7054674800498,24.977096039578655,32.871684139098925,0.0956001281738299,0.06830024719238104,0.17759990692138672,-0.013699531555175781,87.9945789638338,89.16902995394338,0.025344146162520786,0.04721093031096178,-0.021866784148440996,0
223,2015-11-27,10.764300346374512,10.764300346374512,10.50469970703125,10.559399604797363,9.554083824157717,12287943,9.66840033531189,9.501663646697999,46.49155071098459,49.960720446823984,10.777415559195193,10.652358762147308,10.527301965099424,10.83920507741581,20.56422199032957,35.32534485179581,19.0658064001436,20.56422199032957,0.0,0.2596006393432617,0.1230001449584961,0.13660049438476562,72.17660326822075,90.56657123049399,0.014519264895220374,0.0406725972278135,-0.026153332332593128,0
224,2015-11-30,10.518400192260742,10.627699851989746,10.354499816894533,10.395500183105467,9.405789375305176,30647104,9.65851550102234,9.501417560577393,40.29183059460971,46.782685216463165,10.798313701346203,10.609081467854288,10.419849234362374,10.823640872121912,17.80766066295676,23.74785559746176,9.380079549147988,17.80766066295676,0.1092996597290039,0.16390037536620916,0.06830024719238281,0.20489978790283025,72.14857278894604,77.96512503855291,-0.007201826886721108,0.03109771240490658,-0.03829953929162769,0
225,2015-12-01,10.45009994506836,10.627699851989746,10.354499816894533,10.586700439453123,9.578784942626953,14380480,9.651100730895996,9.508339233398438,48.85941696197686,50.58536661887552,10.747806819625486,10.575070488795184,10.402334157964882,10.795492408808268,27.18961122502373,21.85383129277003,53.12294772577956,27.18961122502373,0.17759990692138672,0.09560012817382635,0.23219966888427912,0.04100036621093395,75.82152892627096,80.65666081074036,-0.00888526208544782,0.0231011175068357,-0.03198637959228352,0
226,2015-12-02,10.654999732971193,10.654999732971193,10.545700073242188,10.61400032043457,9.603486061096193,9262846,9.636266613006592,9.515754928588867,49.9634409197998,51.10273214570679,10.732694451547813,10.55995812071751,10.387221789887208,10.769032853293444,40.623884090097015,28.54038532602584,59.36862499536346,40.623884090097015,0.0,0.10929965972900568,0.06829929351806996,0.041000366210935724,71.89425002799972,81.31749899120719,-0.00792516796529874,0.01689586041240881,-0.02482102837770755,0
227,2015-12-03,10.50469970703125,10.6003999710083,10.45009994506836,10.518400192260742,9.516986846923828,7074866,9.622671985626221,9.52144063949585,46.20200335877741,49.23088922780507,10.701447088922516,10.548489893317708,10.3955326977129,10.744160871109509,50.82891073784703,39.5474686843226,39.995159492398045,50.82891073784703,0.09570026397705078,0.054599761962890625,-0.013600349426269531,0.16390037536621094,71.95947775187625,74.61397279578915,-0.014708863218759305,0.010574915686175187,-0.02528377890493449,0
228,2015-12-04,10.3681001663208,10.463800430297852,10.3681001663208,10.45009994506836,9.45518970489502,14410862,9.612782621383667,9.52465446472168,43.67241619431251,47.930166542866,10.693223514125647,10.529700824348865,10.366178134572083,10.72078120785661,43.72582665098897,45.05954049297768,31.813695465205363,43.72582665098897,0.09570026397705078,0.0,-0.054599761962890625,0.1503000259399414,75.15072193873281,69.00291491458249,-0.02530455456694547,0.003399021635551055,-0.028703576202496524,0
229,2015-12-07,10.518400192260742,10.532099723815918,10.3681001663208,10.436400413513184,9.442795753479004,9022378,9.599183607101441,9.530338401794433,43.16200924672277,47.66822062122822,10.64687860922914,10.505016135392609,10.363153661556078,10.698804324398886,33.02121227280889,42.525316553881645,27.254781860823222,33.02121227280889,0.013699531555175781,0.1503000259399414,0.0819997787475586,0.0819997787475586,77.27070566027953,75.39559752358439,-0.0344104912792762,-0.004162880947414398,-0.030247610331861803,0
230,2015-12-08,10.463800430297852,10.463800430297852,10.258899688720703,10.31350040435791,9.331594467163086,15582076,9.584353971481324,9.534540271759033,38.78245998951382,45.36155357108246,10.663547926069612,10.465489761459807,10.267431596850003,10.678146053948625,24.284351445414753,33.67713012307089,13.784577010215639,24.284351445414753,0.0,0.20490074157714844,0.02740001678466797,0.17750072479248047,65.21558787171892,78.31428190451027,-0.0509566191628128,-0.013521628590494078,-0.03743499057231872,0
231,2015-12-09,10.272500038146973,10.299799919128418,10.245200157165527,10.258899688720703,9.282193183898926,12509661,9.56395993232727,9.538002014160156,36.98694385231788,44.37233794093882,10.603393216635983,10.413357376093806,10.22332153555163,10.644606344730391,14.965403664124894,24.09032246078286,3.8568521213357894,14.965403664124894,0.027299880981445312,0.027299880981445312,-0.013700485229492188,0.06830024719238281,65.85232617171647,65.83399870060457,-0.0676950201006008,-0.024356306892515424,-0.043338713208085376,0
232,2015-12-10,10.272500038146973,10.299799919128418,10.245200157165527,10.258899688720703,9.282193183898926,7586512,9.540476036071777,9.545171413421631,36.98694385231788,44.372337940938834,10.527627415703288,10.359797935150233,10.191968454597179,10.604665725973906,7.472152018840183,15.573969042793294,4.775026924969086,7.472152018840183,0.027299880981445312,0.027299880981445312,0.040900230407714844,0.013699531555175781,60.12197293604243,54.63302207122075,-0.08003769866894572,-0.03549258524780148,-0.04454511342114424,0
233,2015-12-11,10.122300148010254,10.245200157165527,10.122300148010254,10.20419979095459,9.232701301574707,14891352,9.52131700515747,9.550362224578857,35.09889795269523,43.35371456312017,10.464936362914797,10.306985578687332,10.149034794459867,10.568719169093068,9.539057105301064,10.658870929422065,19.985292269598283,9.539057105301064,0.12290000915527344,0.0,-0.013699531555175781,0.13659954071044922,70.73973266429948,54.49815195602269,-0.09315930251245064,-0.047025928700731315,-0.04613337381171932,0
234,2015-12-14,10.108599662780762,10.20419979095459,10.053999900817873,10.176899909973145,9.208001136779783,10104910,9.504012870788575,9.553822917938232,34.16165209837286,42.84466713602454,10.352983937675303,10.257698124238168,10.162412310801033,10.51514888656313,18.25017394033597,11.753794354825757,29.990202626440503,18.25017394033597,0.09560012817382812,0.05459976196288885,0.0,0.15019989013671697,80.86359955230404,54.08022755670061,-0.10455588517454473,-0.058531919995493994,-0.04602396517905073,0
235,2015-12-15,10.081299781799316,10.190600395202637,10.053999900817873,10.108599662780762,9.146202087402344,15715943,9.481763887405396,9.552586936950684,31.868719501287124,41.57797385871495,10.32115148117822,10.208608602288201,10.096065723398183,10.450588028558794,24.062859282616724,17.284030109417937,22.21308295181134,24.062859282616724,0.10930061340332031,0.027299880981443536,0.013700485229492188,0.12290000915527166,81.73208413444758,49.7498115210543,-0.11774176441318751,-0.0703738888790327,-0.04736787553415481,0
236,2015-12-16,10.20419979095459,10.217900276184082,10.108599662780762,10.163200378417967,9.195605278015137,13165939,9.462604904174805,9.555799713134766,35.59057681545323,42.975637293372344,10.269643769546903,10.17096128296535,10.072278796383799,10.395065690675064,32.20994648992311,24.840993237625288,44.42655389151746,32.20994648992311,0.013700485229492188,0.09560012817382812,0.10930061340332031,0.0,75.63389492219899,55.68041759218827,-0.12237518234803701,-0.08077414757283356,-0.04160103477520345,0
237,2015-12-17,10.245200157165527,10.286199569702148,10.1496000289917,10.231499671936037,9.257402420043944,10205536,9.442826175689698,9.556045818328858,40.00549555455507,44.69204804124149,10.237511463771913,10.154666951900928,10.071822440029944,10.347316480095058,47.69412302358315,34.65564293204102,76.4427322274206,47.69412302358315,0.040999412536621094,0.09560012817382812,0.12299919128418146,0.013600349426267755,67.85830948741066,58.57058492937944,-0.11916238743118868,-0.08845179554450458,-0.030710591886684097,0
238,2015-12-18,10.176899909973145,10.245200157165527,10.122300148010254,10.135899543762207,9.170904159545898,14196915,9.413162469863892,9.553079891204835,36.25909717075965,42.821140747454486,10.226865584245425,10.144020946575182,10.061176308904939,10.306252158996251,52.04683349139325,43.983634334966524,35.27121435524164,52.04683349139325,0.06830024719238281,0.054599761962890625,0.013700485229490411,0.10919952392578303,70.93537564661594,55.81438946827599,-0.12291348554232506,-0.09534413354406868,-0.027569351998256386,0
239,2015-12-21,10.135899543762207,10.217900276184082,10.108599662780762,10.1496000289917,9.18329906463623,10416453,9.385973405838012,9.55332778930664,37.1671303403583,43.17464469678605,10.219077620667552,10.136963844167695,10.05485006766784,10.286199569702148,50.961821484946576,50.234259333307676,41.17151787217744,50.961821484946576,0.082000732421875,0.027299880981445312,0.082000732421875,0.027299880981445312,74.72207854901565,66.49007411301614,-0.12335874039123595,-0.10094705491350213,-0.022411685477733825,0
240,2015-12-22,10.176899909973145,10.217900276184082,10.135899543762207,10.190600395202637,9.220396041870117,7587562,9.36496410369873,9.554317626953125,39.92550729631956,44.24452668320559,10.205419828090772,10.137624296882144,10.069828765673517,10.25369161605835,40.87144666547741,47.96003388060576,46.171607769013086,40.87144666547741,0.0410003662109375,0.0410003662109375,0.06830024719238281,0.013700485229492188,71.19436474435493,76.60435523086463,-0.11903110468747258,-0.10456386486829622,-0.014467239819176358,0
241,2015-12-23,10.176899909973145,10.31350040435791,10.176899909973145,10.258899688720703,9.282193183898926,7301699,9.348899459838867,9.552835540771484,44.31130234428796,46.00085119959834,10.245664507167477,10.151965748137386,10.058266989107294,10.053999900817873,53.56524262446803,48.46617025829735,73.3526022322135,53.56524262446803,0.13660049438476562,0.0,0.12290000915527344,0.013700485229492188,81.31882784272216,79.00198072286221,-0.10883565039747012,-0.105418221974131,-0.003417428423339114,0
242,2015-12-24,10.286199569702148,10.340800285339355,10.231499671936037,10.245200157165527,9.269797325134276,4584669,9.33097996711731,9.550363636016845,43.62333161086928,45.701384107139496,10.27150064287366,10.172824622675954,10.074148602478248,10.059189910888673,59.45095374171549,51.295881010553664,58.82865122391983,59.45095374171549,0.05460071563720703,0.054699897766111505,0.08190059661865234,0.027400016784666192,86.91816443576282,81.89446014141404,-0.10070030667155727,-0.10447463891361626,0.003774332242058989,1
243,2015-12-28,10.286199569702148,10.422800064086914,10.245200157165527,10.340800285339355,9.356297492980957,6503797,9.321090650558471,9.548137874603272,49.51384028845302,48.14433127766947,10.335423654658541,10.205460538612428,10.075497422566315,10.0704543258667,68.69444349078962,60.570213285657736,73.90207701623551,68.69444349078962,0.13660049438476562,0.040999412536621094,0.17759990692138672,0.0,85.15049990518028,85.15032521874726,-0.0855526589787381,-0.10069024292664062,0.01513758394790253,1
244,2015-12-29,10.3681001663208,10.381799697875977,10.272500038146973,10.354499816894533,9.368691444396973,4659151,9.31923575401306,9.54541986465454,50.31488582966149,48.48869309496408,10.367371331750892,10.244487841164776,10.12160435057866,10.091595070159913,69.64149366776007,65.92896363342176,76.19375276312483,69.64149366776007,0.013699531555175781,0.09560012817382812,0.040999412536621094,0.06830024719238281,80.68243385396242,78.3064836182446,-0.07161704463405094,-0.0948756032681227,0.023258558634071752,1
245,2015-12-30,10.45009994506836,10.45009994506836,10.354499816894533,10.422800064086914,9.430489540100098,7789278,9.311820983886719,9.542701873779297,54.215668334341224,50.19878046739849,10.421205821980502,10.29029993569472,10.159394049408936,10.111467369795534,80.03439842395117,72.79011186083365,90.00736549249314,80.03439842395117,0.0,0.09560012817382635,0.09560012817382635,0.0,76.49072656862545,87.51841260328804,-0.05443422684284904,-0.08678732798306796,0.032353101140218915,1
246,2015-12-31,10.422800064086914,10.436400413513184,10.3681001663208,10.381799697875977,9.393392562866213,3705211,9.30131630897522,9.537016143798828,51.59689950119907,49.18233846328807,10.448618160547817,10.330654917737192,10.212691674926567,10.13855797581736,78.31892080708035,75.99827096626389,68.75564416562301,78.31892080708035,0.013600349426269531,0.05469989776611328,0.013600349426269531,0.05469989776611328,76.17099740936877,94.1701273042399,-0.04362225662619501,-0.07815431371169337,0.03453205708549836,1
247,2016-01-04,10.286199569702148,10.409099578857422,10.108599662780762,10.190600395202637,9.220396041870117,18796518,9.286486768722535,9.526882457733155,41.52398957562733,44.795819267482045,10.496553951453343,10.338779065235599,10.181004179017854,10.45009994506836,60.92497243745287,73.09276388949483,24.011907654242382,60.92497243745287,0.12290000915527344,0.17759990692138672,0.027299880981445312,0.27320003509521484,81.58756434417565,81.58739753284274,-0.04990658608137544,-0.07250476818562979,0.02259818210425435,1
248,2016-01-05,10.122300148010254,10.231499671936037,10.108599662780762,10.190600395202637,9.220396041870117,7369509,9.274747085571288,9.514770870208741,41.523989575627326,44.79581926748204,10.5182463758936,10.321567959261891,10.124889542630182,10.443269939422608,38.92648649136928,59.39012657863419,24.011907654242382,38.92648649136928,0.10919952392578303,0.013700485229492188,0.040899276733400214,0.082000732421875,84.46365807556698,71.69882898428612,-0.05426147000117609,-0.06885610854873905,0.01459463854756296,1
249,2016-01-06,10.190600395202637,10.245200157165527,10.053999900817873,10.06760025024414,9.109106063842773,10757788,9.258062601089478,9.499443645477294,36.24482282377035,42.192353719558554,10.54240982172285,10.277751545104643,10.013093268486434,10.43657653388977,17.15245984547735,39.00130625809986,3.4335642279472047,17.15245984547735,0.054599761962890625,0.13660049438476385,0.054599761962890625,0.13660049438476385,92.81095486937836,68.54964412889585,-0.06686702913729548,-0.06845829266645034,0.0015912635291548682,1
250,2016-01-07,10.040300369262695,10.122300148010254,10.012999534606934,10.040300369262695,9.084405899047852,12032755,9.245703172683715,9.483128395080566,35.17591516325334,41.63540500481033,10.460549216498718,10.219007176617424,9.97746513673613,10.421273468566895,11.297819708171145,22.45892201500595,6.44798724232377,11.297819708171145,0.0819997787475586,0.02730083465576172,0.05469989776611328,0.05460071563720703,98.45645687577623,72.97309791453482,-0.0781589303149719,-0.07039842019615465,-0.007760510118817246,0
251,2016-01-08,10.190600395202637,10.190600395202637,10.012999534606934,10.053999900817873,9.0968017578125,12664221,9.236433601379394,9.466567039489746,36.19292348616474,42.03363007044545,10.29617097793407,10.161189149694138,10.026207321454207,10.396777032529297,6.7441880841798545,11.731489212609473,10.351012782268512,6.7441880841798545,0.0,0.17760086059570312,0.1503000259399414,0.02730083465576172,84.44774500033915,69.39229510649311,-0.08502232125245435,-0.0733232004074146,-0.011699120845039754,0
252,2016-01-11,9.972000122070312,10.012999534606934,9.835390090942383,9.890029907226562,8.948442459106445,18965206,9.21974606513977,9.447780437469483,30.105228596202892,38.751888295196,10.285159825108279,10.093811776060448,9.902463727012618,10.373750382653954,10.043987006617343,9.361998266322804,13.33296099525967,10.043987006617343,0.040999412536621094,0.1366100311279297,-0.041000366210939276,0.21860980987549006,85.40618798788014,58.75240315178326,-0.10251093391158328,-0.07916074710824833,-0.02335018680333495,0
253,2016-01-12,9.972000122070312,10.026599884033203,9.82172966003418,9.835390090942383,8.899003982543945,10833312,9.203061199188232,9.431218910217286,28.39146092964924,37.73380643363141,10.210859362580317,10.01952632677488,9.828193290969443,10.330681559317028,8.969934007706064,8.586036366167777,3.2258282455899345,8.969934007706064,0.054599761962890625,0.1502704620361328,0.13656997680664062,0.06830024719238281,79.16297398086765,68.62495653737247,-0.11940335442887928,-0.08720926857237452,-0.03219408585650477,0
254,2016-01-13,9.999320030212402,9.999320030212402,9.835390090942383,9.890029907226562,8.948442459106445,16959264,9.190083265304565,9.41811803817749,32.52783085048896,39.38524510800552,10.132592132129158,9.956014938374047,9.779437744618935,10.279786369388743,11.69160923369848,10.235176749340653,18.516038460245767,11.69160923369848,0.0,0.16392993927001953,0.16392993927001953,0.0,68.58246189689228,85.20848974181614,-0.12691870305732422,-0.09515115546936445,-0.03176754758795977,0
255,2016-01-14,9.835390090942383,9.972000122070312,9.780750274658203,9.95833969116211,9.010247230529783,14205070,9.183285522460938,9.40378137588501,37.39633895778201,41.40016470623242,10.067531991226879,9.91726102600159,9.766990060776301,10.233980698453287,21.69073278561029,14.117425342338302,43.33033165099509,21.69073278561029,0.1366100311279297,0.05463981628417969,0.08197021484375,0.10927963256835938,77.84457287011422,84.0252465161923,-0.12591121619236034,-0.10130316761396363,-0.024608048578396713,0
256,2016-01-15,9.917349815368652,9.972000122070312,9.84904956817627,9.93101978302002,8.985529899597168,9997094,9.17278175354004,9.385488605499267,36.26921008917351,40.83716420823325,9.980833122811754,9.897241896834934,9.813650670858115,10.179593047597876,40.989634335325924,24.790658784878257,61.12253289473684,40.989634335325924,0.054650306701660156,0.06830024719238281,0.013660430908203125,0.10929012298583984,86.32310824887819,86.32011363031388,-0.12586635486855258,-0.10621580506488142,-0.01965054980367116,0
257,2016-01-18,9.93101978302002,9.944680213928224,9.835390090942383,9.84904956817627,8.91136360168457,9292537,9.15547981262207,9.367938289642334,33.050294880262115,39.17924973995186,9.973977022070716,9.88028019846179,9.786583374852864,10.131731914845115,44.07792956721355,35.58609889604995,27.78092415590864,44.07792956721355,0.013660430908204901,0.09562969207763672,0.013660430908204901,0.09562969207763672,82.6311489914605,86.51585032245312,-0.13093576721072786,-0.11115979749405071,-0.019775969716677153,0
258,2016-01-19,9.9856595993042,9.9856595993042,9.780750274658203,9.876370429992676,8.936083793640137,7510404,9.143738794326783,9.353600425720215,35.117247982457485,40.02092739233256,9.94568936817534,9.867638993115222,9.789588618055102,10.089614118022686,44.217191799805846,43.09491856744847,43.74811834877197,44.217191799805846,0.0,0.2049093246459961,0.1366100311279297,0.0682992935180664,74.5152680988518,88.96306899568472,-0.13123594155373652,-0.11517502630598787,-0.01606091524774865,0
259,2016-01-20,9.780750274658203,9.84904956817627,9.562190055847168,9.562190055847168,8.651814460754395,22302932,9.11716456413269,9.332341194152832,25.40428415916196,34.35180286611036,10.106812617689977,9.82288886621955,9.538965114749123,10.052550456818947,23.843014168226897,37.37937851174879,0.0,23.843014168226897,0.0682992935180664,0.21856021881103516,-0.02732086181640625,0.3141803741455078,65.31347846632613,81.01221580339497,-0.1550383764659511,-0.12314769633798052,-0.03189068012797057,0
260,2016-01-21,9.562190055847168,9.616829872131348,9.166040420532227,9.166040420532227,8.293381690979004,33292032,9.070813846588134,9.305645084381103,18.46815479927006,28.98334738727594,10.282283816182131,9.71087386470365,9.13946391322517,9.9856595993042,14.58270611625735,27.54763736143006,0.0,14.58270611625735,0.05463981628417969,0.3961496353149414,0.05463981628417969,0.3961496353149414,55.551637936809875,74.99745143951037,-0.20352186901242675,-0.13922253087286976,-0.06429933813955699,0
261,2016-01-22,9.452910423278807,9.452910423278807,9.166040420532227,9.234339714050293,8.355177879333496,35090867,9.024463081359864,9.278947162628175,22.401846096686818,30.913714505056372,10.167040457992861,9.572132578932262,8.977224699871662,9.854520530700684,2.7776840467300623,13.734468110404796,8.333052140190102,2.7776840467300623,0.0,0.28687000274658025,0.28687000274658025,0.0,47.00021136486715,91.01176718456658,-0.2337397970914168,-0.15812598411657916,-0.07561381297483763,0
262,2016-01-25,9.343620300292967,9.357279777526855,9.13871955871582,9.166040420532227,8.293381690979004,19516108,8.9756422996521,9.249777374267579,21.29536796303581,30.066189783768394,9.990770543287542,9.432095726512202,8.873420909736861,9.744363713073732,3.8529613393794193,7.071117167455636,3.22583187794807,3.8529613393794193,0.013659477233888495,0.20490074157714666,0.1229400634765625,0.09562015533447266,45.32753703949079,87.92437568858614,-0.2601994872676645,-0.17854068474679624,-0.08165880252086827,0
263,2016-01-26,9.05675983428955,9.234339714050293,9.05675983428955,9.08407974243164,8.219223022460938,17270678,8.918788576126099,9.22184419631958,20.01758905626897,29.074208261172927,9.635305483315863,9.301769965062917,8.968234446809971,9.635347765289307,5.0023686405051135,3.87767134220489,3.4482219033770836,5.0023686405051135,0.1775798797607422,0.0,0.0682992935180664,0.10928058624267578,51.3688161179226,82.30989133562213,-0.2845029511885002,-0.19973313803513704,-0.08476981315336318,0
264,2016-01-27,9.207019805908203,9.207019805908203,9.015780448913574,9.043100357055664,8.182143211364746,21102723,8.859461164474487,9.194405384063721,19.391072336981303,28.585177765797255,9.323908573296366,9.188957873157086,9.054007173017807,9.519630179089356,3.739807260162491,4.1983790800157,4.545367999162232,3.739807260162491,0.0,0.1912393569946289,0.1229400634765625,0.0682992935180664,46.92248528174453,88.18652110090447,-0.3035709385503331,-0.22050069813817624,-0.08307024041215688,0
265,2016-01-28,9.08407974243164,9.220680236816406,8.961139678955078,9.207019805908203,8.330459594726562,21424651,8.80445966720581,9.169190940856934,28.96770908893041,33.24287797173581,9.265171198130373,9.11998938188902,8.974807565647668,9.4188602330542,19.33084110206788,9.357672334245187,49.99893340366423,19.33084110206788,0.13660049438476562,0.1229400634765625,0.1775798797607422,0.08196067810058594,47.22534962739513,90.09191146152763,-0.3019745516626742,-0.23679546884307584,-0.06517908281959833,0
266,2016-01-29,9.070420265197754,9.329959869384766,9.070420265197754,9.302639961242676,8.416974067687987,22114930,8.7556387424469,9.145954723358154,33.90070780950035,35.77666401454716,9.284991745793215,9.10164233032625,8.918292914859284,8.961139678955078,46.91708258772451,23.329243649984985,86.20694636034696,46.91708258772451,0.2595396041870117,0.0,0.1229400634765625,0.13659954071044922,54.73167382118922,87.9425902724071,-0.2896546971039218,-0.24736731449524502,-0.04228738260867676,0
267,2016-02-01,9.288979530334473,9.37094020843506,9.152379989624023,9.152379989624023,8.281021118164062,15225175,8.708669996261596,9.118515605926513,30.335455626226874,33.692645461713525,9.283622584580826,9.100273180482581,8.916923776384337,8.961139678955078,60.957520648375066,42.40181477938918,46.666682181113906,60.957520648375066,0.08196067810058771,0.13659954071044922,0.06830024719238459,0.15025997161865234,50.81742867025119,81.58051850398287,-0.28868803161460477,-0.25563145791911696,-0.03305657369548781,0
268,2016-02-02,9.08407974243164,9.343620300292967,9.05675983428955,9.275320053100586,8.392255783081055,13060556,8.667262983322143,9.091077156066895,36.243480180433565,36.81554330588509,9.303847051705235,9.118232069450237,8.932617087195238,8.977531700134277,69.84676248363452,59.24045523991139,76.66665890944262,69.84676248363452,0.25954055786132635,0.027319908142089844,0.19124031066894354,0.09562015533447266,57.49270397526841,83.48825852427437,-0.27483359596399204,-0.259471885528092,-0.015361710435900067,0
269,2016-02-03,9.329959869384766,9.357279777526855,9.125060081481934,9.234339714050293,8.355177879333496,12125671,8.62956657409668,9.063639106750488,35.17271057687399,36.22577283376411,9.247533341832074,9.142431160069762,9.03732897830745,8.993268040466308,63.333310061661926,64.7125310645572,66.66658909442917,63.333310061661926,0.027319908142089844,0.20489978790283203,0.08195972442626953,0.15025997161865234,51.58092391790685,76.02995555824361,-0.2641160612222073,-0.26040072066691505,-0.003715340555292268,0
270,2016-02-04,9.548529624938963,9.548529624938963,9.357279777526855,9.398260116577148,8.503490447998049,17686685,8.600520801544189,9.040897274017334,42.49159562920004,40.19963412034792,9.346784759658696,9.185249716995195,9.023714674331693,9.008374927185058,70.92545576020068,68.0351761018324,69.44311927673017,70.92545576020068,0.0,0.1912498474121076,0.3141899108886701,-0.1229400634765625,49.799285119174485,91.12462033256654,-0.23963299122325843,-0.2562471747781837,0.016614183554925277,1
271,2016-02-05,9.357279777526855,9.480230331420898,9.343620300292967,9.411930084228516,8.515861511230469,10151186,8.571473789215087,9.01914478302002,43.06895993958755,40.52023160085932,9.43668951354239,9.239223162773818,9.041756812005247,9.040784209050292,69.44419233888574,67.90098605358281,72.22286864549785,69.44419233888574,0.12295055389404297,0.013659477233888495,0.08197021484375,0.054639816284181464,54.53735967426684,88.88183273290417,-0.21662975672513163,-0.2483236911675733,0.031693934442441674,1
272,2016-02-11,9.166040420532227,9.411930084228516,9.13871955871582,9.166040420532227,8.293381690979004,12536685,8.538720750808716,8.99244867324829,36.05785069079056,36.83708207011975,9.45422070199172,9.264464816920835,9.074708931849951,9.071248934003613,54.62929564427089,64.99964791445247,22.221899010584615,54.62929564427089,0.24588966369628906,0.02732086181640625,0.0,0.2732105255126953,61.74749169693511,82.05979099168583,-0.21575369424538948,-0.24180969178313655,0.026055997537747067,1
273,2016-02-12,9.261659622192383,9.411930084228516,9.193360328674316,9.329959869384766,8.441694259643555,15807430,8.515855264663696,8.970200881958007,42.748678881225196,40.57150711884448,9.471496804451437,9.281741402691914,9.09198600093239,9.099885775459734,47.610241292081014,57.22790975841258,48.38595622016055,47.610241292081014,0.1502704620361328,0.0682992935180664,0.24588966369628906,-0.027319908142089844,64.60517549527441,99.00229550183742,-0.19953239359928787,-0.2333542321463668,0.03382183854707893,1
274,2016-02-15,9.493889808654783,9.521209716796877,9.411930084228516,9.521209716796877,8.614736557006836,9699680,8.499169969558716,8.95437982559204,49.40127584263125,44.53901436719643,9.552956786229855,9.318825683471573,9.084694580713292,9.126804406428487,54.64712491103873,52.29555394913024,93.333519502371,54.64712491103873,0.027319908142093396,0.08195972442626775,0.19124984741211115,-0.08197021484375,60.88653512461172,111.11362295649359,-0.1692931258510999,-0.22054201088731343,0.051248885036213526,1
275,2016-02-16,9.507550239562988,9.521209716796877,9.37094020843506,9.493889808654783,8.59001636505127,12562532,8.47815842628479,8.934604454040528,48.53364916614359,44.10281686450389,9.622214300400968,9.365921898679694,9.109629496958421,9.152107919539116,78.19227743123427,60.14988121145137,92.85735657117122,78.19227743123427,0.013659477233888495,0.1366100311279279,0.0,0.1502695083618164,59.677890648796364,108.4247471804212,-0.14585149136056508,-0.20560390698196376,0.059752415621398686,1
276,2016-02-17,9.439249992370604,9.534870147705078,9.37094020843506,9.411930084228516,8.515861511230469,9382840,8.454675006866456,8.912851963043213,45.92783674891975,42.79887876241865,9.658864396546496,9.402571994825223,9.14627959310395,9.175893221863106,85.05240227807256,72.63060154011522,68.96633076067542,85.05240227807256,0.09562015533447443,0.06830978393554332,0.040980339050294745,0.12294960021972301,59.36136688236333,105.12767728481029,-0.13236151082950087,-0.19095542775147117,0.0585939169219703,1
277,2016-02-18,9.548529624938963,9.562190055847168,9.425580024719238,9.466569900512695,8.565298080444336,8775502,8.437371730804443,8.893818187713624,47.93480777721392,43.944683113662784,9.567147849421673,9.43152829084277,9.295908732263868,9.198251406047657,78.63280101224264,80.6258269071832,74.07471570488124,78.63280101224264,0.013660430908204901,0.12294960021972479,0.15025997161865234,-0.013649940490722656,60.727710259017684,106.76753077464289,-0.1159253126946922,-0.1759494047401154,0.060024092045423194,1
278,2016-02-19,9.425580024719238,9.548529624938963,9.411930084228516,9.507550239562988,8.602376937866211,8966101,8.420686388015747,8.876761932373046,49.45028282783559,44.80464800021495,9.535241071318753,9.457968567213044,9.380696063107335,9.227366498031618,71.49039503042233,78.39186610691256,71.43013862571031,71.49039503042233,0.12294960021972479,0.013649940490722656,0.08195972442626775,0.05463981628417969,65.54508878600133,118.88806577977746,-0.09845777642329878,-0.16045107907675207,0.06199330265345329,1
279,2016-02-22,9.548529624938963,9.698789596557617,9.493889808654783,9.68513011932373,8.763050079345701,11149685,8.426248168945312,8.863167018890381,55.49543822451567,48.36443528263073,9.685780950647755,9.50161893869356,9.317456926739366,9.254152382656862,80.44615547717656,76.85645050661388,95.8336121009381,80.44615547717656,0.15025997161865412,0.05463981628417969,0.1912393569946289,0.013660430908204901,70.56298015606839,123.8638860835714,-0.06948444248133967,-0.14225775175766958,0.07277330927632991,1
280,2016-02-23,9.63049030303955,9.68513011932373,9.575849533081056,9.616829872131348,8.701251983642576,12903224,8.446641683578491,8.850560169219971,52.876254781654566,47.15148502840952,9.746023075411035,9.546456145103903,9.346889214796771,9.298616104046937,80.75485022282356,77.56380024347419,75.00079994182228,80.75485022282356,0.05463981628417969,0.05464076995849432,0.0,0.109280586242674,74.88822004231466,111.95661700678603,-0.051441144240380154,-0.1240944302542117,0.07265328601383154,1
281,2016-02-24,9.562190055847168,9.671469688415527,9.439249992370604,9.452910423278807,8.552939414978027,12275033,8.456529760360718,8.835975093841553,47.127537786193145,44.38126853144988,9.74554611498257,9.564820795960578,9.384095476938587,9.338633453298005,61.70675626950658,74.30258732316894,14.285856765759336,61.70675626950658,0.10927963256835938,0.12294006347656428,0.05463981628417969,0.17757987976074396,72.36845650736173,107.93627985681215,-0.04979462849862948,-0.10923446990309525,0.059439841404465774,1
282,2016-02-25,9.507550239562988,9.507550239562988,9.343620300292967,9.343620300292967,8.454054832458496,14591203,8.464563417434693,8.819412326812744,43.71501044057952,42.64878201353494,9.787784759115718,9.54711488044098,9.30644500176624,9.698789596557617,29.762218902527213,57.407941798285826,0.0,29.762218902527213,0.0,0.1639299392700213,0.054639816284181464,0.10929012298583984,68.51022618062724,109.5235210528319,-0.05665546354315332,-0.09871866863110687,0.042063205087953554,1
283,2016-02-26,9.493889808654783,9.562190055847168,9.37094020843506,9.521209716796877,8.614736557006836,15811679,8.484339094161987,8.807053031921386,50.044999259674164,46.18856695378612,9.768601531780762,9.528303995829816,9.28800645987887,9.691686210632325,21.429066442922203,37.6326805383187,50.001342563007235,21.429066442922203,0.06830024719238459,0.12294960021972301,0.218569755554201,-0.027319908142093396,69.6198142903692,123.33355699570012,-0.04721843824674821,-0.08841862255423513,0.041200184307486926,1
284,2016-02-29,9.452910423278807,9.521209716796877,9.329959869384766,9.343620300292967,8.454054832458496,18321087,8.497934675216674,8.79197410583496,44.638627905903476,43.41001552282091,9.706845170408235,9.49634891969589,9.285852668983546,9.684724892425537,17.94916891218021,23.04681808587658,3.846164173533358,17.94916891218021,0.06829929351806996,0.12295055389404119,0.0,0.19124984741211115,73.59247490496705,112.16889392563736,-0.05345333269863062,-0.08142556458311423,0.02797223188448361,1
285,2016-03-01,9.343620300292967,9.466569900512695,9.261659622192383,9.329959869384766,8.441694259643555,17638709,8.503496408462524,8.777883949279785,44.24267515778597,43.20268603196124,9.607394757463709,9.45576572871181,9.304136699959912,9.670534291503905,23.504608112087748,20.96094782239676,16.666317599722607,23.504608112087748,0.12294960021972834,0.08196067810058416,0.12294960021972834,0.08196067810058416,78.73260156805146,129.65068185674184,-0.05881878770975035,-0.07690420920844146,0.018085421498691107,1
286,2016-03-02,9.425580024719238,9.671469688415527,9.398260116577148,9.644149780273438,8.725971221923826,17136849,8.518946266174316,8.768491268157959,54.285848147660886,49.01093860495521,9.702931430231933,9.451697287146139,9.200463144060345,9.261659622192383,37.94866709187539,26.467481372047825,93.33351950237017,37.94866709187539,0.24588966369628906,0.027319908142089844,0.3415098190307617,-0.06830024719238281,96.90691191039849,176.81093214306907,-0.037288609568257414,-0.06898108928040465,0.03169247971214724,1
287,2016-03-03,9.616829872131348,9.644149780273438,9.466569900512695,9.507550239562988,8.602376937866211,18620350,8.535014057159424,8.755390758514404,50.063700954495594,46.85078062165345,9.698938009936912,9.462394222727497,9.225850435518081,9.261659622192383,56.66698470543793,39.3734199698004,60.00111701422099,56.66698470543793,0.027319908142089844,0.15025997161865234,0.0,0.1775798797607422,103.26078172101691,147.68175637532653,-0.03089212441927991,-0.0613632963081797,0.030471171888899792,1
288,2016-03-04,9.466569900512695,9.616829872131348,9.466569900512695,9.562190055847168,8.651814460754395,16270372,8.54799199104309,8.745008964538574,51.68250453345884,47.805055557866524,9.728902043942718,9.483073753169116,9.237245462395514,9.269855823516846,75.55623817535728,56.723963324223575,73.33407800948066,75.55623817535728,0.15025997161865234,0.0,0.10927963256835938,0.04098033905029297,118.34277190331532,151.01991579657303,-0.021169854420410417,-0.05332460793062584,0.03215475351021543,1
289,2016-03-07,9.589509963989258,9.63049030303955,9.521209716796877,9.589509963989258,8.676534652709961,13057884,8.564059829711914,8.73487367630005,52.51148859418375,48.28652612551832,9.72541964517347,9.509878512354952,9.294337379536433,9.277888100814819,71.11191784360406,67.77838024146646,80.0005585071105,71.11191784360406,0.04098033905029297,0.06830024719238104,0.06830024719238281,0.04098033905029119,109.1952242835015,156.3374478920084,-0.011132073521979535,-0.04488610104889658,0.033754027526917044,1
290,2016-03-08,9.562190055847168,9.562190055847168,9.466569900512695,9.480230331420898,8.577656745910645,11381048,8.567768144607545,8.722018890380859,48.89770338496028,46.50701202149111,9.640728254876203,9.524049536047535,9.407370817218867,9.285759732566833,61.112441434637965,69.26019915119981,30.00268778732272,61.112441434637965,0.0,0.09562015533447266,-0.027319908142089844,0.1229400634765625,113.77211189355087,144.5202295996931,-0.011858317598212764,-0.03828054435875981,0.02642222676054705,1
291,2016-03-09,9.466569900512695,9.507550239562988,9.425580024719238,9.439249992370604,8.540579795837402,12968072,8.56900405883789,8.707186622619629,47.57555176487158,45.84993959087681,9.629552176881564,9.52082004697003,9.412087917058496,9.293473931683806,38.752509244244635,56.9922895074956,6.254281438300662,38.752509244244635,0.04098033905029297,0.04098987579345703,0.027319908142089844,0.054650306701660156,113.66372903228199,138.88803508100062,-0.01556126159815463,-0.03373668780663878,0.018175426208484148,1
292,2016-03-10,9.507550239562988,9.507550239562988,9.439249992370604,9.452910423278807,8.552939414978027,13898011,8.581981945037843,8.692849464416504,48.07953620972618,46.113131845521785,9.628365798860525,9.508157994960328,9.387950191060131,9.301033846818441,16.531569482237078,38.798840053706606,13.337739221087823,16.531569482237078,0.0,0.06830024719238459,0.06830024719238459,0.0,98.79480120549451,146.2674662137529,-0.017195371251036207,-0.030428424495518264,0.013233053244482058,1
293,2016-03-11,9.507550239562988,9.616829872131348,9.439249992370604,9.534870147705078,8.627095222473145,14307988,8.591251993179322,8.678265419006348,51.11604381935877,47.694934346600725,9.613629542098726,9.502185540583703,9.39074153906868,9.308442563650383,24.309206330452213,26.53109501897802,53.33559833196813,24.309206330452213,0.10927963256835938,0.06830024719238459,0.16391944885254084,0.013660430908203125,103.10498164702129,163.70766558663746,-0.011741600269846941,-0.026691059650384,0.014949459380537058,1
294,2016-03-14,9.603170394897461,9.616829872131348,9.548529624938963,9.603170394897461,8.688892364501951,9975873,8.594959783554078,8.664669437408447,53.553819401173996,48.98898352448514,9.63225169977196,9.51179547807478,9.391339256377602,9.315703106145685,53.177040512100405,31.339272108263277,92.85778398324523,53.177040512100405,0.013659477233886719,0.05464076995849787,0.08195972442626953,-0.013659477233884942,90.79725014380283,168.10104977320105,-0.0018864425994973288,-0.021730136240206664,0.019843693640709335,1
295,2016-03-15,9.534870147705078,9.63049030303955,9.521209716796877,9.603170394897461,8.688892364501951,10098976,8.599903583526611,8.649837493896484,53.553819401173996,48.988983524485135,9.67235702096497,9.531347528909642,9.390338036854313,9.322818437791081,77.6202542038623,51.702167015471694,86.66738029637352,77.6202542038623,0.09562015533447266,0.013660430908201349,0.027319908142089844,0.08196067810058416,102.68380402983061,172.0693342054629,0.00585633269891872,-0.01621284245238159,0.02206917515130031,1
296,2016-03-16,9.603170394897461,9.65781021118164,9.562190055847168,9.644149780273438,8.725971221923826,8434444,8.61040906906128,8.636489067077637,55.11153944187828,49.790548974481624,9.692991965812295,9.558484561161087,9.42397715650988,9.32979146280357,91.09165779304527,73.96298416966938,93.74980909951702,91.09165779304527,0.05463981628417969,0.04098033905029297,0.05463981628417969,0.04098033905029297,113.76743738981236,139.83550366856102,0.015124881607171403,-0.009945297640470991,0.025070179247642394,1
297,2016-03-17,9.753430366516113,9.79440975189209,9.671469688415527,9.780750274658203,8.849565505981445,14061954,8.624622440338134,8.629072456359863,59.935025206583916,52.377303991917344,9.766160152307334,9.602787466723868,9.439414781140401,9.33662502731581,92.19039337910918,86.96743512533897,96.15399074143693,92.19039337910918,0.04097938537597656,0.08196067810058594,0.15025997161865234,-0.027319908142089844,105.59337490858573,151.27893780259598,0.03311110743655554,-0.0013340166250656853,0.03444512406162123,1
298,2016-03-18,9.76708984375,9.79440975189209,9.644149780273438,9.68513011932373,8.763050079345701,17942359,8.63265609741211,8.619925537109374,55.443854566305816,50.48906655648035,9.775539669067209,9.643270284757712,9.511000900448215,9.35493641629886,83.30131315704773,88.86112144306743,60.00013963018918,83.30131315704773,0.027319908142089844,0.1229400634765625,0.013659477233886719,0.13660049438476562,89.99905985205369,166.35218402323932,0.03919772659316223,0.006772332018579899,0.03242539457458233,1
299,2016-03-21,9.835390090942383,9.84904956817627,9.726110458374023,9.76708984375,8.837206840515137,20485190,8.63636393547058,8.614487552642823,58.32643479371784,52.02639713551083,9.820288252578234,9.682708331816158,9.545128411054083,9.37251534972259,77.05140103190844,84.18103585602182,75.00007272409917,77.05140103190844,0.013659477233886719,0.10927963256835938,0.16391944885253906,-0.04098033905029297,81.6981349891346,162.26066155937644,0.05005784524168,0.01542943466319992,0.03462841057848008,1
300,2016-03-22,9.698789596557617,9.76708984375,9.603170394897461,9.603170394897461,8.688892364501951,17439163,8.635745954513549,8.606577281951905,51.192954630154475,48.8785643908166,9.836154474279741,9.698574553517666,9.560994632755591,9.401107402829812,49.76202304001612,70.0382457429908,14.285856765759956,49.76202304001612,0.06830024719238281,0.09561920166015625,0.0,0.16391944885253906,83.11567384078742,127.41616024447997,0.044919830083573586,0.02132751374727465,0.023592316336298935,1
301,2016-03-23,9.562190055847168,9.63049030303955,9.562190055847168,9.603170394897461,8.688892364501951,12837577,8.642543601989747,8.598419094085694,51.192954630154475,48.8785643908166,9.847179775864381,9.6941880586621,9.541196341459818,9.4279839327506,34.52392875187304,53.77911760793256,14.285856765759956,34.52392875187304,0.06830024719238281,0.0,0.027319908142089844,0.04098033905029297,91.66560815573878,137.9279941838783,0.040382412736526874,0.025138493545125096,0.015243919191401778,1
302,2016-03-24,9.616829872131348,9.71245002746582,9.589509963989258,9.63049030303955,8.713611602783201,18566004,8.655521440505982,8.593722476959229,52.32013128834252,49.427026291737086,9.806307822139644,9.681709870621383,9.557111919103122,9.45324787087614,17.460454663324416,33.915468818404555,23.809650458453294,17.460454663324416,0.09562015533447266,0.027319908142089844,0.10927963256835938,0.013660430908203125,93.6163670707773,152.77487249432855,0.03854662358152616,0.02782011955240531,0.010726504029120853,1
303,2016-03-29,9.68513011932373,9.698789596557617,9.575849533081056,9.589509963989258,8.676534652709961,11832677,8.658611345291138,8.589273090362548,50.438538813604985,48.61572278056039,9.794090409411318,9.662954707277706,9.531819005144094,9.476995972714148,15.873100305635544,22.619161240277695,9.523793692693339,15.873100305635544,0.013659477233886719,0.109280586242674,0.0682992935180664,0.05464076995849432,94.2854350302101,140.7063396840979,0.03339996259759559,0.028936088161443364,0.004463874436152225,1
304,2016-03-30,9.71245002746582,9.890029907226562,9.65781021118164,9.862709999084473,8.923723220825195,21559843,8.682094764709472,8.588778705596924,60.60941255308728,53.85273391146299,9.881089468288785,9.674466636487104,9.467843804685423,9.499319188441875,41.66671168639326,25.000088885117766,91.6666909080331,41.66671168639326,0.1775798797607422,0.05463981628417969,0.3005199432373047,-0.06830024719238281,95.10362918167363,168.2668025342266,0.05078078698988797,0.03330502792713229,0.017475759062755683,1
305,2016-03-31,9.862709999084473,9.972000122070312,9.862709999084473,9.90369987487793,8.960810661315918,22529964,8.70805058479309,8.587789974212647,61.873632828401796,54.573109525272386,9.986848337027721,9.714409181546877,9.441970026066032,9.53057604594465,61.508055667001294,39.682622553010056,83.3336824002774,61.508055667001294,0.10929012298583984,0.0,0.10929012298583984,0.0,95.68266299819403,164.07613860191745,0.06708939121250346,0.04006190058420652,0.027027490628296937,1
306,2016-04-01,9.93101978302002,9.944680213928224,9.726110458374023,9.753430366516113,8.824847221374512,11100096,8.712994384765626,8.584576320648193,54.915322455421034,51.515775988917575,9.996294008683675,9.749137476721828,9.50198094475998,9.574718453557217,73.2756572234491,58.816808192281236,44.826598362036755,73.2756572234491,0.013660430908204901,0.2049093246459961,0.040980339050294745,0.17758941650390625,86.66579477582303,159.25698243491195,0.0671149250080525,0.045472505468975716,0.02164241953907678,1
307,2016-04-05,9.65781021118164,9.753430366516113,9.603170394897461,9.644149780273438,8.725971221923826,19962534,8.719174098968505,8.580868473052979,50.47017269496345,49.427463647514045,10.000021821154004,9.757868425899176,9.515715030644348,9.972000122070312,48.46708720474263,61.08360003173103,17.240980851913715,48.46708720474263,0.09562015533447266,0.05463981628417969,0.0,0.15025997161865234,88.96459215327789,158.48827207572623,0.05765254802500053,0.04790851398018068,0.009744034044819848,1
308,2016-04-06,9.589509963989258,9.753430366516113,9.575849533081056,9.65781021118164,8.738329887390138,13544447,8.723499870300293,8.576913394927978,51.004021978105584,49.691807297387655,9.957451297830211,9.747668296873591,9.537885295916972,9.964623527526856,27.585617510122606,49.7761206461048,20.68927331641731,27.585617510122606,0.16392040252685547,0.013660430908201349,0.10928058624267578,0.06830024719238104,105.22298634990202,166.98889288791185,0.05067171669448989,0.04846115452304252,0.0022105621714473694,1
309,2016-04-07,9.671469688415527,9.753430366516113,9.65781021118164,9.698789596557617,8.775409698486326,11231711,8.728443622589111,8.579385299682617,52.65292687248917,50.49690156249339,9.921346962202511,9.733168482274131,9.54499000234575,9.949072567749024,22.987974469218454,33.01355972802792,31.033669239324283,22.987974469218454,0.08196067810058594,0.013659477233886719,0.09562015533447266,0.0,112.6979650388056,155.23634182797008,0.04789395973682353,0.04834771556579872,-0.00045375582897518724,0
310,2016-04-08,9.671469688415527,9.76708984375,9.65781021118164,9.753430366516113,8.824847221374512,5405042,8.740803146362305,8.590014610290527,54.83534396981711,51.56854181609641,9.81867610980879,9.726594775607019,9.634513441405248,9.934143646362305,33.28997412141549,27.954522033585537,48.146979808504824,33.28997412141549,0.09562015533447266,0.013659477233886719,0.06830024719238281,0.04097938537597656,122.03412493543718,178.72230284647497,0.04953066217708724,0.04858430488805642,0.000946357289030815,1
311,2016-04-11,9.753430366516113,9.835390090942383,9.71245002746582,9.808070182800293,8.874283790588379,8066196,8.757488346099853,8.600396728515625,56.97123834068808,52.6319213425256,9.856187478607216,9.734008452722733,9.61182942683825,9.919811881831055,56.2181304254408,37.49869300535827,89.47374222849325,56.2181304254408,0.08195972442626953,0.04098033905029297,0.08195972442626953,0.04098033905029297,122.60831820692945,181.31674986785364,0.05460725869651917,0.04978889564974897,0.004818363046770198,1
312,2016-04-12,9.76708984375,9.944680213928224,9.76708984375,9.917349815368652,8.973160743713379,12691265,8.778499412536622,8.613992309570312,60.94904905074037,54.69514592519813,9.944051956757601,9.76283166994942,9.58161138314124,9.575849533081056,76.73690326892665,55.41500260526101,92.58998776978184,76.73690326892665,0.17759037017822443,0.0,0.13661003112793146,0.04098033905029297,120.3536673744878,151.51383302211025,0.0666798077562678,0.05316707807105274,0.013512729685215066,1
313,2016-04-13,9.944680213928224,10.176899909973145,9.944680213928224,10.163200378417967,9.195605278015137,24358342,8.80692491531372,8.633519954681397,68.09493722850738,58.874357528956644,10.16004483443439,9.83149837379267,9.50295191315095,9.583226146698,93.14152822205135,75.36552063880629,97.36085466787888,93.14152822205135,0.2322196960449201,0.0,0.2595500946044922,-0.02733039855957209,148.03843058019612,201.1905830490913,0.09499048446791036,0.061531759350424264,0.0334587251174861,1
314,2016-04-14,10.245200157165527,10.245200157165527,10.026599884033203,10.1496000289917,9.18329906463623,15003181,8.831645250320435,8.653543071746826,67.36056255207824,58.56441554556232,10.258952234120846,9.918602597491017,9.578252960861187,9.606973097229005,91.22514379596765,87.03452509564858,83.72458895024216,91.22514379596765,0.0,0.21860027313232422,0.08199977874756037,0.13660049438476385,118.64081081832636,183.51997802766232,0.11500377328242628,0.07222616213682467,0.04277761114560161,1
315,2016-04-15,10.122300148010254,10.20419979095459,10.081299781799316,10.176899909973145,9.208001136779783,11138114,8.857600688934326,8.671093902587891,68.10414770262621,59.01357186163004,10.30954781316796,10.006601127355651,9.703654441543343,9.645266720825196,89.42170938908613,91.26279380236839,87.17968454913726,89.42170938908613,0.08189964294433594,0.0410003662109375,0.054599761962890625,0.06830024719238281,123.26697427866962,178.49492231837925,0.13155088438881535,0.08409110658722281,0.04745977780159254,1
316,2016-04-18,10.108599662780762,10.217900276184082,10.094900131225586,10.190600395202637,9.220396041870117,9197050,8.88232192993164,8.687162342071533,68.49203265626834,59.2434646708188,10.28797150397971,10.08395102795486,9.879930551930011,9.681262727005617,86.4947882186638,89.04721380123921,88.58009115661184,86.4947882186638,0.10930061340332031,0.013699531555175781,0.0410003662109375,0.0819997787475586,137.26037099301473,189.99569492117234,0.14410890605014615,0.09609466647980748,0.048014239570338665,1
317,2016-04-19,10.31350040435791,10.31350040435791,10.20419979095459,10.286199569702148,9.306894302368164,9571244,8.905188369750977,8.707679805755616,71.13052845766654,60.833330212539735,10.25227934954409,10.155440284884364,10.058601220224638,9.71509897281521,89.45252283843813,88.45634014872938,92.59779280956515,89.45252283843813,0.0,0.10930061340332031,0.12290000915527344,-0.013599395751953125,128.68359166805286,209.3938124686907,0.15993169014886988,0.10886207121361996,0.051069618935249916,1
318,2016-04-20,10.272500038146973,10.299799919128418,9.972000122070312,9.972000122070312,9.022608757019043,35891453,8.918166303634644,8.720286865234375,54.86802400066879,53.694390312158646,10.384524664624067,10.17962777681651,9.974730889008953,9.762971087338627,60.3926279887257,78.77997968194258,0.0,60.3926279887257,0.027299880981445312,0.30049991607666016,0.013600349426269531,0.31419944763183594,113.62712043684655,161.09418307616062,0.1454415315530344,0.11617796328150284,0.029263568271531565,1
319,2016-04-21,10.053999900817873,10.1496000289917,10.040300369262695,10.108599662780762,9.146202087402344,12359134,8.933616065979004,8.736107349395752,59.23193996919957,56.021246659951906,10.388921882536048,10.18055496700083,9.972188051465613,9.80701343270017,44.199208417818305,64.68145308166075,39.99983244388965,44.199208417818305,0.09560012817382635,0.013699531555177558,0.17759990692138672,-0.06830024719238281,116.3928114085513,171.55133355690583,0.14332821930182682,0.12160801448556764,0.021720204816259178,1
320,2016-04-22,9.93101978302002,9.9856595993042,9.90369987487793,9.972000122070312,9.022608757019043,14434024,8.950301885604858,8.746489715576171,53.6457926977723,53.24651237982049,10.401308049162793,10.155466258450915,9.909624467739036,9.84753239043279,18.888845965558342,41.16022745736749,16.666705452785273,18.888845965558342,0.05463981628417969,0.027319908142089844,-0.1229400634765625,0.20489978790283203,120.62097905507403,135.58107230288587,0.12914229085116524,0.12311486975868716,0.006027421092478086,1
321,2016-04-25,10.012999534606934,10.012999534606934,9.93101978302002,9.95833969116211,9.010247230529783,8799636,8.96636962890625,8.756377429962159,53.106326254039885,52.97436402199709,10.366723734833668,10.11477245206978,9.86282116930589,9.884809831546798,23.333269724072867,28.807108035816544,13.333271275543568,23.333269724072867,0.0,0.08197975158691406,0.040999412536621094,0.04098033905029297,110.67324181135514,139.98846621968306,0.11546653144157659,0.12158520209526505,-0.006118670653688457,0
322,2016-04-26,9.999320030212402,10.040300369262695,9.917349815368652,10.012999534606934,9.05970287322998,13486958,8.98367419242859,8.771703853607178,55.053707881051764,53.950867991500985,10.187005311187153,10.076907805668107,9.96681030014906,9.90369987487793,19.197976549647056,20.473364079759463,27.59395292061222,19.197976549647056,0.04098033905029297,0.08197021484375,0.08196067810058594,0.04098987579345703,107.44896050778763,141.7266571361807,0.10779637660696473,0.11882743699760498,-0.011031060390640252,0
323,2016-04-27,10.012999534606934,10.053999900817873,9.917349815368652,9.93101978302002,8.985529899597168,11796605,8.99912395477295,8.78258056640625,51.59317045210883,52.26292733273692,10.16215431309404,10.038274891253423,9.914395469412804,10.31350040435791,17.345795759542643,19.95901401108756,11.11016308247203,17.345795759542643,0.041000366210939276,0.09564971923828125,0.041000366210939276,0.09564971923828125,106.6525776708896,124.98874056459408,0.09401885201898885,0.11386572000188175,-0.019846867982892896,0
324,2016-04-28,10.026599884033203,10.1496000289917,9.944680213928224,10.012999534606934,9.05970287322998,16223838,9.005922937393189,8.791479892730713,54.66220683526702,53.76310155790873,10.075673867478717,10.011935611575382,9.948197355672047,10.305577392578124,27.717637586942136,21.42046996537732,44.44879675774206,27.717637586942136,0.1230001449584961,0.08191967010497869,0.2185802459716797,-0.013660430908204901,114.38454183334387,150.42891702620955,0.08869275052230563,0.10883112610596653,-0.020138375583660897,0
325,2016-04-29,9.9856595993042,9.9856595993042,9.84904956817627,9.890029907226562,8.948442459106445,17377541,9.005304527282714,8.798648414611817,49.58393385448691,51.25738682739463,10.079026520627826,9.983735313304507,9.888444105981188,10.297812841033934,23.06468474656883,22.709372697684575,13.635094399492305,23.06468474656883,0.0,0.1366100311279297,-0.027339935302734375,0.16394996643066406,111.93065845915359,121.86241044320796,0.07369959245869495,0.10180481937651222,-0.028105226917817264,0
326,2016-05-03,9.84904956817627,9.90369987487793,9.753430366516113,9.76708984375,8.837206840515137,15424494,9.005922508239745,8.80507532119751,45.075201612249366,48.89469789113524,10.122916084670836,9.940358685878913,9.75780128708699,10.279862310119627,20.510592293624672,23.764304875711918,3.4478857236395495,20.510592293624672,0.054650306701660156,0.09561920166015625,0.013669967651367188,0.13659954071044922,111.18501184136665,124.59065710933163,0.05130575025165385,0.09170500555154054,-0.040399255299886694,0
327,2016-05-04,9.753430366516113,9.84904956817627,9.73976993560791,9.79440975189209,8.861926078796387,11381450,9.012720251083374,8.811007881164551,46.24499263455194,49.43186877817416,10.073144733182472,9.893227141247031,9.71330954931159,10.248276393503417,10.138429858933025,17.90456896637555,13.332309453667119,10.138429858933025,0.09561920166015625,0.013660430908203125,0.08195972442626953,0.027319908142089844,111.84275435836848,128.78693786921224,0.03535540216058841,0.08043508487335012,-0.04507968271276171,0
328,2016-05-05,9.79440975189209,9.835390090942383,9.73976993560791,9.808070182800293,8.874283790588379,8492709,9.019517946243287,8.816446018218993,46.85438209005681,49.705938124916415,10.031118377054678,9.852699597622212,9.674280818189747,10.207595876871776,11.148566114784245,13.932529422447354,16.665503167045966,11.148566114784245,0.04098033905029297,0.05463981628417969,0.04098033905029297,0.05463981628417969,107.29075425232881,121.86307681232556,0.023545501111426503,0.06905716812096539,-0.04551166700953889,0
329,2016-05-06,9.808070182800293,9.890029907226562,9.753430366516113,9.780750274658203,8.849565505981445,16138323,9.023225736618041,8.81817632675171,45.737484800255395,49.15333783525921,9.905737348465236,9.819343972006429,9.732950595547623,10.170169801570667,15.554654052929356,12.28055000888225,16.666149538074883,15.554654052929356,0.08195972442626953,0.05463981628417969,0.08195972442626953,0.05463981628417969,114.27631903540718,122.64433404904402,0.011845038943494757,0.05761474228547127,-0.04576970334197651,0
330,2016-05-09,9.79440975189209,9.9856595993042,9.79440975189209,9.93101978302002,8.985529899597168,11283584,9.031259870529174,8.823861885070801,52.4516228452665,52.18557324921089,9.929666120874574,9.81170694560089,9.693747770327205,10.135737812293646,37.036792850661215,21.24667100612498,77.7787258468627,37.036792850661215,0.19124984741210938,0.0,0.2049093246459961,-0.013659477233886719,118.59508291466554,113.6262193890133,0.014530335189009591,0.04899786086617893,-0.03446752567716934,0
331,2016-05-10,9.835390090942383,10.026599884033203,9.835390090942383,9.9856595993042,9.034966468811037,10529981,9.039294004440308,8.833502426147462,54.648905540508565,53.23709758079767,9.995642047402473,9.830442898807355,9.665243750212237,10.104060382158787,60.057170214199665,37.54953903926346,85.72663525766134,60.057170214199665,0.1912097930908203,0.0,0.0955801010131836,0.09562969207763672,123.24348836856949,107.18206933473226,0.020827343686780964,0.04336375743029934,-0.022536413743518377,0
332,2016-05-11,9.972000122070312,10.040300369262695,9.862709999084473,9.876370429992676,8.936083793640137,10108724,9.037440156936645,8.843143005371093,49.70151255612532,50.914530496909464,10.002270756609041,9.850642758872212,9.699014761135382,10.074917146434716,69.65283099884765,55.582264687902885,45.453131892018824,69.65283099884765,0.06830024719238281,0.10929012298583984,0.054640769958496094,0.12294960021972656,133.59234633738842,111.09816654230644,0.016805324374580266,0.03805207081915553,-0.021246746444575262,0
333,2016-05-12,9.917349815368652,9.93101978302002,9.808070182800293,9.862709999084473,8.923723220825195,11865406,9.023846054077149,8.84932273864746,49.10309152286636,50.62820561585066,10.001158000978567,9.863570217223476,9.725982433468385,10.048105369568571,56.42451627849667,62.04483916384803,38.093781685809745,56.42451627849667,0.013669967651367188,0.10927963256835938,0.05464935302734375,0.06830024719238281,124.59093140323812,119.3658797389109,0.012372934990581896,0.0329162436534408,-0.020543308662858903,0
334,2016-05-13,9.780750274658203,9.84904956817627,9.73976993560791,9.780750274658203,8.849565505981445,19653762,9.00715937614441,8.85723295211792,45.5589324387088,48.91666886526285,9.997362452482239,9.859774668727148,9.722186884972057,10.040300369262695,32.394305537168975,52.823884271504475,13.636003033678271,32.394305537168975,0.0682992935180664,0.04098033905029297,-0.013660430908203125,0.1229400634765625,117.17614682801765,109.01009846528582,0.0022211654620978294,0.026777228015172204,-0.024556062553074375,0
335,2016-05-16,9.780750274658203,9.82172966003418,9.726110458374023,9.79440975189209,8.861926078796387,10630569,8.989855623245239,8.865637588500977,46.255250019358556,49.21343820603778,9.992331838891516,9.846322886874859,9.700313934858201,10.016257934570312,24.489334850402884,37.769385555356216,21.738219831720553,24.489334850402884,0.04097938537597656,0.05463981628417969,0.04097938537597656,0.05463981628417969,112.2030489637488,102.90822987015824,-0.004668167642268628,0.020488148883684037,-0.025156316525952665,0
336,2016-05-17,9.76708984375,9.876370429992676,9.726110458374023,9.862709999084473,8.923723220825195,11897895,8.975021982192994,8.869592628479005,49.717900134075144,50.69843191953357,9.917092109514869,9.837911098343142,9.758730087171415,9.987243186950684,26.283655354398007,27.722431913989997,43.47674319779512,26.283655354398007,0.10928058624267578,0.04097938537597656,0.08196067810058594,0.0682992935180664,111.26778601305152,102.14706749411586,-0.004564142034702456,0.015477690700006739,-0.020041832734709195,0
337,2016-05-18,9.82172966003418,9.84904956817627,9.76708984375,9.808070182800293,8.874283790588379,11582559,8.953391456604004,8.875030765533447,47.10325226737973,49.497661939725475,9.898969064186439,9.829854405240248,9.760739746294057,9.961129914093018,35.07100276518967,28.61466432333023,39.99804526605325,35.07100276518967,0.027319908142089844,0.05463981628417969,-0.013660430908203125,0.09562015533447266,107.45276737888516,94.39548932742703,-0.008789359259028018,0.010624280708199787,-0.019413639967227805,0
338,2016-05-19,9.835390090942383,9.835390090942383,9.73976993560791,9.76708984375,8.837206840515137,8797956,8.944121360778809,8.878738613128663,45.184134500123804,48.60240465437053,9.883272976961706,9.817251183180367,9.751229389399029,9.937627968521118,36.91570394915661,32.75678735624814,27.272323383621377,36.91570394915661,0.0,0.09562015533447266,0.027319908142089844,0.06830024719238281,92.89917303980025,87.57641582921025,-0.015268637871738377,0.0054456969922121535,-0.02071433486395053,0
339,2016-05-20,9.73976993560791,9.890029907226562,9.73976993560791,9.84904956817627,8.91136360168457,12693514,8.93237943649292,8.883435192108154,49.60651924701905,50.46086218495623,9.882382265535869,9.811983579539024,9.74158489354218,9.916476217506409,47.423359250810414,39.803355321718946,74.99970910275654,47.423359250810414,0.15025997161865234,0.0,0.1229400634765625,0.027319908142089844,88.64426155568329,78.51395245656126,-0.013632896512971726,0.0016299782911753775,-0.015262874804147104,0
340,2016-05-23,9.780750274658203,9.84904956817627,9.76708984375,9.780750274658203,8.849565505981445,9528132,8.92372727394104,8.88887336730957,46.25732896846016,48.931818810096786,9.88052449270411,9.806005662523432,9.731486832342755,9.89743964159317,45.20178860657044,43.180283935512534,33.333333333333336,45.20178860657044,0.0682992935180664,0.013660430908203125,0.0,0.08195972442626953,103.16624854840568,76.54015247947666,-0.017644348817224653,-0.0022248871305046284,-0.015419461686720025,0
341,2016-05-24,9.84904956817627,9.90369987487793,9.79440975189209,9.890029907226562,8.948442459106445,5957706,8.920637035369873,8.89703062057495,51.85788214131678,51.37651808568686,9.902012298428447,9.811567216917481,9.721122135406516,9.726110458374023,66.66471130968453,53.09661972235517,91.66109149296365,66.66471130968453,0.054650306701660156,0.05463981628417969,0.12294960021972656,-0.013659477233886719,100.78456959983816,83.44302480274386,-0.01186868578727207,-0.0041536468618581165,-0.007715038925413954,0
342,2016-05-25,9.972000122070312,9.9856595993042,9.90369987487793,9.944680213928224,8.997889518737793,14124185,8.917546367645263,8.905929622650147,54.41618762351542,52.5544235702182,9.965410700886492,9.832235493713839,9.699060286541185,9.729662246704102,69.44288771155557,60.43646254260356,83.33423830836966,69.44288771155557,0.013659477233886719,0.06830024719238281,0.09562969207763672,-0.013669967651367188,92.36506690498688,90.89939361374707,-0.0028487693655279145,-0.003892671362592076,0.0010439019970641616,1
343,2016-05-26,9.944680213928224,9.999320030212402,9.862709999084473,9.9856595993042,9.034966468811037,5421055,8.920018196105957,8.914087047576905,56.29178035363505,53.43165263470727,10.008840670814791,9.86530497425884,9.72176927770289,9.739902140808105,89.91073686127334,75.3394452941712,94.73688078248665,89.91073686127334,0.05463981628417791,0.08197021484375178,0.05463981628417791,0.08197021484375178,96.8982183764662,82.72957571897949,0.007519592127263053,-0.00161021866462105,0.009129810791884102,1
344,2016-05-27,10.026599884033203,10.094900131225586,9.972000122070312,10.081299781799316,9.121500968933104,10290175,8.923108100891113,8.922739219665527,60.38835390820536,55.42634131237448,10.112766826265638,9.913030992541067,9.713295158816496,9.755467214172363,91.30742381180062,83.55368279487656,95.85115234454548,91.30742381180062,0.06830024719238281,0.054599761962890625,0.10924053192138672,0.013659477233886719,115.3161958383961,104.2695860907296,0.02318667518102835,0.00334916010450883,0.01983751507651952,1
345,2016-05-30,10.108599662780762,10.163200378417967,10.040300369262695,10.135899543762207,9.170904159545898,8459180,8.934231185913086,8.932379455566407,62.54659209645812,56.528759342599066,10.150547747469345,9.971315158916298,9.79208257036325,9.782621847536621,94.39507751420261,91.87107939575891,92.59719941557562,94.39507751420261,0.054600715637205255,0.0682992935180664,0.08190059661865057,0.040999412536621094,108.698252081087,91.99125858113335,0.039552756303598,0.010589879344326664,0.028962876959271338,1
346,2016-05-31,10.135899543762207,10.245200157165527,10.122300148010254,10.190600395202637,9.220396041870117,15595459,8.953390645980836,8.942267951965333,64.6259304534255,57.61775273869287,10.218214195378154,10.035336951086435,9.852459706794717,9.820679700624755,91.39117896329968,92.36456009643437,85.72518512977784,91.39117896329968,0.10930061340332031,0.013599395751953125,0.10930061340332031,0.013599395751953125,113.16622867428237,118.9132703088058,0.056288041556658897,0.01972951178679311,0.03655852976986579,1
347,2016-06-01,10.245200157165527,10.245200157165527,10.1496000289917,10.245200157165527,9.269797325134276,13712461,8.97378420829773,8.95067258834839,66.6181325593662,58.68899451906188,10.280616615882439,10.101377268057675,9.922137920232911,9.871622155409648,92.77412818178452,92.85346155309567,100.0,92.77412818178452,0.0,0.09560012817382812,0.054599761962890625,0.0410003662109375,112.1849711403784,119.8086270050515,0.07311380968579329,0.030406371366593146,0.04270743831920014,1
348,2016-06-02,10.258899688720703,10.436400413513184,10.231499671936037,10.409099578857422,9.41809368133545,17157301,9.000974702835084,8.963773460388184,71.7596907036234,61.702425881538424,10.404886299246169,10.179886063796374,9.95488582834658,9.916451515620354,93.28215203991267,92.48248639499901,94.12127098996014,93.28215203991267,0.17750072479248047,0.027400016784666192,0.19120025634765625,0.013700485229490411,125.22646220807732,129.34059789838278,0.09853778348676556,0.04403265379062763,0.05450512969613793,1
349,2016-06-03,10.463800430297852,10.545700073242188,10.45009994506836,10.532099723815918,9.529382705688477,22274464,9.034965562820435,8.97761697769165,74.88583746165742,63.75975057400065,10.567056597416766,10.273608166449606,9.980159735482445,9.98924436132535,97.14342080141485,94.3999003410374,97.30899141428436,97.14342080141485,0.08189964294433594,0.013700485229492188,0.13660049438476562,-0.0410003662109375,135.23291842868153,149.47862639722268,0.12714589095160456,0.06065530122282302,0.06649058972878154,1
350,2016-06-06,10.641300201416016,10.654999732971193,10.518400192260742,10.6003999710083,9.591181755065918,17335961,9.065248155593872,8.99566276550293,76.44515413587258,64.84721494920822,10.691384164891778,10.374647908670887,10.057911652449997,10.078277275232043,93.7268758728822,94.71748290473663,89.75036521440204,93.7268758728822,0.013699531555177558,0.12290000915527344,0.12290000915527521,0.013699531555175781,124.06752466658165,139.57989175888346,0.15355914710662155,0.07923607039958272,0.07432307670703883,1
351,2016-06-07,10.668700218200684,10.668700218200684,10.518400192260742,10.572999954223633,9.566389083862305,22041568,9.091819286346436,9.013212699890136,74.44807486495102,64.04763344194994,10.726060574598481,10.46422987547988,10.20239917636128,10.18208731762509,89.54118610188452,93.47049425872724,81.56420167696706,89.54118610188452,0.0,0.1503000259399414,0.06830024719238281,0.0819997787475586,122.92680521057629,155.7631725722145,0.17031757555172788,0.09745237143001176,0.07286520412171613,1
352,2016-06-08,10.586700439453123,10.654999732971193,10.518400192260742,10.654999732971193,9.640582084655762,27290532,9.127044200897217,9.031752109527588,76.43228270988358,65.372659540496,10.708345084111595,10.54295917513975,10.377573266167904,10.279409897740209,89.3936275036433,90.88722982613673,96.86631561956074,89.3936275036433,0.06829929351806996,0.06830024719238104,0.08199977874756037,0.054599761962890625,126.15819761979357,171.8888250908338,0.1880477502671969,0.11557144719744879,0.0724763030697481,1
353,2016-06-10,10.518400192260742,10.518400192260742,10.398200035095217,10.48840045928955,9.679797172546387,25766043,9.164847898483277,9.051817359924316,77.4299175794543,66.05832882375474,10.700886301790272,10.586858984091357,10.472831666392443,10.357267961832303,70.59210257837051,83.17563872796617,33.345790438583684,70.59210257837051,0.0,0.12020015716552557,-0.136599540710451,0.25679969787597656,111.48973305642676,129.47416764160323,0.18650594793841968,0.12975834734564295,0.056747600592776726,1
354,2016-06-13,10.398200035095217,10.428199768066406,10.217900276184082,10.23289966583252,9.44399642944336,15208290,9.194569444656372,9.06222282409668,60.77159115642215,58.798177599607996,10.867359217821132,10.570149273329726,10.27293932883832,10.668700218200684,44.51312967227333,68.16628658476245,3.3272829586755184,44.51312967227333,0.02999973297118963,0.1802997589111346,-0.06020069122314453,0.27050018310546875,102.5704358773259,106.55827868292455,0.16279072956530172,0.1363648237895747,0.02642590577572701,1
355,2016-06-14,10.443300247192383,10.443300247192383,10.022500038146973,10.052599906921387,9.277595520019533,25134818,9.21535291671753,9.068558521270752,52.2317066576439,54.421044521095794,10.940659540947166,10.492215909044504,10.04377227714184,10.65968421936035,13.7770174703724,42.96074990700547,4.657979013857938,13.7770174703724,0.0,0.42080020904541016,0.21040058135986328,0.21039962768554688,80.36013714395772,104.49244287210217,0.12797237851008525,0.1346863347336768,-0.006713956223591555,0
356,2016-06-15,10.052599906921387,10.217900276184082,10.00749969482422,10.1427001953125,9.360750198364258,12473724,9.237204265594482,9.079276580810546,55.59021000029468,56.114118634266184,10.843595037430198,10.395535468121118,9.947475898812037,10.634196852111815,9.621882306059163,22.637343149568355,20.880384945643975,9.621882306059163,0.1653003692626953,0.04510021209716619,0.1653003692626953,0.04510021209716619,77.40578438376768,99.10721594656007,0.10642215634691254,0.12903349905632394,-0.022611342709411397,0
357,2016-06-16,10.022500038146973,10.112700462341307,9.87228012084961,9.917349815368652,9.1527738571167,27291151,9.251128768920898,9.087812633514405,46.73908978413716,51.18286121284585,10.662208645892418,10.27891358753972,9.89561852918702,10.59659502267456,10.837933446467062,11.412277740966267,6.975436379899218,10.837933446467062,0.09020042419433416,0.15021991729736328,-0.029999732971193183,0.2704200744628906,67.77130620912575,84.53431315550792,0.07034862256147889,0.11729652375735493,-0.04694790119587604,0
358,2016-06-17,10.06760025024414,10.082599639892578,9.887299537658693,9.962430000305176,9.194376945495604,15547898,9.268987274169922,9.096933574676514,48.50536442940962,52.056873988158195,10.398212742515593,10.167310818068458,9.936408893621323,10.538649830528565,14.547778270597705,11.669198007708035,15.787513486249871,14.547778270597705,0.0149993896484375,0.18030071258544744,0.16524982452392578,0.03005027770995916,63.411406556051844,94.19644379573991,0.044880328820687154,0.10281328477002137,-0.05793295594933422,0
359,2016-06-20,10.082599639892578,10.112700462341307,9.917349815368652,10.06760025024414,9.291439056396484,8930731,9.287991046905518,9.107254161834717,52.465982935403424,54.047426879916635,10.247042152825328,10.087365174889534,9.92768819695374,10.485340253754249,18.989473953280918,14.791728556781953,34.205471993693614,18.989473953280918,0.030100822448728692,0.16524982452392578,0.15027046203613104,0.04508018493652344,62.61131302634122,100.27057274847276,0.03280473025741237,0.08881157386749958,-0.056006843610087204,0
360,2016-06-21,10.127699851989746,10.172800064086914,10.022500038146973,10.112700462341307,9.333062171936037,12419179,9.312165880203247,9.117418460845947,54.09646741055838,54.8805144091293,10.2187844504522,10.045226189770759,9.871667929089318,10.436295443121878,39.85166655611079,24.462972926663195,69.56201418838884,39.85166655611079,0.04510021209716797,0.10519981384277344,0.10519981384277344,0.04510021209716797,60.019560592228295,110.87719586637475,0.026567685849407496,0.07636279626388116,-0.04979511041447367,0
361,2016-06-22,10.037599563598633,10.172800064086914,10.00749969482422,10.1427001953125,9.360750198364258,10321747,9.332781267166137,9.127147789001464,55.19739193408875,55.43782698430295,10.208720554547712,10.035162293866271,9.86160403318483,10.391174217340097,64.58385188059232,41.14166412999473,89.98406945969447,64.58385188059232,0.13520050048828125,0.030099868774412286,0.060099601745607245,0.10520076751708629,64.51794158991669,108.94015360411606,0.023771488036286925,0.06584453461836232,-0.04207304658207539,0
362,2016-06-23,10.112700462341307,10.1427001953125,10.022500038146973,10.052599906921387,9.277595520019533,8762863,9.346766567230224,9.133236484527588,51.22397545667465,53.38413245275856,10.157371462647282,10.034213604667634,9.911055746687987,10.349662689620859,72.48151001566961,58.97234281745764,57.89844639892548,72.48151001566961,0.029999732971193183,0.09020042419433416,0.0,0.12020015716552734,60.024690862528615,101.86996009946915,0.014122347222315312,0.05550009713915292,-0.041377749916837604,0
363,2016-06-24,10.00749969482422,10.30799961090088,9.782119750976562,10.082599639892578,9.305282592773438,27978097,9.360282373428344,9.135430030822754,52.45129943918856,53.9728786071102,10.103204567737057,10.038493189039976,9.973781810342894,10.311472084119158,68.34034021389395,68.46856737005203,57.138504783061876,68.34034021389395,0.30049991607666016,0.22537994384765803,0.25539970397949396,0.2704801559448242,66.48561370780396,106.13136670030624,0.008794681725055042,0.04615901405633334,-0.0373643323312783,0
364,2016-06-27,10.127699851989746,10.3681001663208,10.082599639892578,10.323100090026855,9.527240753173828,28366542,9.380569362640381,9.142308864593506,60.93715200326388,58.34643591853003,10.263388246811683,10.073284618701912,9.883180990592141,9.782119750976562,69.11916687363733,69.98033903440036,92.32054943892456,69.11916687363733,0.2404003143310547,0.04510021209716797,0.28550052642822266,0.0,77.05853085155805,122.14042193251255,0.023705581625661054,0.04166832757019888,-0.017962745944537825,0
365,2016-06-28,10.29300022125244,10.33810043334961,10.247900009155273,10.323100090026855,9.527240753173828,13973118,9.398386192321777,9.148693656921386,60.93715200326388,58.346435918530034,10.360979572202503,10.12783069345474,9.894681814706978,9.782119750976562,80.59320122030368,72.68423610261172,92.32054943892456,80.59320122030368,0.045100212097169745,0.04510021209716619,0.015000343322753906,0.07520008087158203,71.75179131250086,114.26583335213584,0.03511776152926238,0.04035821436201158,-0.005240452832749196,0
366,2016-06-29,10.3681001663208,10.48840045928955,10.33810043334961,10.428199768066406,9.624238014221193,15307172,9.418578290939331,9.156770496368408,64.17735486439258,60.127075357784776,10.494435123522386,10.198995599000213,9.90355607447804,9.793839359283448,92.03915927135809,80.58384245509977,91.47637893622507,92.03915927135809,0.12030029296875,0.029999732971191406,0.1653003692626953,-0.015000343322753906,73.27004888331945,127.95798295481453,0.05204274561040556,0.042695120611690375,0.009347624998715186,1
367,2016-06-30,10.503399848937988,10.63860034942627,10.473299980163574,10.623600006103516,9.804574012756348,30612809,9.445317125320434,9.166724090576173,69.27941345953109,63.16322160464135,10.645732943887406,10.2950364221686,9.944339900449794,9.821621803283692,94.01517837762066,88.88251295642755,98.24860675771224,94.01517837762066,0.13520050048828125,0.030099868774414062,0.21040058135986328,-0.04510021209716797,77.0188541774767,134.3903561620673,0.08029746442781693,0.05021558937491569,0.030081875052901247,1
368,2016-07-04,10.428199768066406,10.788900375366213,10.428199768066406,10.788900375366213,9.957131385803224,24785635,9.472269010543823,9.185414543151856,72.80773841767083,65.46990210751869,10.781675698644905,10.4167663973382,10.051857096031496,9.870640516052248,96.57499523131247,94.20977762676381,100.0,96.57499523131247,0.36070060729980646,0.0,0.1653003692626971,0.19540023803710938,92.6298700331105,124.75982749133108,0.11470563581366378,0.0631135986626653,0.05159203715099847,1
369,2016-07-05,10.773900032043457,10.773900032043457,10.578499794006348,10.63860034942627,9.818419456481934,8745266,9.486720848083497,9.198858890533447,65.44741550114516,61.819774102834714,10.853504642922378,10.52352273618613,10.193540829449883,9.944101304797366,90.15557845714928,93.58191735536087,72.21812861373549,90.15557845714928,0.0,0.19540023803710938,-0.015000343322755683,0.21040058135986506,86.65594602963111,114.86227403772948,0.12836667245621314,0.07616421342137487,0.052202459034838264,1
370,2016-07-06,10.48840045928955,10.63860034942627,10.48840045928955,10.623600006103516,9.804574012756348,12569484,9.497390460968017,9.214498195648194,64.74386432323773,61.465057083685316,10.829589513879558,10.6003562243786,10.371122934877643,10.011685230442874,78.51663215517128,88.41573528121108,63.33176785177827,78.51663215517128,0.15019989013671875,0.0,0.0,0.15019989013671875,91.5899265275687,104.04199373274207,0.13641028719649562,0.08821342817639902,0.0481968590200966,1
371,2016-07-07,10.743800163269043,10.743800163269043,10.63860034942627,10.653599739074707,9.83226203918457,10289961,9.51068410873413,9.23093849182129,65.54161632234428,61.918216781102196,10.77664776501142,10.651415338295784,10.526182911580149,10.073862442036742,66.01312892162052,78.22844651131378,62.4894902993477,66.01312892162052,0.0,0.10519981384277344,0.12020015716552734,-0.015000343322753906,88.26138151371971,108.06037082896822,0.14355087246141096,0.0992809170334014,0.04426995542800956,1
372,2016-07-08,10.608599662780762,10.608599662780762,10.428199768066406,10.443300247192383,9.638175010681152,13940981,9.5105637550354,9.242507934570312,55.97954929907689,57.04192681729645,10.877780797175085,10.65727737102457,10.436773944874055,10.1310654767031,43.33589611430605,62.62188573036604,4.186430191792102,43.33589611430605,0.0,0.18039989471435547,-0.04500007629394531,0.22539997100830078,79.17311447936636,93.40652968124826,0.1307334128753741,0.10557141620179594,0.025161996673578158,1
373,2016-07-11,10.728799819946287,10.728799819946287,10.443300247192383,10.593500137329102,9.776796340942383,15279858,9.5154137134552,9.258333263397217,60.42093418250437,59.40960245502255,10.801174096763775,10.648681219233701,10.496188341703627,10.183692268596149,38.16400541674347,49.171010150890105,47.81609575909052,38.16400541674347,0.0,0.2854995727539045,0.2854995727539045,0.0,74.18218529662096,103.86552529459723,0.13118316183881085,0.11069376532919892,0.02048939650961193,1
374,2016-07-12,10.56350040435791,10.623600006103516,10.48840045928955,10.593500137329102,9.776796340942383,15768597,9.532053709030151,9.272675132751464,60.42093418250438,59.40960245502254,10.78268652349385,10.637475060705327,10.492263597916805,10.232108917137754,34.79300107419328,38.76430086841435,52.37647727169712,34.79300107419328,0.06009960174560547,0.07509994506835938,0.030099868774414062,0.10509967803955078,69.18942620623757,94.25912514277064,0.13004056445302759,0.11456312515396465,0.015477439299062937,1
375,2016-07-13,10.63860034942627,10.63860034942627,10.48840045928955,10.503399848937988,9.693641662597656,12806108,9.552856016159058,9.28757911682129,56.45801238250902,57.369719275364105,10.766113815741244,10.61699485243804,10.467875889134836,10.276652233796032,41.34006624306539,38.09902424466747,23.82762569840843,41.34006624306539,0.0,0.15019989013671875,0.04510021209716797,0.10509967803955078,63.672939568267154,86.10594075158103,0.12047593592352968,0.11574568730787765,0.004730248615652022,1
376,2016-07-14,10.548500061035156,10.653599739074707,10.503399848937988,10.63860034942627,9.818419456481934,10197859,9.575739479064941,9.307203369140625,60.63074504310355,59.531967848002466,10.74885682440744,10.607176924019015,10.46549702363059,10.317632085121646,48.732543643318,41.62187032019231,69.99352795984838,48.732543643318,0.10509967803955078,0.04510021209716797,0.15019989013671875,0.0,68.19183378425355,87.50340886468454,0.12239456106417279,0.11707546205913669,0.005319099005036104,1
377,2016-07-15,10.578499794006348,10.698699951171877,10.53339958190918,10.63860034942627,9.818419456481934,10812663,9.609021759033203,9.326333236694335,60.63074504310354,59.53196784800247,10.706906099217877,10.608169608596995,10.509433117976114,10.355333548341212,54.07586552154893,48.04949180264419,68.40644290638988,54.07586552154893,0.12020015716552912,0.04510021209716797,0.060099601745607245,0.10520076751708984,74.56078115417498,86.49298681206945,0.12250294758673697,0.11816095916465674,0.004341988422080223,1
378,2016-07-18,10.608599662780762,10.728799819946287,10.608599662780762,10.713700294494627,9.887728691101074,10857659,9.643689346313476,9.34660213470459,62.919905872487035,60.722054340495625,10.761869530039705,10.624058744059816,10.486247958079927,10.390018894503212,77.37298451934494,60.060464561404046,93.71898269179651,77.37298451934494,0.12020015716552557,0.0,0.09019947052001775,0.030000686645507812,78.05191256122887,87.54712553827311,0.12718269962454976,0.11996530725663535,0.00721739236791441,1
379,2016-07-19,10.743800163269043,10.743800163269043,10.608599662780762,10.728799819946287,9.90166473388672,10479341,9.674200630187988,9.367644119262696,63.38096755040764,60.96144259363282,10.809216047320659,10.64953152677915,10.48984700623764,10.421929412972252,85.41738139766316,72.28874381285243,94.12671859480301,85.41738139766316,0.0,0.13520050048828125,0.03009986877441584,0.10510063171386541,77.65641706449411,98.87266254452794,0.13060431707340037,0.12209310921998835,0.008511207853412014,1
380,2016-07-20,10.743800163269043,10.788900375366213,10.698699951171877,10.773900032043457,9.943286895751953,12876957,9.704711866378783,9.386799259185791,64.78916754243969,61.68472098956887,10.788037023773366,10.682169231581895,10.576301439390424,10.451287089963769,94.19721675531741,85.66252755744192,94.74594897935265,94.19721675531741,0.045100212097169745,0.04510021209716619,0.06010055541992543,0.03009986877441051,81.90721938329484,113.76333047194022,0.13539444091630948,0.12475337555925257,0.010641065357056903,1
381,2016-07-21,10.788900375366213,10.818900108337402,10.75879955291748,10.788900375366213,9.957131385803224,11829404,9.734530925750732,9.405242557525634,65.26760939352229,61.92803305418237,10.822674270536364,10.716806261717345,10.610938252898325,10.478296152795965,92.78829985626169,90.80096600308083,89.49223199462932,92.78829985626169,0.02999973297118963,0.030100822448732245,0.04500007629394531,0.015100479125976562,96.28461226274257,116.33384136469095,0.13880103893959195,0.12756290823532046,0.011238130704271487,1
382,2016-07-22,10.818900108337402,10.878999710083008,10.743800163269043,10.848999977111816,10.01259708404541,11264512,9.771281003952026,9.42677282333374,67.19104424705294,62.90668680777733,10.850692383897513,10.75487237078665,10.659052357675787,10.512356548350109,91.04786903728287,92.6777952162874,88.90542613786658,91.04786903728287,0.06009960174560547,0.07509994506835938,0.0900993347167951,0.045100212097169745,90.84381221787342,112.92928289862876,0.14468251799805643,0.13098683018786766,0.013695687810188761,1
383,2016-07-25,10.894100189208984,10.894100189208984,10.773900032043457,10.833999633789062,9.998753547668457,8499571,9.805954551696777,9.448273429870605,66.20557156651284,62.490912692628456,10.87556369400727,10.789299843662015,10.703035993316758,10.556353727758056,85.78223810466591,89.8728023327369,78.94905618150176,85.78223810466591,0.0,0.12020015716552734,0.04510021209716797,0.07509994506835938,88.2588425451303,127.613741532557,0.14644510220332307,0.13407848459095875,0.012366617612364322,1
384,2016-07-26,10.86400032043457,11.014300346374512,10.818900108337402,10.969200134277344,10.123531341552734,14494659,9.835769081115723,9.473752746582031,70.41717764710704,64.67337763110092,10.96997835271398,10.8321522153786,10.694326078043218,10.603638232361186,84.52139739948899,87.11716818047933,85.70970987909858,84.52139739948899,0.1503000259399414,0.04510021209716797,0.18030071258544922,0.015099525451660156,99.3332832832629,129.32147381832374,0.15694237930106425,0.13865126353297985,0.0182911157680844,1
385,2016-07-27,10.95419979095459,11.014300346374512,10.803899765014648,10.98419952392578,10.137372970581056,14805361,9.866275691986084,9.499261684417725,70.85114663955665,64.90826506787859,11.034375118554442,10.879294837258762,10.724214555963082,10.669344170603319,84.51030931865334,84.93798160760282,88.87216189535965,84.51030931865334,0.060100555419921875,0.1503000259399414,0.04510021209716797,0.1653003692626953,101.29669515786128,117.02003641347578,0.1645747570641145,0.14383596223920678,0.02073879482490773,1
386,2016-07-28,10.93910026550293,10.95419979095459,10.833999633789062,10.878999710083008,10.040283203125,13011821,9.887077951431275,9.52159288406372,63.78315494853373,61.91375787998954,11.034692604919803,10.910664041911488,10.786635478903174,10.72453715872671,74.85439537219403,81.29536736344554,49.98131434212382,74.85439537219403,0.015099525451660156,0.10510063171386719,-0.02999973297118963,0.15019989013671697,99.98768338706068,105.41028598873949,0.16028703646293074,0.14712617708395156,0.013160859378979178,1
387,2016-07-29,10.878999710083008,10.878999710083008,10.713700294494627,10.818900108337402,9.984818458557127,22541444,9.896090173721314,9.543803577423096,60.09494744888357,60.26658285085797,11.05441192319485,10.918149681538324,10.781887439881798,11.014300346374512,57.950027196324264,72.43824396239063,34.99660535148927,57.950027196324264,0.0,0.16529941558838068,0.0,0.16529941558838068,88.81196228792109,100.00526111849739,0.15030680808670915,0.14776230328450307,0.0025445048022060823,1
388,2016-08-01,10.818900108337402,10.894100189208984,10.743800163269043,10.788900375366213,9.957131385803224,17678018,9.896090173721314,9.566202068328858,58.28320086047852,59.44784848764954,11.061430830825957,10.905163526322632,10.748896221819306,11.008288345336915,36.664858559766515,56.48976037609501,25.016655985686405,36.664858559766515,0.07520008087158203,0.07509994506835938,0.07520008087158203,0.07509994506835938,91.24975407287074,105.37859984316175,0.13838150165080876,0.1458861429577642,-0.00750464130695544,0
389,2016-08-02,10.788900375366213,10.788900375366213,10.788900375366213,10.788900375366213,9.957131385803224,0,9.903025770187378,9.58711742401123,58.283200860478516,59.44784848764954,11.02926623982654,10.881578936214154,10.733891632601768,11.002396584320069,28.343305774287376,40.98606384345946,25.016655985686405,28.343305774287376,0.0,0.0,0.0,0.0,86.89704404519742,106.88380624587603,0.12746131567794272,0.1422011775017999,-0.01473986182385717,0
390,2016-08-03,10.713700294494627,10.788900375366213,10.63860034942627,10.63860034942627,9.818419456481934,13610280,9.903718042373658,9.60649450302124,49.595448184934014,55.39324348902296,10.996670479670286,10.838113102506291,10.679555725342297,10.99662265852356,16.677770657124288,27.228644997059472,0.0,16.677770657124288,0.07520008087158558,0.0750999450683576,0.0,0.15030002593994318,78.23802856487887,85.82623753217827,0.10546331815210763,0.13485360563186144,-0.029390287479753807,0
391,2016-08-04,10.773900032043457,10.773900032043457,10.668700218200684,10.728799819946287,9.90166473388672,7433535,9.907188177108765,9.625558948516845,54.024595161346625,57.2095908565588,10.924216646379756,10.795863180301566,10.667509714223376,10.982301766159669,20.106599233552757,21.709225221654886,35.303141714971815,20.106599233552757,0.0,0.10519981384277344,0.1352996826171875,-0.030099868774414062,74.17804994914329,96.28984219431204,0.0942219579878536,0.12672727610305987,-0.032505318115206266,0
392,2016-08-05,10.788900375366213,10.788900375366213,10.713700294494627,10.773900032043457,9.943286895751953,12823029,9.922443771362305,9.644466896057128,56.10165128221378,58.09436013779913,10.881963571433994,10.767889667355618,10.653815763277242,10.968553709490333,29.419346972190795,22.067905620956026,52.954899201600526,29.419346972190795,0.0,0.07520008087158558,0.06010055541992543,0.015099525451660156,67.53087427100144,89.72351624022443,0.08793860773600137,0.11896954242964816,-0.03103093469364679,0
393,2016-08-08,10.818900108337402,10.969200134277344,10.788900375366213,10.93910026550293,10.09575080871582,15349262,9.938391494750977,9.665682582855224,62.74172010962219,61.14614820784438,10.968784851686626,10.773119519576987,10.577454187467348,10.63860034942627,59.71780549579275,36.414583900512184,90.89537557080588,59.71780549579275,0.1503000259399414,0.02999973297118963,0.19530010223388672,-0.015000343322755683,68.18629711548827,87.69288718169518,0.09519197180056516,0.11421402830383157,-0.01902205650326641,0
394,2016-08-09,10.969200134277344,10.969200134277344,10.878999710083008,10.924099922180176,10.081907272338867,5580512,9.953647041320801,9.68489070892334,61.82725107847931,60.72970353839623,11.030258150474628,10.7995268868452,10.568795623215772,10.64521234512329,76.7361128201178,55.2910884293672,86.35806368794694,76.7361128201178,0.0,0.09020042419433594,0.030099868774414062,0.060100555419921875,50.625899163577216,86.83892787838985,0.0985933895142832,0.1110899005459219,-0.012496511031638693,0
395,2016-08-10,10.909099578857422,10.95419979095459,10.86400032043457,10.894100189208984,10.054220199584961,7175271,9.971675968170166,9.70255702972412,59.945408945567166,59.88379812686483,10.999455929740684,10.830139255262232,10.66082258078378,10.651692100906372,84.08725667557952,73.51372499716344,75.00833076798574,84.08725667557952,0.04510021209716797,0.04509925842285156,0.030099868774414062,0.06009960174560547,56.002624930664155,96.66107334224485,0.0977416054402731,0.10842024152479214,-0.010678636084519036,0
396,2016-08-11,10.894100189208984,10.969200134277344,10.818900108337402,10.924099922180176,10.081907272338867,9624811,9.984850358963012,9.719787254333497,61.21666514407651,60.455021867869974,10.981188101303601,10.86043433244491,10.73968056358622,10.658042261573792,81.2382123231016,80.68719393959972,82.3482425133721,81.2382123231016,0.07509994506835938,0.07520008087158203,0.07509994506835938,0.07520008087158203,50.9702564421721,105.27727533123957,0.09835352988779356,0.10640689919739242,-0.008053369309598865,0
397,2016-08-12,10.969200134277344,10.98419952392578,10.924099922180176,10.969200134277344,10.123531341552734,10365314,10.000105953216552,9.736861934661865,63.11213332131702,61.31384506843381,10.940612300917355,10.891804010580614,10.842995720243874,10.664265419027863,83.22545358894376,82.85030752920838,92.31978748547341,83.22545358894376,0.014999389648435724,0.04510021209716797,0.06009960174560369,0.0,52.981286709466005,100.88534940450617,0.10130985764345546,0.10538749088660503,-0.004077633243149567,0
398,2016-08-15,10.924099922180176,11.059399604797363,10.924099922180176,11.02929973602295,10.178995132446287,12344395,10.014669275283813,9.752079963684082,65.52963574640486,62.441005330830144,11.022030646600403,10.92776896045222,10.833507274304036,10.67706278322378,87.38415528093317,83.94927373099291,87.48443584395396,87.38415528093317,0.1352996826171875,0.0,0.09019947052001953,0.04510021209716797,64.0349435338574,121.3735194548963,0.10726581078052178,0.10576315486538837,0.0015026559151334051,1
399,2016-08-16,11.014300346374512,11.02929973602295,10.924099922180176,10.969200134277344,10.123531341552734,9239790,10.025762605667115,9.763962936401366,61.20959755437202,60.609676486500916,11.04817547056097,10.956246899776396,10.864318328991821,10.700002992518195,80.76638915236042,83.79199934074586,62.49494412765383,80.76638915236042,0.0149993896484375,0.09020042419433594,0.0,0.10519981384277344,71.43216196831233,96.3759929655809,0.10591548320415178,0.10579362053314105,0.00012186267101073345,1
400,2016-08-17,11.014300346374512,11.014300346374512,10.894100189208984,10.924099922180176,10.081907272338867,6980468,10.03269362449646,9.773777446746827,58.113284099576376,59.25708702333093,11.047004366899017,10.969550853150821,10.892097339402625,10.721566789254945,64.57386596452828,77.5748034659407,43.74221792197698,64.57386596452828,0.0,0.12020015716552734,0.04510021209716797,0.07509994506835938,66.66994642998586,99.08181943722208,0.10005278247754568,0.10464545292202197,-0.004592670444476296,0
401,2016-08-18,10.848999977111816,10.969200134277344,10.833999633789062,10.878999710083008,10.040283203125,8754748,10.03685121536255,9.78325532913208,55.11102239128369,57.91672444879744,11.066070643500854,10.96546818362335,10.864865723745847,10.74183675818749,42.06723533597661,62.46916348428852,19.964543958298957,42.06723533597661,0.12020015716552734,0.015000343322753906,0.04510021209716797,0.09010028839111328,78.33396795176903,100.00610910868171,0.09072155806601323,0.10186067395082023,-0.011139115884806997,0
402,2016-08-19,10.894100189208984,10.894100189208984,10.75879955291748,10.86400032043457,10.02644157409668,12712695,10.037543439865113,9.7909725189209,54.1099225460296,57.46844546205717,11.070158959757421,10.949030217012258,10.827901474267094,11.059399604797363,32.90122816287836,46.51410982112784,34.996922608359085,32.90122816287836,0.0,0.1353006362915039,0.015100479125976562,0.12020015716552734,69.05184735998617,85.23227335288456,0.08118037329224848,0.09772461381910588,-0.016544240526857407,0
403,2016-08-22,10.848999977111816,10.95419979095459,10.773900032043457,10.95419979095459,10.109685897827148,7047059,10.043090057373046,9.799570293426514,58.94055613117912,59.42703240573815,11.020217309381346,10.938212306133849,10.856207302886352,11.053387603759766,42.39936818615957,39.1226105616716,72.23663799182061,42.39936818615957,0.10519981384277344,0.07509994506835938,0.09019947052001953,0.09010028839111328,67.19504159520932,87.74075665901402,0.0799753529748859,0.09417476165026188,-0.014199408675375988,0
404,2016-08-23,10.969200134277344,10.969200134277344,10.788900375366213,10.93910026550293,10.09575080871582,15278445,10.0417010307312,9.812605381011963,57.842878021461964,58.95572208565737,11.002948947411603,10.93335233119879,10.863755714985977,11.04749584274292,59.26704500920123,44.855880452746476,70.56757442742393,59.26704500920123,0.0,0.18029975891113104,0.015000343322753906,0.16529941558837713,55.72283189868353,77.24942636615727,0.076915328154886,0.09072287495118671,-0.01380754679630071,0
405,2016-08-24,10.93910026550293,10.95419979095459,10.86400032043457,10.878999710083008,10.040283203125,12789662,10.036846542358399,9.827859134674073,53.5665701408131,57.08683606589003,10.99813703660161,10.925486461237625,10.85283588587364,11.041721916946411,66.6444689431894,56.103627379516816,57.129194410323585,66.6444689431894,0.015099525451660156,0.07509994506835938,0.015099525451660156,0.07509994506835938,58.10034358744877,77.69902314298871,0.06884699855409515,0.08634769967176839,-0.01750070111767324,0
406,2016-08-25,10.878999710083008,10.969200134277344,10.848999977111816,10.909099578857422,10.068063735961914,16357413,10.038235569000244,9.842005405426026,55.347120960444116,57.78194125709698,10.98695234224566,10.918401551667628,10.849850761089597,11.036063469665832,66.37731499986056,64.09627631741715,71.4351761618341,66.37731499986056,0.09020042419433594,0.029999732971191406,0.09020042419433594,0.029999732971191406,60.75604696064152,79.35877934666313,0.06414220565167206,0.08190660086774912,-0.01776439521607706,0
407,2016-08-26,10.909099578857422,11.02929973602295,10.894100189208984,10.95419979095459,10.109685897827148,10375327,10.044478940963746,9.861143646240235,57.94889607998132,58.8183756092738,10.976787842738377,10.91847520398769,10.860162565237003,11.030518191330865,66.38650095647256,66.46942829984091,70.59513229725995,66.38650095647256,0.12020015716552734,0.0149993896484375,0.12020015716552734,0.0149993896484375,65.691504981746,83.49938680685317,0.06332288675693576,0.07818985804558645,-0.014866971288650693,0
408,2016-08-29,11.02929973602295,11.02929973602295,10.894100189208984,10.969200134277344,10.123531341552734,13987164,10.05279893875122,9.879726734161377,58.808687000269735,59.16420434206567,10.990525736215128,10.925762286386352,10.860998836557576,10.75879955291748,72.34346921171311,68.3690950560155,75.00009917604523,72.34346921171311,0.0,0.13519954681396484,0.07509994506835938,0.06009960174560547,60.88923147254308,81.99789609716687,0.06315595048900846,0.07518307653427085,-0.01202712604526239,0
409,2016-08-30,11.02929973602295,11.02929973602295,10.93910026550293,11.014300346374512,10.165155410766602,12570562,10.06320013999939,9.89720106124878,61.366130242858894,60.20605745140163,11.036183362345417,10.941875053874874,10.84756674540433,10.76420955657959,79.09203043841951,72.60733353553513,91.68085984195326,79.09203043841951,0.0,0.09019947052001953,0.06009960174560547,0.030099868774414062,61.783104800153524,84.90033899462203,0.06590317175135674,0.07332709557768803,-0.007423923826331294,0
410,2016-08-31,11.02929973602295,11.119500160217283,10.969200134277344,11.119500160217283,10.262243270874023,18523093,10.085391330718995,9.915784683227539,66.57846020668455,62.519132709050695,11.117185737577557,10.974170136237262,10.831154534896967,10.769511360168458,88.89365300599952,80.10971755204412,100.0,88.89365300599952,0.09020042419433416,0.06009960174560547,0.10519981384277166,0.04510021209716797,58.41349728550536,79.36864710393458,0.07569652772781765,0.07380098200771396,0.0018955457201036974,1
411,2016-09-01,11.119500160217283,11.119500160217283,11.014300346374512,11.044300079345703,10.192841529846193,12695406,10.099950170516967,9.932426509857178,60.31415306917801,59.9364929895316,11.123432066528652,11.00533683257872,10.887241598628789,10.783510912170412,86.10596976333862,84.6972177359193,66.6370494480625,86.10596976333862,0.0,0.10519981384277166,0.0,0.10519981384277166,56.737014909255265,79.51658733835549,0.07650787963155459,0.07434236153248208,0.0021655180990725054,1
412,2016-09-02,10.999199867248537,11.044300079345703,10.878999710083008,10.95419979095459,10.109685897827148,16817133,10.108270120620727,9.94906831741333,53.78433493559168,57.010192248385216,11.13680070909343,11.018705475143499,10.900610241193567,10.796950482092287,65.96840527310303,80.32267601414713,31.268166371246508,65.96840527310303,0.04510021209716619,0.12020015716552912,0.0,0.1653003692626953,57.79359035775274,80.5313280565913,0.06908418213881973,0.07329072565374961,-0.0042065435149298835,0
413,2016-09-05,11.044300079345703,11.044300079345703,10.969200134277344,10.98419952392578,10.137372970581056,7842645,10.11035122871399,9.965710124969483,55.511369177744626,57.72290157620724,11.133709569327468,11.020289451030898,10.906869332734328,10.809852469217287,47.21575342900555,66.43004282181582,43.74204446770756,47.21575342900555,0.0,0.07509994506835938,0.09010028839111328,-0.015000343322753906,60.482898888986156,95.30395109479895,0.06487375189419176,0.07160733090183805,-0.00673357900764629,0
414,2016-09-06,10.969200134277344,11.014300346374512,10.95419979095459,10.969200134277344,10.123531341552734,6221671,10.112432432174682,9.97763593673706,54.41656187120829,57.230994956822066,11.13562886132716,11.013910668328954,10.892192475330749,10.822238376857287,37.50517150904971,50.229776737052845,37.505303688194964,37.50517150904971,0.04510021209716797,0.015000343322753906,0.030100822448732245,0.02999973297118963,60.81565279996991,95.16716896330578,0.0596391472360569,0.06921369416868181,-0.009574546932624911,0
415,2016-09-07,10.969200134277344,11.014300346374512,10.93910026550293,10.95419979095459,10.109685897827148,9366245,10.115205717086791,9.989284839630127,53.28452338973359,56.72951048542445,11.069150275883814,11.00226150529425,10.935372734704686,10.834128848191687,37.50517150904971,40.742032149035076,31.268166371246508,37.50517150904971,0.04510021209716797,0.030099868774414062,0.04510021209716797,0.030099868774414062,62.21969805622002,96.21007941655262,0.0536617042646359,0.06610329618787263,-0.012441591923236725,0
416,2016-09-08,10.98419952392578,10.999199867248537,10.924099922180176,10.999199867248537,10.151217460632324,16497224,10.118671226501466,9.99982442855835,56.22623485383706,57.8776751794134,11.029306291996635,10.994320630346394,10.959334968696153,10.845543700672712,47.1632253801096,40.72452279940308,72.71620608088725,47.1632253801096,0.015000343322757459,0.06009960174560369,0.04500007629394709,0.030099868774414062,59.53317564667978,107.23127815849571,0.0519567427319636,0.06327398549669082,-0.011317242764727217,0
417,2016-09-09,10.999199867248537,11.119500160217283,10.98419952392578,11.119500160217283,10.262243270874023,18488509,10.12560682296753,10.008977813720703,62.944044139135656,60.76394952503178,11.123201478832321,11.005087832096606,10.886974185360891,10.856501959054494,67.99479081737795,50.887729235512495,100.0,67.99479081737795,0.12030029296874645,0.015000343322757459,0.12030029296874645,0.015000343322757459,69.18263308847953,103.01480047191957,0.059625451594389034,0.06254427871623046,-0.0029188271218414247,0
418,2016-09-12,11.014300346374512,11.014300346374512,10.894100189208984,10.924099922180176,10.191896438598633,13291061,10.126251888275146,10.013673114776612,56.97750526271955,58.146007422547626,11.141081897712974,11.005850092273604,10.870618286834235,10.867021887101005,62.008587006237484,59.05553440124175,13.3095549378251,62.008587006237484,0.0,0.12020015716552734,-0.10519981384277166,0.225399971008299,67.49816948291934,80.71816809736521,0.049366723576586224,0.05990876768830161,-0.010542044111715387,0
419,2016-09-13,10.969200134277344,10.999199867248537,10.773900032043457,10.788900375366213,10.065759658813477,12791504,10.123363304138184,10.018619918823243,48.16187966764484,53.83324014017561,11.193825250324668,10.979284421729325,10.764743593133982,11.119500160217283,39.21664348231619,56.40667376864395,4.340375509123355,39.21664348231619,0.029999732971193183,0.19530010223388672,0.07509994506836115,0.15019989013671875,55.98214755125599,67.21870344474618,0.029981525827317057,0.0539233193161047,-0.023941793488787645,0
420,2016-09-14,10.924099922180176,10.969200134277344,10.788900375366213,10.803899765014648,10.079752922058104,18733601,10.123255586624145,10.024123497009278,49.102699373400085,54.22385331638703,11.185009580643191,10.937618966235114,10.690228351827036,11.112588157653807,8.776801839289023,36.667344109280975,8.680475070918508,8.776801839289023,0.04510021209716797,0.13519954681396307,0.18029975891113104,0.0,56.94929608263535,77.70211507049366,0.015648555530445307,0.046268366558972825,-0.030619811028527517,0
421,2016-09-15,10.818900108337402,11.014300346374512,10.788900375366213,11.014300346374512,10.276052474975586,15883596,10.135044050216674,10.032999305725097,60.05498453724078,59.24078182007896,11.169358475108112,10.918182130337634,10.667005785567156,11.1058143951416,27.52703363981918,25.173492987141543,69.56025033941557,27.52703363981918,0.19540023803710938,0.02999973297118963,0.21040058135986328,0.014999389648435724,64.72551161897431,89.8479014029735,0.021024781240743806,0.04121964949532702,-0.020194868254583213,0
422,2016-09-19,11.02929973602295,11.074399948120117,10.924099922180176,11.074399948120117,10.33212184906006,12256540,10.150328063964844,10.046878242492676,62.53485230053539,60.522375498063454,11.153409089951785,10.928182427212896,10.702955764474007,11.099176107879638,59.413575136778064,31.905803538628835,100.0,59.413575136778064,0.04510021209716797,0.10519981384277344,0.06009960174560547,0.09020042419433594,62.34211973970104,88.25517960884396,0.029791595469365717,0.03893403869013476,-0.009142443220769042,0
423,2016-09-20,11.014300346374512,11.134499549865724,10.98419952392578,11.134499549865724,10.38819408416748,16515142,10.16425347328186,10.059106197357178,64.8828214612631,61.76905820479418,11.246152549398184,10.963200774482978,10.680248999567771,10.773900032043457,89.85341677980523,58.93134185213424,100.0,89.85341677980523,0.12019920349121271,0.030100822448732245,0.060099601745607245,0.09020042419433771,67.90716034373807,84.01672764865464,0.04111494697896667,0.03937022034790114,0.0017447266310655282,1
424,2016-09-21,11.25469970703125,11.25469970703125,11.149499893188477,11.149499893188477,10.40219020843506,13339033,10.179575443267822,10.071614074707032,65.46462152486053,62.079041590573695,11.260965949233823,11.01052949108221,10.760093032930596,10.781112022399903,92.4717357388837,80.57957588515575,77.41520721665096,92.4717357388837,0.0,0.10519981384277344,0.12020015716552557,-0.01500034332275213,58.351882886131214,88.44416795092785,0.05071458085435587,0.04163909244919209,0.009075488405163784,1
425,2016-09-22,11.209600448608398,11.239700317382812,11.119500160217283,11.119500160217283,10.374199867248537,15316478,10.196271276473999,10.08522523880005,63.209241079585134,61.05239540305293,11.152436176086322,11.054422546079643,10.956408916072963,10.800055529785157,82.79664336733356,88.37393196200757,70.97472288534959,82.79664336733356,0.030099868774414062,0.09010028839111506,0.09020042419433594,0.029999732971193183,59.05254931140138,97.43554387514288,0.05526457649287764,0.0443641892579292,0.01090038723494844,1
426,2016-09-23,11.209600448608398,11.209600448608398,11.119500160217283,11.16450023651123,10.416183471679688,13667160,10.213677263259887,10.097180519104004,65.14873282370218,62.029164136123185,11.155783959287428,11.093940169866592,11.032096380445756,10.818241296875,73.70211531527087,82.99016480716278,72.71641584381193,73.70211531527087,0.0,0.09010028839111506,0.09010028839111506,0.0,59.88571459224297,104.52118093815645,0.06178934182294249,0.04784921977093186,0.013940122052010631,1
427,2016-09-26,11.149499893188477,11.16450023651123,11.02929973602295,11.02929973602295,10.290043830871582,7372322,10.22269515991211,10.106613006591797,55.65550565530225,57.533460932323976,11.205650811090154,11.110630472378489,11.015610133666824,10.83569963328125,53.45467798281808,69.98447888847424,16.672895219292606,53.45467798281808,0.015000343322753906,0.12020015716552734,0.0,0.13520050048828125,52.37210954863393,99.136185877878,0.05541196029816753,0.04936176787637899,0.0060501924217885375,1
428,2016-09-27,10.969200134277344,11.119500160217283,10.969200134277344,11.119500160217283,10.374199867248537,9043451,10.2352285861969,10.116342430114747,59.85815886221463,59.56127044661327,11.212677173719808,11.118805364828042,11.024933555936276,10.85245963623125,47.344627431054015,58.16714024304773,52.644571230057366,47.344627431054015,0.15030002593993963,0.0,0.09020042419433416,0.06009960174560547,62.887015363632436,107.28487482430165,0.05697943641479242,0.050885301584061675,0.006094134830730742,1
429,2016-09-28,11.194600105285645,11.194600105285645,11.089400291442873,11.194600105285645,10.444266319274902,8297097,10.249184131622314,10.12719446182251,63.00207366193946,61.16248965410593,11.244092312507373,11.132298473828243,11.020504635149113,10.86854923906325,50.88152374335268,50.56027638574167,83.32710478070794,50.88152374335268,0.0,0.10519981384277166,0.07509994506836115,0.03009986877441051,57.068657997434016,110.37829105916863,0.06354905649549636,0.053418052566348614,0.010131003929147744,1
430,2016-09-29,11.269700050354006,11.269700050354006,11.149499893188477,11.224599838256836,10.47225570678711,9950300,10.259684753417968,10.137773838043213,64.2080177784535,61.789271119769474,11.289687176877425,11.153445900890382,11.01720462490334,10.88399525778197,73.65442725675375,57.293526143720236,84.99160575949578,73.65442725675375,0.0,0.12020015716552912,0.07509994506836115,0.04510021209716797,58.72293194468639,123.46899323956362,0.07036513005505363,0.056807468064089615,0.013557661990964011,1
431,2016-09-30,11.134499549865724,11.17959976196289,10.969200134277344,10.999199867248537,10.261962890625,14548556,10.26314082145691,10.143870468139648,50.80818921372696,54.88745807214792,11.32772054116029,11.150835064478372,10.973949587796454,10.907137545336292,59.43399517723832,61.323315392448336,9.983274991511083,59.43399517723832,0.04510021209716619,0.16529941558838068,-0.04500007629394531,0.2553997039794922,57.66135999774279,106.36485691981692,0.0569228523354699,0.05683054491836567,9.230741710422596e-05,1
432,2016-10-03,11.119500160217283,11.149499893188477,10.969200134277344,11.02929973602295,10.290043830871582,13355765,10.27215871810913,10.149419403076172,52.24147494411162,55.57462569731728,11.308553814581643,11.131668337899725,10.954782861217808,10.928891295637355,38.32491793532365,57.13778012310532,19.99987305496391,38.32491793532365,0.029999732971193183,0.15030002593993963,0.15030002593993963,0.029999732971193183,51.98802707271266,110.00087122639262,0.04814358892651249,0.055093153719995035,-0.006949564793482542,0
433,2016-10-04,10.999199867248537,11.059399604797363,10.969200134277344,11.014300346374512,10.276052474975586,8823558,10.279092693328858,10.154965381622315,51.437299205563555,55.14063583301999,11.29730064956338,11.10403581011095,10.91077097065852,10.949339820920354,14.997180762326261,37.58536462496283,15.00839424050363,14.997180762326261,0.06019973754882635,0.029999732971193183,0.030099868774414062,0.06009960174560547,49.038712447598016,101.7728927030914,0.03952007125321977,0.05197853722663998,-0.012458465973420214,0
434,2016-10-05,10.999199867248537,11.044300079345703,10.969200134277344,11.044300079345703,10.304040908813477,8413089,10.288118171691895,10.158575572967528,52.99603847031194,55.85577408185593,11.24413892951872,11.079118112464798,10.914097295410876,10.968561434686373,19.99997884249394,24.440692513381364,24.99166923201412,19.99997884249394,0.04510021209716619,0.029999732971193183,0.029999732971191406,0.04510021209716797,53.44648512817572,100.00016999555757,0.03470652389716555,0.0485241345607451,-0.013817610663579546,0
435,2016-10-06,11.014300346374512,11.044300079345703,10.98419952392578,11.014300346374512,10.276052474975586,9627575,10.296436500549316,10.16134916305542,51.225357479978605,54.94737207120899,11.087598629806935,11.056949592477231,11.026300555147527,10.969200134277344,20.47852114239703,18.491893582405826,21.435499954673194,20.47852114239703,0.029999732971191406,0.030100822448732245,0.0,0.06010055541992365,56.358148830401944,94.74037000128048,0.028146569077517114,0.0444486214640995,-0.01630205238658239,0
436,2016-10-07,11.074399948120117,11.104399681091307,10.969200134277344,11.014300346374512,10.276052474975586,15780800,10.30267825126648,10.166064548492432,51.2253574799786,54.947372071208974,11.062730217737554,11.038730526725665,11.014730835713776,11.269700050354006,23.813728683079194,21.430742889323472,25.01401686255012,23.813728683079194,0.02999973297118963,0.10519981384277344,0.0900993347167951,0.04510021209716797,52.42817895770799,93.85884723946532,0.022686244713661097,0.04009614611401182,-0.017409901400350723,0
437,2016-10-11,11.194600105285645,11.194600105285645,10.969200134277344,11.02929973602295,10.290043830871582,20361697,10.304068279266357,10.17216905593872,52.15220736168709,55.337870400761446,11.050798744309768,11.026799053297879,11.00279936228599,11.263690052032473,24.371017506926833,22.88775577746777,26.66353570355703,24.371017506926833,0.0,0.22539997100830078,0.1802997589111328,0.04510021209716797,49.68680342854679,108.17965244453715,0.019346212608933655,0.035946159412996184,-0.01659994680406253,0
438,2016-10-12,11.014300346374512,11.089400291442873,10.969200134277344,11.074399948120117,10.33212184906006,12612878,10.31107954978943,10.179668865203858,54.92628622247827,56.513428139775066,11.070637883974992,11.025668744107818,10.980699604240645,11.25780025367737,32.78335268529011,26.989366291765464,46.672505489763026,32.78335268529011,0.07509994506836115,0.04510021209716797,0.06010055541992365,0.06009960174560547,52.71394194583452,119.41609977324259,0.02010664639664128,0.0327782568097252,-0.012671610413083921,0
439,2016-10-13,11.089400291442873,11.089400291442873,10.969200134277344,10.98419952392578,10.247967720031738,14510921,10.320189952850342,10.185485591888428,48.8289628151199,53.588018706635154,11.08044141136705,11.021531063955749,10.962620716544448,11.252028251289369,26.66353570355682,27.939301965258007,6.654565917350248,26.66353570355682,0.0,0.12020015716552912,0.015000343322755683,0.10519981384277344,51.66607118086903,106.30749623052877,0.013277816848468404,0.02887816881747384,-0.015600351969005437,0
440,2016-10-14,11.044300079345703,11.104399681091307,10.999199867248537,11.104399681091307,10.360111236572266,15651921,10.33420786857605,10.196319427490234,55.86077305209669,56.686516067349245,11.113415335566074,11.027575361898052,10.941735388230029,11.246371688949129,37.76971061156689,32.40553300013803,59.982060427587236,37.76971061156689,0.06009960174560369,0.04510021209716619,0.12020015716552734,-0.015000343322757459,51.64205839941688,114.8069644297902,0.01736489664189733,0.02657551438235854,-0.009210617740461207,0
441,2016-10-17,11.014300346374512,11.104399681091307,10.999199867248537,11.074399948120117,10.33212184906006,15500199,10.337011337280273,10.2049285697937,53.87100740997226,55.72363215539022,11.12231943632557,11.038164942274136,10.954010448222702,11.240828257855693,37.76971061156689,34.06765230889695,46.672505489763026,37.76971061156689,0.0900993347167951,0.015100479125974786,0.0,0.10519981384276988,53.95148911578333,107.07314484119772,0.017975993033441995,0.02485561011257523,-0.006879617079133236,0
442,2016-10-18,11.104399681091307,11.194600105285645,11.089400291442873,11.149499893188477,10.40219020843506,14051341,10.340514755249023,10.214106636047363,57.91266612639764,57.59365877556303,11.166345778308523,11.058154448898193,10.949963119487863,11.235395695384126,62.21519871038148,45.918206644505176,79.99103021379402,62.21519871038148,0.09020042419433771,0.014999389648433947,0.12020015716552734,-0.015000343322755683,58.397275801653436,114.54427962312303,0.024240796444994217,0.024732647379059027,-0.0004918509340648101,0
443,2016-10-19,11.149499893188477,11.17959976196289,11.044300079345703,11.16450023651123,10.416183471679688,12788156,10.341914224624634,10.22051528930664,58.691081196213425,57.96137737959779,11.212737909394972,11.08439716466701,10.956056419939047,11.230071784161991,71.10318497927506,57.02936476707456,86.64601923426798,71.10318497927506,0.030099868774414062,0.10519981384277344,0.030099868774414062,0.10519981384277344,52.26269320192895,103.442280241891,0.030069478397798832,0.025800013582806987,0.0042694648149918454,1
444,2016-10-20,11.194600105285645,11.239700317382812,11.149499893188477,11.209600448608398,10.458261489868164,9399317,10.34471778869629,10.228042373657226,61.02541153355643,59.068195424600404,11.210574567000856,11.116322439937242,11.022070312873629,10.969200134277344,84.70717830697104,72.67518733220929,87.48448547285098,84.70717830697104,0.04510021209716797,0.04510021209716797,0.07520008087158203,0.015000343322753906,56.00507069094915,129.4122954221483,0.03789117515606222,0.028218245897458034,0.009672929258604183,1
445,2016-10-21,11.209600448608398,11.209600448608398,11.209600448608398,11.209600448608398,10.458261489868164,0,10.348920869827271,10.23612319946289,61.02541153355643,59.068195424600404,11.247630418861144,11.148164938241486,11.048699457621828,10.974610137939454,87.20499672665669,81.00512000430102,87.48448547285098,87.20499672665669,0.0,0.0,0.0,0.0,59.86100243722865,138.03994743576988,0.04358747688796605,0.03129209209555964,0.01229538479240641,1
446,2016-10-24,11.25469970703125,11.25469970703125,11.134499549865724,11.25469970703125,10.500337600708008,16521536,10.353128576278687,10.244491806030274,63.42249027700997,60.195216069576,11.25532800886882,11.180721785406469,11.106115561944117,10.979911941528322,91.65632364856737,87.85616622739845,100.00000000000001,91.65632364856737,0.0,0.12020015716552557,0.04509925842285156,0.075100898742674,58.09346432893037,121.65206319795112,0.051151329607513674,0.03526393959795045,0.015887390009563226,1
447,2016-10-25,11.25469970703125,11.299799919128418,11.224599838256836,11.299799919128418,10.542415618896484,22791317,10.365747165679931,10.25286949157715,65.69478803297297,61.3002932414593,11.307568787097939,11.21558286541255,11.123596943727161,10.990903452148439,95.82816182428371,91.56316073316934,100.0,95.82816182428371,0.04510021209716797,0.030099868774414062,0.04510021209716797,0.030099868774414062,50.7363124925334,109.1803854069133,0.060092241625081755,0.040229600003376706,0.01986264162170505,1
448,2016-10-26,11.284700393676758,11.284700393676758,11.209600448608398,11.269700050354006,10.51433277130127,12322789,10.372753810882568,10.259576244354248,62.88688727875799,60.144622094948474,11.314889029669374,11.244770568789384,11.174652107909395,11.009437240167237,93.93026788976745,93.80491778753958,81.79080366930222,93.93026788976745,0.0,0.07509994506835938,-0.015099525451660156,0.09019947052001953,49.25495426287751,104.07424508025709,0.06401128866966133,0.04498593773663363,0.019025350933027693,1
449,2016-10-27,11.25469970703125,11.32979965209961,11.17959976196289,11.25469970703125,10.500337600708008,12952860,10.375557374954223,10.267112369537353,61.47667990944464,59.56427356495864,11.322321535611161,11.264025911356775,11.205730287102389,11.026859000904908,81.11239696371571,90.29027555925569,61.54638722184478,81.11239696371571,0.07509994506835938,0.07509994506835938,0.06009960174560369,0.09010028839111506,45.987513197216884,104.08132206314005,0.06515568516408798,0.049019887222124504,0.01613579794196348,1
450,2016-10-28,11.17959976196289,11.269700050354006,11.17959976196289,11.269700050354006,10.51433277130127,13351375,10.377661228179932,10.275760879516602,62.385060675391415,59.96488873925029,11.308959443082493,11.276022889135739,11.243086335188984,11.051094253000484,70.85474714544947,81.96580399964428,69.22705054520125,70.85474714544947,0.09010028839111506,0.0,0.015000343322755683,0.07509994506835938,53.07664104039974,91.3483936680447,0.06650638575767154,0.05251718692923391,0.013989198828437625,1
451,2016-10-31,11.269700050354006,11.420000076293945,11.239700317382812,11.420000076293945,10.654558181762695,20313378,10.397290992736817,10.288046379089355,70.01444536617495,63.7016224466381,11.421054185170142,11.300224692487454,11.179395199804766,11.073390684928414,76.92447925568206,76.29720778828248,99.99999999999999,76.92447925568206,0.15030002593993963,0.029999732971193183,0.15030002593993963,0.029999732971193183,61.11020723136217,95.19427758544039,0.0787964650924966,0.05777304256188645,0.021023422530610153,1
452,2016-11-01,11.570199966430664,11.645400047302244,11.374899864196776,11.645400047302244,10.864850997924805,26713977,10.426031351089478,10.304814567565918,77.41329790957523,68.30275375807068,11.65792224348082,11.358935339017066,11.059948434553311,11.108051624064966,89.7423501817338,79.17385886095518,100.0,89.7423501817338,0.07520008087158025,0.1953001022338885,0.225399971008299,0.045100212097169745,61.656229614821946,100.93920161338178,0.10550810368206598,0.06732005478592236,0.03818804889614362,1
453,2016-11-02,11.630399703979492,11.645400047302244,11.420000076293945,11.52519989013672,10.752707481384276,10305548,10.449864101409911,10.317674999237061,67.80496196500798,63.82835133370685,11.721010841391326,11.422023936927381,11.123037032463436,11.17253343485344,91.39830517149979,86.02171153630529,74.19491551449924,91.39830517149979,0.01500034332275213,0.21039962768554688,0.0,0.225399971008299,58.993635168206325,95.57720638411784,0.11564503757599276,0.07698505134393643,0.038659986232056326,1
454,2016-11-03,11.630399703979492,11.630399703979492,11.35990047454834,11.389900207519533,10.626476287841797,7037626,10.465985870361328,10.32828950881958,58.93746118138047,59.29420178197814,11.713656294038135,11.459323840329816,11.204991386621497,11.229277428347297,73.11437191910674,84.75167575744685,45.14820024282087,73.11437191910674,0.0,0.27049922943115234,0.10519981384277166,0.16529941558838068,45.85877834051957,90.83299000259697,0.11147605055959708,0.08388325118706856,0.027592799372528523,1
455,2016-11-04,11.389900207519533,11.449999809265135,11.284700393676758,11.344900131225586,10.584491729736328,8774480,10.481407833099365,10.339173679351807,56.300176010873884,57.876127937549995,11.681890300164747,11.466006771888132,11.250123243611517,11.27921214262189,48.4245258814691,70.97906765735861,25.930461887087066,48.4245258814691,0.060099601745601916,0.10519981384277521,0.060099601745601916,0.10519981384277521,48.406236723354816,86.40260487352587,0.10334961817219579,0.087776524584094,0.015573093588101786,1
456,2016-11-07,11.495100021362305,11.495100021362305,11.344900131225586,11.4350004196167,10.668554306030273,10052305,10.5010329246521,10.351183490753174,60.14556370531711,59.86897621459695,11.67662069687779,11.46292053368387,11.249220370489951,11.284700393676758,37.58256210825244,53.04048663627617,41.66902419484925,37.58256210825244,0.0,0.15019989013671875,0.15019989013671875,0.0,47.798428583744936,92.62493705286678,0.10299246915717397,0.09081971349871,0.012172755658463971,1
457,2016-11-08,11.495100021362305,11.495100021362305,11.404999732971193,11.465100288391113,10.696635246276855,8974155,10.521362495422363,10.362922477722169,61.368477657716944,60.51607338858297,11.585152883080365,11.461380095244863,11.33760730740936,11.284700393676758,39.20445561844898,41.73718120272358,50.0138807734105,39.20445561844898,0.0,0.0901002883911115,0.06009960174560547,0.030000686645506036,47.40274084612409,112.14698380686832,0.10394007733359523,0.09344378626568704,0.010496291067908184,1
458,2016-11-09,11.570199966430664,11.570199966430664,11.044300079345703,11.35990047454834,10.598487854003906,26265546,10.534680795669555,10.37242160797119,55.014466960400334,57.17448529729826,11.54075949892032,11.450410640048105,11.36006178117589,11.645400047302244,48.51015772889635,41.76572515186601,53.847568218429146,48.51015772889635,0.0,0.5258998870849609,0.10509967803955078,0.42080020904541016,39.667596726387856,87.95648580606598,0.09510599514437601,0.09377622804142484,0.001329767102951171,1
459,2016-11-10,11.48009967803955,11.495100021362305,11.16450023651123,11.389900207519533,10.626476287841797,16581040,10.553606224060058,10.381648025512696,56.40079397905452,57.862573763343924,11.52643879203227,11.436089933160055,11.34574107428784,11.633378047943113,56.525801015726095,48.0801381210239,65.71595405533849,56.525801015726095,0.015000343322753906,0.3155994415283203,0.13519954681396484,0.19540023803710938,34.34055983193339,87.30481502817563,0.08949401776711063,0.092919785986562,-0.0034257682194513694,0
460,2016-11-11,11.344900131225586,11.344900131225586,10.969200134277344,10.98419952392578,10.247967720031738,46074525,10.547999048233033,10.38136251449585,38.92871218193405,47.221752024901484,11.724967531182738,11.374782822952263,11.024598114721787,11.621596488571164,40.68642056033254,48.57412643498509,2.495739407229859,40.68642056033254,0.0,0.3756999969482422,-0.04500007629394709,0.4207000732421893,29.407690220161342,71.24916679397492,0.05171370725303426,0.08467857023985645,-0.03296486298682219,0
461,2016-11-14,10.93910026550293,10.95419979095459,10.728799819946287,10.75879955291748,10.037675857543944,25825215,10.533276748657226,10.378259201049804,32.841554187998355,42.697743974036996,11.803170370452326,11.257070297382882,10.710970224313437,11.59550063439941,23.925715733397187,40.379312436485364,3.5654537376230677,23.925715733397187,0.015099525451660156,0.2103004455566424,-0.02999973297118963,0.2553997039794922,27.468505935985256,64.99551510689683,0.0035437944079745876,0.06845161507348008,-0.06490782066550549,0
462,2016-11-15,10.86400032043457,10.924099922180176,10.833999633789062,10.86400032043457,10.135826110839844,18614431,10.519958543777467,10.37878200531006,37.7352861067379,45.23714102193655,11.644587727336956,11.128438533681823,10.61228934002669,11.543498585532223,7.3765690544019575,23.996235116043987,16.068514018352793,7.3765690544019575,0.06009960174560547,0.030000686645507812,0.1653003692626953,-0.07520008087158203,28.950042256861398,70.93054577711642,-0.02584446690126896,0.04959239867853027,-0.07543686557979923,0
463,2016-11-16,10.98419952392578,10.999199867248537,10.75879955291748,10.75879955291748,10.037675857543944,16711575,10.501033163070678,10.376788063049316,34.989527820918276,43.249516205126675,11.472364267520817,11.003163695699158,10.533963123877498,11.494616659597067,7.84961590325991,13.050633563686441,3.9148799538037182,7.84961590325991,0.015000343322757459,0.225399971008299,0.13519954681396662,0.10520076751708984,29.38789349266594,67.61322493819108,-0.05696701813464777,0.02828051531589466,-0.08524753345054244,0
464,2016-11-17,10.969200134277344,10.969200134277344,10.788900375366213,10.86400032043457,10.135826110839844,15563357,10.484911394119262,10.377033958435058,39.71362184132504,45.72267479077016,11.075538963945515,10.908314661000652,10.74109035805579,11.44866764921802,13.975984550228253,9.73405650263013,21.94455967852809,13.975984550228253,0.0,0.18029975891113104,0.21040058135986328,-0.030100822448732245,26.163264180255126,75.88473620505938,-0.07230950253966739,0.008162511744782247,-0.08047201428444964,0
465,2016-11-18,10.86400032043457,10.924099922180176,10.75879955291748,10.924099922180176,10.191896438598633,11359470,10.471593141555786,10.378678169250488,42.29342667282901,47.08872469058415,10.984567579847218,10.854250333491422,10.723933087135626,11.405475579461717,32.69526538893277,18.173621947473734,72.22635653446635,32.69526538893277,0.06009960174560547,0.10520076751708984,0.06009960174560547,0.10520076751708984,27.968738864363313,77.65025949389998,-0.07871165738965225,-0.009212322082104651,-0.0694993353075476,0
466,2016-11-21,10.924099922180176,10.924099922180176,10.75879955291748,10.788900375366213,10.065759658813477,17040811,10.44986424446106,10.376969013214111,38.320652475785785,44.47723214151744,10.93515375150239,10.817070716460016,10.698987681417641,11.36487503389079,35.56401354228904,27.411754493816776,12.521124413872542,35.56401354228904,0.0,0.1653003692626953,0.0,0.1653003692626953,25.41253575986222,68.13535773843918,-0.09361574076565837,-0.026093005818815396,-0.06752273494684298,0
467,2016-11-22,10.833999633789062,10.833999633789062,10.75879955291748,10.788900375366213,10.065759658813477,21297429,10.426031446456909,10.3730393409729,38.320652475785785,44.47723214151744,10.911224749200786,10.790127543198636,10.669030337196487,11.32671052105412,32.422868454070525,33.560715795097536,12.521124413872542,32.422868454070525,0.0,0.07520008087158203,0.045099258422849786,0.030100822448732245,22.584815068179353,71.7550052979867,-0.10422588311705105,-0.04171958127846253,-0.06250630183858852,0
468,2016-11-23,10.788900375366213,10.894100189208984,10.773900032043457,10.803899765014648,10.079752922058104,10678216,10.40430245399475,10.37079647064209,39.057182018445815,44.842191633443925,10.879194749117168,10.773394999801567,10.667595250485967,11.29083587898765,15.492550540861146,27.826477512406996,21.435402794838208,15.492550540861146,0.10519981384277166,0.015000343322755683,0.10519981384277166,0.015000343322755683,22.987326144605973,70.39691119910105,-0.11015438084926998,-0.05540654119262402,-0.054747839656645966,0
469,2016-11-24,10.803899765014648,10.86400032043457,10.773900032043457,10.788900375366213,10.065759658813477,10300378,10.382573556900024,10.37079647064209,38.56129054151738,44.538589873082266,10.86928173065538,10.763482089651788,10.657682448648195,11.257113715445168,17.388766824527483,21.768061939819813,18.209773264871554,17.388766824527483,0.060100555419921875,0.029999732971191406,0.060100555419921875,0.029999732971191406,24.282439276793394,73.5693076530234,-0.11474042718294442,-0.06727331839068809,-0.047467108792256324,0
470,2016-11-25,10.848999977111816,10.86400032043457,10.788900375366213,10.86400032043457,10.135826110839844,7538523,10.363648223876954,10.371917934417725,42.4980944309359,46.42218619277168,10.82571742814664,10.767466897396119,10.709216366645597,11.225414881715235,34.42912049545091,22.436812620279937,63.64218542664282,34.42912049545091,0.015000343322753906,0.06009960174560369,0.0750999450683576,0.0,23.362083339727953,73.99000099424991,-0.11103502140264254,-0.07602565899307898,-0.035009362409563566,0
471,2016-11-28,10.894100189208984,10.969200134277344,10.818900108337402,10.848999977111816,10.121829986572266,11059991,10.337011814117432,10.368833484649658,41.920253970097995,46.09786919772198,10.842517486153335,10.779493671821449,10.716469857489562,11.195617978009098,41.574254760396975,31.13071402679188,42.870805589676415,41.574254760396975,0.07509994506835938,0.07520008087158203,0.10519981384277344,0.04510021209716797,24.89978695647505,76.70620801871722,-0.10806317792071596,-0.08243316277860638,-0.02563001514210958,0
472,2016-11-29,10.818900108337402,10.924099922180176,10.803899765014648,10.894100189208984,10.163907051086426,15309086,10.301964616775512,10.365469188690186,44.36918330841817,47.24688017670514,10.877157990428104,10.79970740194679,10.722256813465476,11.16760888852533,56.01979274605484,44.007722667301,61.54638722184514,56.01979274605484,0.10519981384277344,0.015000343322753906,0.07509994506835938,0.04510021209716797,28.513294055442095,78.73386287234962,-0.1009055835961199,-0.08612764694210909,-0.01477793665401081,0
473,2016-11-30,10.969200134277344,10.969200134277344,10.818900108337402,10.848999977111816,10.121829986572266,41360401,10.270420742034911,10.360141906738281,42.44196160842972,46.22502426944628,10.886371315140801,10.817838102399001,10.749304889657202,11.141280344410587,47.62360186322553,48.40588312322587,38.45361277815486,47.62360186322553,0.0,0.1503000259399414,0.07509994506835938,0.07520008087158203,26.400280689568,78.52671135741349,-0.09774559831142504,-0.08845123721597228,-0.009294361095452758,0
474,2016-12-01,10.818900108337402,10.878999710083008,10.743800163269043,10.743800163269043,10.023680686950684,28369869,10.240280961990356,10.352571716308594,38.26657850528083,43.92685168493553,10.920538472475544,10.818875296678073,10.717212120880601,11.116531512942728,33.33333333333339,45.658909314204685,0.0,33.33333333333339,0.06009960174560547,0.07509994506835938,0.029999732971191406,0.10519981384277344,28.000206150442448,79.772503283979,-0.10254792435433302,-0.09127057464364444,-0.011277349710688583,0
475,2016-12-02,10.713700294494627,10.728799819946287,10.548500061035156,10.608599662780762,9.897542953491213,36950440,10.2059335231781,10.343038578033447,33.68068190430442,41.19709363396936,10.996736740658895,10.79114821727903,10.585559693899166,11.093267611362942,17.579743304033375,32.84555950019753,14.285617133945088,17.579743304033375,0.015099525451660156,0.16520023345947088,-0.015000343322755683,0.19530010223388672,25.784459957335553,74.0519357191518,-0.11592701830890384,-0.09620186337669631,-0.019725154932207528,0
476,2016-12-05,10.593500137329102,10.653599739074707,10.56350040435791,10.593500137329102,9.88345718383789,20311569,10.166678667068481,10.33238405227661,33.20217153105756,40.90273535416619,10.989176277803079,10.745297023219962,10.501417768636845,11.049686207336718,8.327363896848196,19.746813511405083,10.696474556599327,8.327363896848196,0.06009960174560547,0.029999732971191406,0.04500007629394531,0.04509925842285156,24.8110056939999,75.95082986055164,-0.12629262935425345,-0.10222001657220774,-0.024072612782045713,0
477,2016-12-06,10.743800163269043,10.788900375366213,10.593500137329102,10.653599739074707,9.93952751159668,17936601,10.128823280334473,10.325373725891113,37.036893026428785,42.59590067546012,10.893223877979825,10.70256561304,10.511907348100177,11.009591315632592,16.654727793696335,14.187278331526064,24.982091690544415,16.654727793696335,0.045100212097169745,0.1503000259399414,0.19540023803711115,0.0,21.432114778776757,78.44679319433632,-0.12818033212113988,-0.10741207968199416,-0.02076825243914572,0
478,2016-12-07,10.773900032043457,10.818900108337402,10.728799819946287,10.75879955291748,10.037675857543944,10180692,10.100782680511475,10.318643245697022,43.185353253253,45.43381781681992,10.818887524378535,10.682625282721801,10.546363041065067,10.972704015264798,33.1031141344136,19.36173527498614,63.630776156096886,33.1031141344136,0.04500007629394531,0.045100212097169745,0.1653003692626953,-0.07520008087158025,21.483874982552134,79.76520439141112,-0.11980654905792676,-0.10989097355718068,-0.00991557550074608,0
479,2016-12-08,10.833999633789062,10.833999633789062,10.68369960784912,10.728799819946287,10.009687423706056,11358212,10.069943237304688,10.309951667785645,41.92797934043271,44.77914771632864,10.809110543338425,10.678803222083367,10.548495900828309,10.938767698926426,50.58841406063572,33.44875199624865,63.15237433526568,50.58841406063572,0.0,0.15030002593994318,0.07520008087158203,0.07509994506836115,21.42871534950587,87.73054317970599,-0.11427371710515644,-0.11076752226677583,-0.003506194838380605,0
480,2016-12-09,10.68369960784912,10.743800163269043,10.608599662780762,10.623600006103516,9.911538124084473,12992380,10.053121757507324,10.298737316131591,37.7744316697142,42.54947872869877,10.796927291613647,10.671697388230292,10.546467484846938,10.907546287895125,49.66706038570111,44.45286286025024,22.218030665740606,49.66706038570111,0.06010055541992365,0.0750999450683576,0.015000343322755683,0.12020015716552557,24.268292780085165,85.62440794578369,-0.11702862061559749,-0.11201974193654016,-0.0050088786790573325,0
481,2016-12-12,10.593500137329102,10.668700218200684,10.53339958190918,10.548500061035156,9.841472625732422,27063404,10.043311595916748,10.290327510833741,35.10118669168495,41.03679114717992,10.801530115132849,10.651177057210283,10.500823999287718,10.878822589746328,30.13128342790468,43.46225262474727,5.0234452827075975,30.13128342790468,0.07520008087158203,0.060100555419921875,0.04510021209716797,0.09020042419433594,25.002790288880465,85.53415436004764,-0.12384424011651873,-0.11438464157253588,-0.009459598543982858,0
482,2016-12-13,10.593500137329102,10.608599662780762,10.548500061035156,10.548500061035156,9.841472625732422,11544202,10.028593921661377,10.281356086730957,35.10118669168495,41.03679114717991,10.799736234739834,10.623103886867789,10.446471538995743,10.844280288962613,10.754973743718656,30.184439185774917,5.0234452827075975,10.754973743718656,0.015099525451660156,0.04500007629394531,0.06009960174560547,0.0,26.206068111386642,81.76285229342983,-0.12777278257317803,-0.1170622697726643,-0.01071051280051373,0
483,2016-12-14,10.63860034942627,10.63860034942627,10.518400192260742,10.518400192260742,9.813389778137207,18157573,10.01737961769104,10.27210283279419,33.983262921138966,40.417422701405606,10.743318389818738,10.59126049620152,10.439202602584304,10.81319221825727,3.34896352180512,14.74507356447625,0.0,3.34896352180512,0.0,0.12020015716552734,0.09010028839111328,0.030099868774414062,25.978807557621327,83.01513615353271,-0.13179572949902507,-0.12000896171793646,-0.011786767781088614,0
484,2016-12-15,10.518400192260742,10.53339958190918,10.3681001663208,10.3681001663208,9.67316436767578,27733179,9.994246530532838,10.259485301971436,29.014231689120273,37.48758858894955,10.71220563580393,10.543864307077207,10.375522978350485,10.777817175137688,1.6744817609025875,5.259473008808886,0.0,1.6744817609025875,0.0149993896484375,0.1503000259399414,0.0149993896484375,0.1503000259399414,29.615794630368125,89.36127690604123,-0.1454354110173437,-0.1250942515778179,-0.020341159439525802,0
485,2016-12-16,10.3681001663208,10.443300247192383,10.3681001663208,10.3681001663208,9.67316436767578,22001024,9.968309926986695,10.24742753982544,29.014231689120273,37.487588588949556,10.658509936469715,10.490144292541018,10.321778648612321,10.720456793903324,5.5067062021407764e-14,1.6744817609026856,0.0,5.5067062021407764e-14,0.07520008087158203,0.0,0.07520008087158203,0.0,35.14397559979848,95.32043984116811,-0.15446438757993164,-0.13096827877824063,-0.023496108801691007,0
486,2016-12-19,10.353099822998047,10.3681001663208,10.29300022125244,10.323100090026855,9.631178855895996,10853041,9.94658088684082,10.234530067443847,27.61222479425889,36.632517069478936,10.615772941221705,10.43503147622036,10.254290011219014,10.67112686604177,2.903149846757463,1.5258772025534666,8.709449540272223,2.903149846757463,0.015000343322753906,0.060099601745607245,0.0,0.07509994506836115,40.253943901983305,119.05291536201707,-0.1633678438210211,-0.13744819178679674,-0.02591965203422436,0
487,2016-12-20,10.33810043334961,10.443300247192383,10.29300022125244,10.30799961090088,9.617091178894043,12042190,9.924147462844848,10.221071014404297,27.13836767006518,36.3440590830808,10.533527587222633,10.384346933307619,10.235166279392605,10.610626602875477,4.349849700689679,2.41766651581583,4.34009956179665,4.349849700689679,0.10519981384277344,0.045100212097169745,0.12020015716552734,0.03009986877441584,47.06588555256987,149.9923841545274,-0.16968634099065838,-0.14389582162756906,-0.02579051936308932,0
488,2016-12-21,10.29300022125244,10.383199691772461,10.262999534606934,10.29300022125244,9.603097915649414,14532550,9.900314712524414,10.206490535736084,26.649159355394776,36.0516339838977,10.403198252093123,10.341342705515288,10.279487158937453,10.559806381815791,8.048158551448624,5.100386032965353,11.09492655227684,8.048158551448624,0.09019947052002131,0.030000686645506036,0.07520008087158025,0.04500007629394709,48.37520026350605,131.63091310021363,-0.17389951554292082,-0.14989656041063942,-0.0240029551322814,0
489,2016-12-22,10.33810043334961,10.353099822998047,10.202899932861328,10.262999534606934,9.575106620788574,14900506,9.87578206062317,10.19303331375122,25.652982072609714,35.459778753877465,10.374503140852534,10.304968273338076,10.235433405823619,10.506381149318196,13.47827592092323,8.625428057687275,24.999801648696035,13.47827592092323,0.0149993896484375,0.13520050048828125,0.060099601745607245,0.0901002883911115,50.3507134952482,127.84202850092925,-0.17761189208358807,-0.15543962674522915,-0.02217226533835892,0
490,2016-12-23,10.217900276184082,10.277999877929688,10.187800407409668,10.217900276184082,9.53303050994873,11677997,9.845642280578613,10.17649169921875,24.189214346050196,34.57495051955672,10.345927312371419,10.271356573986601,10.196785835601784,10.445684906026823,15.958502048629192,12.494978840333781,11.780777944914542,15.958502048629192,0.06009960174560547,0.030099868774414062,0.015000343322753906,0.07519912719726562,56.94416068217851,106.7249602737745,-0.18209404369666338,-0.160770510135516,-0.021323533561147384,0
491,2016-12-28,10.202899932861328,10.262999534606934,10.202899932861328,10.217900276184082,9.53303050994873,11297925,9.816202306747437,10.160509872436524,24.189214346050196,34.57495051955673,10.317206253046635,10.242658335885132,10.168110418723629,10.394108006303393,16.187119179508425,15.207965716353717,11.780777944914542,16.187119179508425,0.06009960174560547,0.0,0.04509925842285156,0.015000343322753906,60.011053683601126,112.24349700220226,-0.1835305551462625,-0.1653225191376653,-0.01820803600859719,0
492,2016-12-29,10.172800064086914,10.217900276184082,10.1427001953125,10.217900276184082,9.53303050994873,19615812,9.784658479690552,10.143126678466796,24.189214346050196,34.57495051955672,10.282646756222015,10.220779962830996,10.158913169439977,10.352846486524648,18.276615417184043,16.80741221510732,31.26829036172288,18.276615417184043,0.04510021209716797,0.030099868774414062,0.0,0.07520008087158203,66.95430907597402,119.55862662684933,-0.18256451078174507,-0.16877091746648126,-0.013793593315263808,0
493,2016-12-30,10.217900276184082,10.578499794006348,10.202899932861328,10.323100090026855,9.631178855895996,17800525,9.760125923156739,10.127426586151124,34.99555831309906,38.56319496742691,10.301242563818588,10.218378908489782,10.135515253160976,10.1427001953125,28.14807254979067,20.870602382161145,41.39514934273441,28.14807254979067,0.3605995178222656,0.015000343322753906,0.3605995178222656,0.015000343322753906,89.76023358183784,143.95193827968916,-0.1713351232291327,-0.16928375861901154,-0.002051364610121148,0
494,2017-01-03,10.503399848937988,10.503399848937988,10.323100090026855,10.33810043334961,9.645174980163574,13080329,9.741200637817382,10.111164855957032,36.388060591428214,39.1120881812253,10.343278191046519,10.232448414437613,10.121618637828707,10.1427001953125,39.16687228112937,28.53052008270146,44.837177138930656,39.16687228112937,0.0,0.1802997589111328,0.1802997589111328,0.0,76.57529444026005,151.10169001490675,-0.15938802441738886,-0.167304611778687,0.007916587361298133,1
495,2017-01-04,10.353099822998047,10.383199691772461,10.262999534606934,10.323100090026855,9.631178855895996,8442805,9.727882432937623,10.094623203277587,35.56753647380146,38.75303463321819,10.3614833676838,10.252955635194894,10.144427902705988,10.151416187286378,42.54249194146655,36.61914559079563,41.39514934273441,42.54249194146655,0.030099868774414062,0.09010028839111328,0.04509925842285156,0.07510089874267578,72.7421485322243,145.15178935788876,-0.14940798265709887,-0.16372528595436936,0.01431730329727049,1
496,2017-01-05,10.383199691772461,10.398200035095217,10.33810043334961,10.398200035095217,9.701245307922363,13200317,9.718771839141846,10.078641357421875,42.551445410743675,41.53921645879894,10.398595357889048,10.282366570584557,10.166137783280066,10.159957859420777,48.2867182091858,43.332027477260674,58.627828145892146,48.2867182091858,0.015000343322755683,0.04509925842285156,0.07509994506836115,-0.015000343322753906,73.29651332371436,146.726708455862,-0.133895327737946,-0.15775929431108468,0.02386396657313869,1
497,2017-01-06,10.353099822998047,10.48840045928955,10.353099822998047,10.413200378417967,9.715242385864258,14912412,9.707557582855225,10.06209789276123,43.860548754967496,42.085021198720575,10.393879446244686,10.316478544737713,10.23907764323074,10.168328698112488,52.00451071615146,47.6112402889347,55.99055465982764,52.00451071615146,0.1353006362915039,0.0,0.09020042419433416,0.045100212097169745,79.3880893332752,145.64176215477116,-0.1190190570064491,-0.15001124685015757,0.030992189843708468,1
498,2017-01-09,10.443300247192383,10.548500061035156,10.428199768066406,10.548500061035156,9.841472625732422,15000310,9.697747421264648,10.048640689849854,54.03350018440582,46.73582648410449,10.52470334428994,10.364988949010908,10.205274553731876,10.176532120030364,71.53946093523999,57.27689662019251,100.0,71.53946093523999,0.10519981384277344,0.015100479125976562,0.13529968261718928,-0.014999389648439276,79.38389031446266,156.81309757845918,-0.09521437953502776,-0.1390518733871316,0.04383749385210384,1
499,2017-01-10,10.593500137329102,10.86400032043457,10.578499794006348,10.86400032043457,10.135826110839844,24255763,9.704054355621338,10.04135046005249,68.40922034662307,55.39741131050575,10.839023659188035,10.45577683755129,10.072530015914547,10.184571473509884,85.33018488660927,69.62471884600033,100.0,85.33018488660927,0.27050018310546875,0.015000343322753906,0.31550025939941406,-0.029999732971191406,100.88146546345867,190.11633373239428,-0.05031081518755087,-0.12130366174721545,0.07099284655966458,1
500,2017-01-11,10.848999977111816,10.878999710083008,10.713700294494627,10.878999710083008,10.149818420410156,18438559,9.715968370437622,10.034060173034668,68.90702094658603,55.75211781259859,10.99232292104008,10.569296800995978,10.146270680951877,10.211748627386871,100.00000000000006,85.62321527394987,100.0,100.00000000000006,0.029999732971191406,0.13529968261718928,0.0149993896484375,0.15030002593994318,95.88558228048643,182.1354181225859,-0.013360084798767602,-0.09971494635752588,0.08635486155875828,1
501,2017-01-12,10.894100189208984,10.894100189208984,10.75879955291748,10.818900108337402,10.093748092651367,14706703,9.72858214378357,10.022843971252442,64.51954507623066,53.96855729638502,11.051156103095124,10.673617661013488,10.296079218931851,10.25178369234864,95.36660320594187,93.56559603085049,86.09980961782541,95.36660320594187,0.0,0.1353006362915039,0.015100479125976562,0.12020015716552734,96.64443811577843,196.19237655949823,0.010947899096484193,-0.07758237726672387,0.08853027636320807,1
502,2017-01-13,10.848999977111816,10.894100189208984,10.818900108337402,10.894100189208984,10.163907051086426,15850512,9.74470386505127,10.008825092315673,67.32320564130302,55.8032410221498,11.021303198139373,10.76393618624828,10.506569174357187,10.303169012097468,95.36660320594187,96.91106880396136,100.0,95.36660320594187,0.04510021209716797,0.030099868774414062,0.07520008087158203,0.0,95.8002763481305,206.58385528828447,0.03586672029082294,-0.05489255775521451,0.09075927804603745,1
503,2017-01-16,10.894100189208984,10.969200134277344,10.803899765014648,10.878999710083008,10.149818420410156,10285118,9.761525297164917,9.99676731109619,66.19207546895659,55.343877899601644,10.884988899239668,10.833258799725506,10.781528700211345,10.350443506266389,87.67098460373542,92.80139700520647,76.91314419338067,87.67098460373542,0.07509994506835938,0.09020042419433594,0.07509994506835938,0.09020042419433594,100.86769763242818,181.70037371446097,0.05377667907074368,-0.03315871039002287,0.08693538946076655,1
504,2017-01-17,10.894100189208984,10.909099578857422,10.803899765014648,10.909099578857422,10.177902221679688,9712354,9.786762189865112,9.98779582977295,67.3690035526755,56.09106773347978,10.945660575432678,10.884331357945527,10.823002140458376,10.412319169067484,84.46346905501316,89.16701895489689,76.47726297165866,84.46346905501316,0.0149993896484375,0.09020042419433594,0.030099868774414062,0.07509994506835938,96.61054412531075,152.1693875692868,0.0695969875433331,-0.012607570803351675,0.08220455834668478,1
505,2017-01-18,10.93910026550293,10.969200134277344,10.848999977111816,10.924099922180176,10.191896438598633,10114157,9.812698793411254,9.979943923950195,67.96741622270349,56.46746879986737,10.993351778906192,10.920701392779463,10.848051006652735,10.46800726558847,77.3183347900671,83.15092948293862,78.56459720516179,77.3183347900671,0.030099868774414062,0.09010028839111328,0.060100555419921875,0.06009960174560547,101.76254885685691,152.7343474880319,0.08239529663970302,0.006393002685259264,0.07600229395444376,1
506,2017-01-19,10.894100189208984,10.93910026550293,10.833999633789062,10.878999710083008,10.149818420410156,6548867,9.838630771636963,9.969569206237793,64.15755126039097,54.99738875864286,10.974197710245859,10.93912957685928,10.9040614434727,10.518126552457357,66.82475744619765,76.2021870970927,45.43241216177234,66.82475744619765,0.04500007629394531,0.060100555419921875,0.015000343322753906,0.09010028839111328,101.77216441058053,156.17156266109887,0.08788574642951019,0.02269155143410945,0.06519419499540074,1
507,2017-01-20,10.773900032043457,10.909099578857422,10.743800163269043,10.878999710083008,10.149818420410156,10833772,9.865267133712768,9.958632869720459,64.15755126039097,54.99738875864286,10.981607643778144,10.943565343123943,10.905523042469742,10.563233910639356,61.32635659817411,68.48981627814634,59.982060427588024,61.32635659817411,0.13519954681396484,0.030099868774414062,0.030099868774414062,0.13519954681396484,107.19939535758571,150.00331112579613,0.09118583391235724,0.036390407929759006,0.054795425982598234,1
508,2017-01-23,10.924099922180176,10.95419979095459,10.803899765014648,10.878999710083008,10.149818420410156,9213663,9.892603158950806,9.949659481048585,64.15755126039097,54.99738875864286,10.977291428711819,10.939249128057618,10.901206827403417,10.603830533003155,55.132177672316196,61.09443057222938,59.982060427588024,55.132177672316196,0.030099868774414062,0.12020015716552734,0.07520008087158203,0.07509994506835938,103.43563900379979,143.31067792196538,0.09273221773609919,0.04765876989102704,0.04507344784507215,1
509,2017-01-24,10.93910026550293,10.93910026550293,10.848999977111816,10.924099922180176,10.191896438598633,7952658,9.92344264984131,9.94096788406372,66.50271151776556,56.267181755497376,10.980011730663618,10.93582272789262,10.891633725121624,10.640367493130574,66.6517170229901,61.03675043116019,79.99103021379402,66.6517170229901,0.0,0.09010028839111328,0.060100555419921875,0.029999732971191406,105.2529358325206,141.26222517684633,0.09648473232101296,0.057423962377024226,0.03906076994398873,1
510,2017-01-25,10.93910026550293,10.93910026550293,10.848999977111816,10.909099578857422,10.177902221679688,6049665,9.955686235427857,9.93956657409668,64.97994883340046,55.7248912081349,10.970901699330728,10.932859398676527,10.894817098022326,10.67325075724525,72.84586356223636,64.87658608584762,78.56450004532681,72.84586356223636,0.0,0.09010028839111328,0.015000343322753906,0.07509994506835938,108.17867651300985,148.94725440305504,0.09712858693221094,0.06536488728806157,0.031763699644149365,1
511,2017-01-26,10.93910026550293,10.969200134277344,10.924099922180176,10.93910026550293,10.205891609191896,10918165,9.989329290390014,9.942930889129638,66.6259540564526,56.59261117963774,10.981595239176615,10.933504861286067,10.88541448339552,10.70284569494846,81.73384983112967,73.74381013878543,86.64601923426798,81.73384983112967,0.030099868774414062,0.015000343322753906,0.060100555419921875,-0.015000343322753906,104.50198367208318,149.47698956350536,0.09891937011290786,0.07207578385303083,0.026843586259877025,1
512,2017-01-27,10.924099922180176,11.089400291442873,10.894100189208984,11.014300346374512,10.276052474975586,8922997,10.026480388641357,9.945735416412354,70.38373107154156,58.69686804562962,11.03569441580665,10.945302555865787,10.854910695924923,10.729481138881347,79.63528615879059,78.0716665173856,73.69533919677676,79.63528615879059,0.1653003692626971,0.029999732971191406,0.15030002593994318,0.04500007629394531,115.5987858864248,164.08155434805073,0.10519398594950147,0.07869942427232496,0.02649456167717651,1
513,2017-02-01,10.848999977111816,11.044300079345703,10.848999977111816,11.02929973602295,10.290043830871582,17768180,10.059423637390136,9.950782775878906,71.08296965534187,59.106831351344525,11.063501651105476,10.965453143306512,10.867404635507548,10.77267143718873,78.44705335991348,79.93872978327796,74.99980164869548,78.44705335991348,0.19530010223388672,0.0,0.029999732971191406,0.1653003692626953,124.52867242733734,142.88900043719747,0.11010773615298142,0.08498108664845624,0.025126649504525173,1
514,2017-02-02,11.044300079345703,11.074399948120117,10.878999710083008,10.924099922180176,10.191896438598633,10680686,10.08675971031189,9.951904182434083,60.32361877346112,55.12635962008884,11.073497016683383,10.97544850888442,10.877400001085455,10.810678899699228,59.978225938062764,72.68685515225566,31.2395369687158,59.978225938062764,0.030099868774414062,0.1653003692626953,0.04510021209716797,0.1503000259399414,111.3010803245831,131.44438265411014,0.10431074348559477,0.08884701801588395,0.015463725469710823,1
515,2017-02-03,11.044300079345703,11.044300079345703,10.93910026550293,10.999199867248537,10.261962890625,8580256,10.11829891204834,9.953305511474609,64.45943199204865,57.25736145069155,11.067151747368005,10.983409192889503,10.899666638411002,10.844125466708466,56.23947085161462,64.88825004986367,62.47907393743234,56.23947085161462,0.0,0.10519981384277344,0.12020015716552734,-0.015000343322753906,112.38415356707618,144.90691870006108,0.10457109250109475,0.0919918329129261,0.012579259588168648,1
516,2017-02-06,11.02929973602295,11.059399604797363,10.98419952392578,11.044300079345703,10.304040908813477,6665003,10.148438692092896,9.95807113647461,66.70408711011278,58.48518248863495,11.079661753405079,10.995939136572503,10.912216519739927,10.873558445676595,58.319382624954606,58.17902647154404,81.23953696871543,58.319382624954606,0.030099868774414062,0.045100212097169745,0.06019973754882635,0.015000343322757459,109.64889866443541,154.28325650518417,0.10718111400530894,0.09502968913140267,0.012151424873906275,1
517,2017-02-07,11.059399604797363,11.134499549865724,11.044300079345703,11.134499549865724,10.38819408416748,10788805,10.182086277008057,9.96451982498169,70.69091455922306,60.81946594345673,11.157785693477182,11.021493610269502,10.885201527061822,10.89945946716855,81.239536968716,65.26613014842845,100.0,81.239536968716,0.07509994506836115,0.015099525451660156,0.09019947052002131,0.0,109.55885599000534,159.16683614485095,0.11519996480929251,0.09906374426698064,0.01613622054231187,1
518,2017-02-08,11.089400291442873,11.239700317382812,11.074399948120117,11.239700317382812,10.486343383789062,13613036,10.214329814910888,9.972651634216309,74.52262416060208,63.314389123385176,11.284788840467613,11.06587348109052,10.846958121713428,10.932365078746153,93.74651232290523,77.76847730552532,100.0,93.74651232290523,0.15030002593993963,0.015000343322755683,0.10520076751708807,0.060099601745607245,116.66541410517827,168.51615235593061,0.12856180413218965,0.10496335624002244,0.02359844789216721,1
519,2017-02-09,11.284700393676758,11.314800262451172,11.119500160217283,11.194600105285645,10.444266319274902,16553331,10.229751825332642,9.980221767425537,70.28064094180422,61.57130759921293,11.29227428448549,11.112504495935298,10.932734707385105,10.98153871692802,89.33544866099767,88.10716598420635,68.00634598299277,89.33544866099767,0.030099868774414062,0.16520023345947443,0.07509994506835938,0.12020015716552912,89.52377783976462,137.40503334491564,0.13396765216223727,0.1107642154244654,0.023203436737771865,1
520,2017-02-10,11.25469970703125,11.269700050354006,11.149499893188477,11.209600448608398,10.458261489868164,9350939,10.245173978805543,9.986670475006104,70.87448426418725,61.93279511076564,11.292410075942659,11.154010092038696,11.015610108134734,11.041525795122187,78.72851391225257,87.27015829871853,68.17919575376467,78.72851391225257,0.015000343322755683,0.10519981384277344,0.07509994506836115,0.04510021209716797,94.12239669302475,126.49744967328265,0.13787291487634512,0.11618595531484135,0.021686959561503766,1
521,2017-02-13,11.269700050354006,11.269700050354006,11.074399948120117,11.119500160217283,10.374199867248537,11590847,10.259196567535401,9.99171787261963,62.762337425001334,58.50477885675257,11.267071509381818,11.17593153969927,11.084791570016723,11.314800262451172,54.6619741670354,74.24197891342858,27.800380764348517,54.6619741670354,0.0,0.1953001022338885,0.060099601745607245,0.13520050048828125,87.30311673802998,122.66596330209273,0.13217390493880288,0.11938354523963365,0.012790359699169224,1
522,2017-02-14,11.17959976196289,11.239700317382812,11.104399681091307,11.194600105285645,10.444266319274902,8506401,10.273214530944824,9.997325057983398,66.23171768240866,60.39943415293779,11.268860704918488,11.189593840000882,11.110326975083275,11.30999225616455,48.65985883937115,60.68344897288642,49.99999999999999,48.65985883937115,0.060100555419921875,0.07520008087158381,0.12020015716552912,0.015100479125976562,88.28160480728201,123.16982941660055,0.13219349214488396,0.12194553462068372,0.01024795752420024,1
523,2017-02-15,11.194600105285645,11.224599838256836,11.16450023651123,11.209600448608398,10.458261489868164,10219256,10.288636684417725,10.004053688049316,66.89517582652856,60.77046297262949,11.267885091886448,11.200456707792938,11.133028323699428,11.305280410003661,44.680038694789594,49.33395723373209,56.23973532001999,44.680038694789594,0.029999732971191406,0.030099868774414062,0.029999732971191406,0.030099868774414062,81.53133362818267,120.57468346321426,0.13189896828770564,0.1239362213540881,0.007962746933617537,1
524,2017-02-16,11.25469970703125,11.25469970703125,11.119500160217283,11.119500160217283,10.374199867248537,14651553,10.298451566696167,10.011064071655273,59.35215499282253,57.41942804284559,11.282782810375231,11.19868546490401,11.114588119432788,11.30066280076599,43.110836587903144,45.48357804068801,23.092774443689155,43.110836587903144,0.0,0.13519954681396662,0.04509925842285156,0.09010028839111506,71.73638209465881,107.9105532131434,0.12297760643919808,0.1237444983711101,-0.0007668919319120115,0
525,2017-02-17,11.119500160217283,11.224599838256836,11.059399604797363,11.224599838256836,10.47225570678711,11526630,10.312469530105592,10.02255832672119,64.39547047431799,60.08213673924821,11.289965147892211,11.199669643640249,11.109374139388287,11.296137543713073,52.628966791606956,46.80661402476662,78.55439061111146,52.628966791606956,0.10509967803955256,0.0601005554199201,0.10509967803955256,0.0601005554199201,62.403104613260076,90.84854203780414,0.12297050117142305,0.12358969893117269,-0.0006191977597496401,0
526,2017-02-20,11.269700050354006,11.269700050354006,11.194600105285645,11.25469970703125,10.500337600708008,7743161,10.329995489120483,10.034895935058593,65.70770883135812,60.80997503954886,11.29868183904421,11.208362577037988,11.118043315031766,11.286668026156445,64.8381164317998,53.52597327043668,92.86718424059855,64.8381164317998,0.0,0.07509994506836115,0.045100212097169745,0.029999732971191406,62.77067287068198,99.13235927546428,0.12396469026646528,0.12366469719823121,0.00029999306823406957,1
527,2017-02-21,11.25469970703125,11.25469970703125,11.209600448608398,11.25469970703125,10.500337600708008,10348816,10.347521448135376,10.04611213684082,65.70770883135812,60.80997503954886,11.320924304157247,11.221464393583602,11.122004483009958,11.277577289302082,88.0962530307696,68.52111208472549,92.86718424059855,88.0962530307696,0.0,0.04509925842285156,0.0,0.04509925842285156,65.64711855850156,102.82412375696386,0.12333091032364685,0.12359793982331434,-0.0002670294996674899,0
528,2017-02-22,11.269700050354006,11.269700050354006,11.239700317382812,11.269700050354006,10.51433277130127,16031942,10.365747165679931,10.055645275115968,66.42298012137012,61.18925503292133,11.345918724542232,11.236769404310017,11.127620084077803,11.059399604797363,95.24478949373245,82.72638631876733,100.0,95.24478949373245,0.0,0.029999732971193183,0.015000343322755683,0.0149993896484375,63.35913221190405,98.1635329098831,0.12262548721101929,0.12340344930085533,-0.0007779620898360345,0
529,2017-02-23,11.269700050354006,11.269700050354006,11.134499549865724,11.17959976196289,10.43027114868164,10382295,10.377665901184082,10.064056949615479,58.52653919931814,57.71027921863823,11.304822767056761,11.240674032055573,11.176525297054384,11.063605613708496,83.34119368511398,88.89407873653873,57.156396814743125,83.34119368511398,0.0,0.13520050048828125,0.0,0.13520050048828125,58.21278006726342,91.01112029303384,0.11348787644244851,0.12142033472917396,-0.007932458286725452,0
530,2017-02-24,11.16450023651123,11.269700050354006,11.149499893188477,11.25469970703125,10.500337600708008,10777729,10.393787670135499,10.075832939147949,62.52548980731581,59.6912679535253,11.30753874748739,11.243397530641076,11.179256313794761,11.067727502441407,82.020503131013,86.8688287699532,88.90511257829561,82.020503131013,0.10519981384277521,0.015000343322753906,0.09010028839111506,0.030099868774414062,65.12554822322282,97.2329567261213,0.11102634936207068,0.11934153765575331,-0.008315188293682635,0
531,2017-02-27,11.269700050354006,11.269700050354006,11.209600448608398,11.269700050354006,10.51433277130127,11548126,10.409209728240967,10.089290142059326,63.286953053793916,60.07862814109822,11.316088729579931,11.248660345486421,11.18123196139291,11.07176695339966,82.020503131013,82.46073331571337,100.0,82.020503131013,0.0,0.060099601745607245,0.015000343322755683,0.04509925842285156,64.57202633561049,95.33478872153289,0.10902915354578901,0.11727906083376045,-0.008249907287971439,0
532,2017-02-28,11.269700050354006,11.284700393676758,11.224599838256836,11.224599838256836,10.47225570678711,17620398,10.419019889831542,10.10190580368042,59.380279361386215,58.33089160792982,11.318676768003954,11.25017834347971,11.181679918955467,11.075725615338747,82.96388400148108,82.33496342116906,59.986539426147324,82.96388400148108,0.01500034332275213,0.045100212097169745,0.01500034332275213,0.045100212097169745,63.49898743614777,98.08026101858792,0.10262416379541328,0.11434808142609101,-0.011723917630677733,0
533,2017-03-01,11.239700317382812,11.284700393676758,11.239700317382812,11.25469970703125,10.500337600708008,9309481,10.429534578323365,10.115644760131836,61.10588856730945,59.15330116452372,11.315651015834339,11.25150228083315,11.187353545831963,11.084084606472267,80.00427521370763,81.66288744873394,80.02628621497529,80.00427521370763,0.04500007629394531,0.0,0.060100555419921875,-0.015100479125976562,59.683296322801226,110.6424256011368,0.09883763242546628,0.11124599162596607,-0.012408359200499791,0
534,2017-03-02,11.25469970703125,11.404999732971193,11.224599838256836,11.404999732971193,10.640563011169434,19652112,10.451967906951904,10.13499273300171,68.33886439177299,62.94089546452475,11.397394493450589,11.270697137105088,11.143999780759588,11.092109237960447,80.00427521370763,80.9908114762988,100.0,80.00427521370763,0.15030002593994318,0.030099868774414062,0.15030002593994318,0.030099868774414062,69.49631015464568,119.77642728655682,0.10673436766729338,0.11034366683423154,-0.003609299166938154,0
535,2017-03-03,11.389900207519533,11.420000076293945,11.269700050354006,11.314800262451172,10.55640983581543,13403236,10.466690254211425,10.152657642364503,61.006594939858175,59.50680913020384,11.416893973175956,11.291340203111794,11.165786433047632,11.110882667661091,76.6754287383252,78.89465972191351,50.00000000000001,76.6754287383252,0.030099868774412286,0.12020015716552734,0.01500034332275213,0.1352996826171875,70.00554855301215,108.1490442526936,0.10450952306977968,0.10917683808134117,-0.004667315011561493,0
536,2017-03-06,11.374899864196776,11.389900207519533,11.314800262451172,11.32979965209961,10.570404052734377,7045836,10.480008411407471,10.171442146301269,61.74171609548969,59.8842643310009,11.434783291791222,11.309237191181815,11.183691090572408,11.13561206035172,67.94603986490453,74.87524793897916,53.83811959471331,67.94603986490453,0.015000343322757459,0.06009960174560369,0.07509994506836115,0.0,72.03614603644179,118.26135675017633,0.10277195199730293,0.10789586086453352,-0.005123908867230589,0
537,2017-03-07,11.404999732971193,11.404999732971193,11.239700317382812,11.239700317382812,10.486343383789062,15488614,10.48491587638855,10.18882719039917,55.03051488155799,56.59785329936714,11.43028653942831,11.312191713127824,11.194096886827337,11.158363101627097,37.188697785500096,60.603388796243316,7.727973761786697,37.188697785500096,0.0,0.16529941558838068,0.07520008087158381,0.09009933471679688,64.84176077551467,110.99442811545437,0.09305200548736003,0.10492708978909883,-0.011875084301738795,0
538,2017-03-08,11.17959976196289,11.284700393676758,11.134499549865724,11.284700393676758,10.528326988220217,17925400,10.487015056610108,10.207331771850585,57.51441824758549,57.79743318258597,11.417936297861306,11.308732158667759,11.199528019474212,11.420000076293945,38.05858299962259,47.73110688334245,52.609655642367485,38.05858299962259,0.10510063171386719,0.04510021209716619,0.04500007629394531,0.10520076751708807,61.23099009672036,99.98089965668247,0.08796599074105238,0.10153486997948954,-0.013568879238437165,0
539,2017-03-09,11.149499893188477,11.284700393676758,11.149499893188477,11.16450023651123,10.416183471679688,17953767,10.485610914230346,10.224153308868408,49.62889496294531,53.68710353444752,11.40854366183873,11.289235690491019,11.169927719143308,11.41429006576538,23.61524381514914,32.95417486675732,10.508102041292963,23.61524381514914,0.13520050048828125,0.0,0.0,0.13520050048828125,58.13051429257398,99.98705785140469,0.073390143393949,0.09590592466238143,-0.022515781268432428,0
540,2017-03-10,11.149499893188477,11.224599838256836,11.149499893188477,11.17959976196289,10.43027114868164,12958887,10.48421139717102,10.242098121643066,50.546178383347936,54.11223620293928,11.386631819287834,11.262020366172642,11.13740891305745,11.408694255447386,26.59688430098404,29.423570371918633,16.6728952192914,26.59688430098404,0.07509994506835938,0.0,0.06009960174560547,0.015000343322753906,66.08777079101056,110.74142825944575,0.062338485612231764,0.0891924368523515,-0.02685395124011973,0
541,2017-03-13,11.194600105285645,11.314800262451172,11.17959976196289,11.25469970703125,10.500337600708008,13032016,10.490518283843993,10.261444263458252,54.94116399953018,56.186643671187284,11.33444779810278,11.24330806261905,11.152168327135321,11.403210361335754,23.872418162685136,24.69484875960615,44.43625722747078,23.872418162685136,0.12020015716552734,0.015000343322753906,0.13520050048828125,0.0,76.77236480023188,110.62734932738469,0.05896024808942002,0.0831459990997652,-0.024185751010345174,0
542,2017-03-14,11.16450023651123,11.25469970703125,11.16450023651123,11.224599838256836,10.47225570678711,7047770,10.491917753219605,10.28022876739502,52.91156986807996,55.15041291910935,11.321090548538391,11.231154347571739,11.141218146605086,11.397836145106353,37.02712777921595,29.165476747628418,49.97223089088542,37.02712777921595,0.09019947052001953,0.0,0.0,0.09019947052001953,82.55598573855039,100.98829318766307,0.053240440007327194,0.0771648872812776,-0.023924447273950405,0
543,2017-03-15,11.16450023651123,11.269700050354006,11.16450023651123,11.25469970703125,10.500337600708008,10521331,10.494021558761597,10.29761194229126,54.71320807122952,55.9920955073964,11.302440301820535,11.227362889688415,11.152285477556294,11.39256941320154,52.68336553694249,37.8609704929479,63.64160849247101,52.68336553694249,0.10519981384277521,0.0,0.045100212097169745,0.06009960174560547,85.17911002136887,94.15280242531877,0.05055350936082803,0.07184261169718768,-0.021289102336359653,0
544,2017-03-16,11.32979965209961,11.404999732971193,11.32979965209961,11.404999732971193,10.640563011169434,20662778,10.507339715957642,10.317519702911376,62.44095543094929,59.89004871435443,11.39853382989783,11.246930938577393,11.095328047256956,11.134499549865724,71.20461312778556,53.63836881464804,100.0,71.20461312778556,0.07520008087158381,0.0,0.15030002593994318,-0.07509994506835938,81.30259017258932,106.35765130682253,0.05986200155765964,0.06944648966928207,-0.009584488111622436,0
545,2017-03-17,11.420000076293945,11.420000076293945,11.32979965209961,11.32979965209961,10.570404052734377,23909214,10.512247133255006,10.336304206848144,57.18330499965126,57.25858594074877,11.403704412042739,11.272532233100705,11.141360054158671,11.139909553527835,76.11269783973842,66.66689216815553,64.69648502674396,76.11269783973842,0.0,0.09020042419433594,0.01500034332275213,0.07520008087158381,83.31713490696607,105.46269091801861,0.06047392487245595,0.06765197670991685,-0.007178051837460897,0
546,2017-03-20,11.344900131225586,11.404999732971193,11.314800262451172,11.404999732971193,10.640563011169434,9990358,10.519258403778077,10.355090560913085,60.74308394802125,59.121249606268314,11.453859550681099,11.304626016310586,11.155392481940073,11.151113174438478,86.2751684950105,77.86415982084486,94.12902045828721,86.2751684950105,0.060099601745607245,0.030099868774414062,0.07520008087158381,0.0149993896484375,90.70396308829359,107.84382656714067,0.06626305728409143,0.06737419282475177,-0.0011111355406603352,0
547,2017-03-21,11.344900131225586,11.4350004196167,11.32979965209961,11.374899864196776,10.61248016357422,15223694,10.524865531921387,10.373035316467286,58.64144902862639,58.070751484645534,11.447263752822595,11.333826959649166,11.220390166475736,11.161868650512696,78.86906686383462,80.41897773286121,77.78169510647234,78.86906686383462,0.09010028839111328,0.015100479125976562,0.030000686645506036,0.07520008087158381,110.5527563158341,110.55307070295403,0.06764243864699537,0.06742784198920049,0.00021459665779488546,1
548,2017-03-22,11.465100288391113,11.495100021362305,11.35990047454834,11.495100021362305,10.72462558746338,18064799,10.535380172729493,10.390698375701904,63.998289045563915,60.94462203101549,11.47866518152214,11.370469394946248,11.262273608370355,11.178256556658937,90.6369051882533,85.26038018236618,100.0,90.6369051882533,0.029999732971191406,0.10519981384277344,0.12020015716552912,0.014999389648435724,105.713658392832,110.56182023574341,0.07754091306535926,0.06945045620443224,0.00809045686092702,1
549,2017-03-23,11.55519962310791,11.570199966430664,11.465100288391113,11.570199966430664,10.794692039489746,14441380,10.553601217269897,10.403875694274902,66.88425464047924,62.60529117197592,11.591486899713262,11.418350655017598,11.245214410321934,11.203604033835207,92.59389836882421,87.3666234736374,100.0,92.59389836882421,0.015000343322753906,0.09009933471679688,0.07509994506835938,0.029999732971191406,99.97817023312557,114.10167572903494,0.09040334974542219,0.07364103491263023,0.01676231483279196,1
550,2017-03-24,11.495100021362305,11.570199966430664,11.495100021362305,11.570199966430664,10.794692039489746,10118230,10.568318939208984,10.416773166656494,66.88425464047924,62.60529117197592,11.63127771609741,11.468492635953226,11.305707555809041,11.240263627094752,100.0000000000001,94.41026785235924,100.0,100.0000000000001,0.07509994506835938,0.0,0.0,0.07509994506835938,117.0427729469726,111.88461884278951,0.09945051979680564,0.07880293188946531,0.020647587907340323,1
551,2017-03-27,11.495100021362305,11.615300178527832,11.495100021362305,11.615300178527832,10.836769104003906,11950838,10.584440755844117,10.431633586883544,68.63536272078748,63.60476323878057,11.687002943976076,11.518090759301487,11.349178574626897,11.273257261028343,100.0000000000001,97.53129945627484,100.0,100.0000000000001,0.12020015716552734,0.0,0.04510021209716797,0.07509994506835938,124.33258613465054,105.87289628348164,0.10900315690126128,0.0848429768918245,0.024160180009436774,1
552,2017-03-28,11.615300178527832,11.645400047302244,11.570199966430664,11.645400047302244,10.864850997924805,12854402,10.604070520401,10.445652465820313,69.78374045599215,64.26579130936274,11.666548154156036,11.564880189669147,11.463212225182257,11.314302411128281,100.0000000000001,100.00000000000013,100.0,100.0000000000001,0.030099868774412286,0.04510021209716797,0.030099868774412286,0.04510021209716797,130.23393883321194,103.47502086606586,0.11764634465568946,0.0914036504445975,0.02624269421109196,1
553,2017-03-29,11.645400047302244,11.645400047302244,11.58530044555664,11.645400047302244,10.864850997924805,14210755,10.62229619026184,10.459953117370606,69.78374045599215,64.26579130936275,11.671854329565049,11.6043262363117,11.53679814305835,11.360656080192635,100.0000000000001,100.00000000000013,100.0,100.0000000000001,0.0,0.06009960174560369,0.0,0.06009960174560369,128.54561953405076,102.28771520280195,0.12307737386892192,0.09773839512946239,0.025338978739459533,1
554,2017-03-30,11.600299835205078,11.690500259399414,11.600299835205078,11.675399780273438,10.892839431762695,16560315,10.634910011291504,10.474251861572265,71.01062830822384,64.94817205109258,11.708661389716369,11.637516390086404,11.566371390456439,11.400520235587981,97.4240087460712,99.1413362486905,92.2720262382133,97.4240087460712,0.09020042419433594,0.0,0.045100212097169745,0.04510021209716619,139.9699623471682,102.23615426248492,0.1283230036733567,0.10385531683824126,0.024467686835115438,1
555,2017-03-31,11.675399780273438,11.73550033569336,11.645400047302244,11.675399780273438,10.892839431762695,28046246,10.651731491088867,10.488270721435548,71.01062830822384,64.94817205109257,11.70824600863708,11.663282264356475,11.61831852007587,11.44691703939781,89.09060929563653,95.50487268056929,74.99980164869604,89.09060929563653,0.060100555419921875,0.029999732971193183,0.060100555419921875,0.029999732971193183,160.2606158058647,115.8422416435259,0.13097045718197897,0.1092783449069888,0.02169211227499017,1
556,2017-04-03,11.81070041656494,11.82569980621338,11.75059986114502,11.81070041656494,11.019070625305176,13956834,10.674164819717408,10.505655765533447,76.08895059525258,67.91956110588477,11.820271043510397,11.697073066623226,11.573875089736054,11.49886203273101,87.13374053449276,91.21611952540017,94.1293937165687,87.13374053449276,0.014999389648441053,0.0601005554199201,0.15030002593994318,-0.07520008087158203,145.03302557135663,132.00889951821154,0.14234534522273457,0.11589174497013796,0.026453600252596604,1
557,2017-04-05,11.840700149536133,11.900799751281738,11.765600204467773,11.870800018310547,11.075142860412598,16695161,10.703604793548584,10.524162254333497,77.93777878406488,69.12522991762367,11.918959683761397,11.741639038823536,11.564318393885674,11.564229587427484,86.54018091812266,87.58817691608398,90.491347389103,86.54018091812266,0.06009960174560547,0.07509994506835938,0.09009933471679865,0.04510021209716619,148.57684792064688,138.6730115314514,0.15442939559080848,0.12359927509427207,0.03083012049653641,1
558,2017-04-06,11.765600204467773,11.915900230407715,11.765600204467773,11.900799751281738,11.103131294250488,13011929,10.732345008850098,10.543228511810304,78.8181721551814,69.71441093642,11.982250646399864,11.791582280697739,11.600913914995614,11.631543620198334,93.27868596458791,88.98420247240112,95.21531678809178,93.27868596458791,0.1503000259399414,0.0,0.04510021209716797,0.10519981384277344,168.0877207827341,134.1875713550011,0.16453021836018245,0.13178546374745415,0.0327447546127283,1
559,2017-04-07,11.795599937438965,11.945899963378904,11.705499649047852,11.945899963378904,11.145208358764648,21204413,10.768796253204346,10.562294750213622,80.10361626208774,70.58941443636925,12.030546600089934,11.84333728589447,11.656127971699007,11.688414942240211,95.23555472573167,91.6848072028141,100.0,95.23555472573167,0.15030002593993963,0.09010028839111328,0.04510021209716619,0.19530010223388672,163.99299341228567,112.91004164397565,0.17416671786689975,0.14026171457134326,0.033905003295556485,1
560,2017-04-10,11.900799751281738,11.945899963378904,11.870800018310547,11.945899963378904,11.145208358764648,6989918,10.804543113708496,10.581640872955322,80.10361626208773,70.58941443636925,11.991258468262782,11.889642931732013,11.788027395201244,11.705499649047852,98.40510559603068,95.63978209545012,99.99999999999999,98.40510559603068,0.04510021209716619,0.029999732971191406,0.0,0.0750999450683576,154.6722351985386,98.96731426334861,0.17973187596627227,0.14815574685032906,0.03157612911594321,1
561,2017-04-11,11.870800018310547,11.96090030670166,11.765600204467773,11.780599594116213,10.990988731384276,15689757,10.82907567024231,10.59734281539917,63.6773659601614,63.3724134918993,12.028987459643252,11.906689028449009,11.784390597254765,11.705499649047852,76.46825263467129,90.03630431881123,29.404757904013657,76.46825263467129,0.09010028839111328,0.10519981384277344,0.015000343322755683,0.18029975891113104,162.15508730940985,95.97313499823797,0.16885746181842975,0.1522960898439492,0.016561371974480543,1
562,2017-04-12,11.645400047302244,11.8858003616333,11.645400047302244,11.8858003616333,11.08913803100586,15909292,10.859919786453247,10.613604526519776,68.15329377715487,65.68772045027012,12.03288465569272,11.911769393144738,11.790654130596755,11.96090030670166,68.53376945217258,81.13570922762487,76.19655045250387,68.53376945217258,0.24040031433105646,0.0,0.10520076751708807,0.1351995468139684,192.85052389535957,89.83147576402556,0.16680540413338107,0.1551979527018356,0.011607451431545485,1
563,2017-04-13,11.870800018310547,11.900799751281738,11.795599937438965,11.85569953918457,11.061055183410645,6633782,10.887955665588379,10.629024753570556,65.66015604780505,64.47834168469868,12.032219436827196,11.908440379332639,11.784661321838081,11.96090030670166,57.419064642595,67.47369557647964,66.65588557126726,57.419064642595,0.029999732971191406,0.07520008087158203,0.0149993896484375,0.09020042419433594,214.0376590613411,86.11596787113714,0.16089554513484394,0.15633747118843727,0.004558073946406671,1
564,2017-04-18,11.81070041656494,11.85569953918457,11.51010036468506,11.55519962310791,10.780695915222168,25178046,10.894962310791016,10.640800743103027,47.125827152340406,54.15570976060445,12.136762996545674,11.865548098968276,11.594333201390878,11.954590301513672,50.952236455104185,58.968356849957274,10.004273341541179,50.952236455104185,0.04499912261963068,0.30060005187987926,0.0,0.34559917449950994,164.1717992332699,72.5889499329191,0.13046024298303927,0.15116202554735766,-0.0207017825643184,0
565,2017-04-19,11.645400047302244,11.645400047302244,11.4350004196167,11.449999809265135,10.682547569274902,20886493,10.900569486618043,10.649212436676025,42.59303040179327,51.180980025296286,12.129714283546138,11.784949304250091,11.440184324954044,11.936810704040528,26.504098915597968,44.958466671099075,2.8521378339852204,26.504098915597968,0.0,0.2103996276855451,0.09020042419433416,0.12019920349121094,130.5056892461802,78.05888839751329,0.09673618642669801,0.14027685772322573,-0.04354067129652772,0
566,2017-04-20,11.465100288391113,11.645400047302244,11.420000076293945,11.55519962310791,10.780695915222168,20129692,10.90757613182068,10.658745536804199,47.9813238398907,53.81201456816187,12.055171300937092,11.70263794382501,11.350104586712929,11.906702086975098,13.658712086691352,30.37168248579786,28.11972508454741,13.658712086691352,0.18029975891113104,0.04510021209716797,0.19540023803710938,0.02999973297118963,133.6523903698792,84.69259524866226,0.07760380605318495,0.12774224738921758,-0.050138441336032624,0
567,2017-04-21,11.645400047302244,11.645400047302244,11.540200233459473,11.55519962310791,10.780695915222168,9693450,10.915986919403077,10.666595573425292,47.9813238398907,53.81201456816187,11.90845231156663,11.634607429331332,11.360762547096034,11.867765926120606,19.697196001026764,19.953335667772052,28.11972508454741,19.697196001026764,0.0,0.10519981384277166,0.09020042419433416,0.0149993896484375,118.24807986727129,81.62014903583747,0.06172967549213304,0.11453973300980066,-0.052810057517667625,0
568,2017-04-24,11.615300178527832,11.615300178527832,11.495100021362305,11.540200233459473,10.766702651977539,8002127,10.918090772628783,10.672202758789062,47.248033871558384,53.370985445408536,11.665543812049433,11.583556433419034,11.501569054788634,11.831944658134473,27.942436671200074,20.43278158630609,27.587859844505147,27.942436671200074,0.0,0.12020015716552734,0.060100555419921875,0.06009960174560547,104.44415358062888,86.2017697726712,0.047392674020867886,0.1011103212120141,-0.05371764719114622,0
569,2017-04-25,11.540200233459473,11.600299835205078,11.52519989013672,11.55519962310791,10.780695915222168,12621409,10.917390966415406,10.678931350708007,48.10218994449452,53.763958640645356,11.632462760341843,11.550475381711443,11.468488003081044,11.79898909158723,38.563215118880436,28.734282597035783,59.982060427588486,38.563215118880436,0.06009960174560547,0.01500034332275213,0.06009960174560547,0.01500034332275213,100.86561341849712,89.19005984216683,0.03681642561481446,0.08825154209257417,-0.05143511647775971,0
570,2017-04-26,11.58530044555664,11.630399703979492,11.540200233459473,11.615300178527832,10.836769104003906,8441589,10.919494819641113,10.686501502990723,51.49169010580217,55.328432809780935,11.59152055948621,11.539135558420142,11.486750557354075,11.768669970363767,58.07197983545418,41.52587720851159,86.64601923426865,58.07197983545418,0.04509925842285156,0.04510021209716797,0.07520008087158203,0.0149993896484375,96.52925414059432,80.9776976637689,0.03290497700408501,0.07718222907487635,-0.044277252070791334,0
571,2017-04-27,11.630399703979492,11.630399703979492,11.55519962310791,11.615300178527832,10.836769104003906,5831550,10.919494819641113,10.69575288772583,51.49169010580217,55.328432809780935,11.607790881121998,11.543072075292315,11.478353269462632,11.74077637883818,75.53385232916993,57.38968242783488,79.97347732565244,75.53385232916993,0.0,0.07520008087158203,0.015099525451660156,0.060100555419921875,97.36710391915967,81.63409367452236,0.029465466246342942,0.06763887650916967,-0.038173410262826724,0
572,2017-04-28,11.690500259399414,11.690500259399414,11.58530044555664,11.675399780273438,10.892839431762695,9982354,10.920894241333007,10.704724349975585,54.90709391818953,56.89685538147715,11.658806949630543,11.56191108122458,11.465015212818615,11.715114274634642,86.29717426604486,73.30100214355635,92.2720262382133,86.29717426604486,0.0,0.10519981384277344,0.07520008087158203,0.029999732971191406,89.97941188758615,80.9871803591719,0.03122917429623584,0.0603569360665829,-0.02912776177034706,0
573,2017-05-02,11.720499992370605,11.720499992370605,11.570199966430664,11.645400047302244,10.864850997924805,16060221,10.920894241333007,10.712856140136719,52.9046962696283,55.8812206394602,11.664196777248513,11.584452927057619,11.504709076866725,11.420000076293945,77.93063026190327,79.92055228570605,61.54638722184387,77.93063026190327,0.0,0.1503000259399414,0.04510021209716797,0.10519981384277344,79.0559088959124,80.50892177858321,0.029861967724562177,0.05425794239817876,-0.02439597467361658,0
574,2017-05-04,11.675399780273438,11.690500259399414,11.615300178527832,11.690500259399414,10.906927108764648,8589625,10.921598625183105,10.72351068496704,55.53029180204434,57.07576721149861,11.671603206194545,11.610273839178653,11.548944472162761,11.426010074615478,79.05986806858483,81.09589086551101,83.36119074569709,79.05986806858483,0.015100479125976562,0.06009960174560547,0.045100212097169745,0.030099868774412286,80.15209232723569,76.006477912896,0.032048224877303966,0.0498159988940038,-0.017767774016699836,0
575,2017-05-05,11.73550033569336,11.73550033569336,11.58530044555664,11.615300178527832,10.836769104003906,12832672,10.918795108795166,10.730800952911377,50.47704544475228,54.52308964214352,11.688003398925153,11.62667403190926,11.565344664893368,11.43189987297058,59.41369587089281,72.13473140046032,33.333509645137234,59.41369587089281,0.0,0.15019989013671875,0.04500007629394531,0.10519981384277344,76.91829644018549,71.67223514665439,0.027397015626849708,0.04533220224057298,-0.017935186613723272,0
576,2017-05-08,11.675399780273438,11.675399780273438,11.58530044555664,11.645400047302244,10.864850997924805,9849823,10.911084127426147,10.738091220855713,52.34631053246426,55.35196642008587,11.689369871167061,11.63694839589948,11.5845269206319,11.444043891479492,54.06256354688199,64.17870916211989,45.49299024981142,54.06256354688199,0.0,0.09009933471679688,0.06009960174560547,0.029999732971191406,69.85219348452975,76.36834459305618,0.025841818245941894,0.04143412544164676,-0.015592307195704869,0
577,2017-05-09,11.675399780273438,11.780599594116213,11.660400390625,11.765600204467773,10.976993560791016,10215917,10.906176662445068,10.747624340057373,59.00150866731093,58.48551898088953,11.76200595049368,11.657192691990176,11.55237943348667,11.455702149248047,57.23249993476483,56.90291978417989,92.87099990934561,57.23249993476483,0.10519981384277521,0.0149993896484375,0.1351995468139684,-0.015000343322755683,68.61456770300383,84.82988958578112,0.03391748163027408,0.03993079667937223,-0.006013315049098147,0
578,2017-05-10,11.765600204467773,11.81070041656494,11.720499992370605,11.765600204467773,10.976993560791016,12178560,10.899869775772094,10.756877555847169,59.001508667310944,58.485518980889516,11.806911890824827,11.684305895504302,11.561699900183777,11.475195995940137,72.78500679098396,61.36002342421028,79.99103021379463,72.78500679098396,0.04510021209716619,0.04510021209716797,0.04510021209716619,0.04510021209716797,69.34323544413384,85.62863182954146,0.03985804432021922,0.039916246207541625,-5.8201887322403834e-05,0
579,2017-05-11,11.795599937438965,11.840700149536133,11.765600204467773,11.795599937438965,11.004982948303224,9765300,10.892858505249023,10.7683717918396,60.59450061119179,59.25312853085983,11.860798792803863,11.715553989095142,11.57030918538642,11.50203634959012,85.06778394205476,71.69509688926787,82.34132170302384,85.06778394205476,0.04510021209716797,0.029999732971191406,0.07509994506835938,0.0,72.59551441325641,92.59065933201278,0.04645124969243497,0.0412232469045203,0.005228002787914673,1
580,2017-05-12,11.765600204467773,11.840700149536133,11.765600204467773,11.82569980621338,11.033065795898438,7941467,10.887251377105713,10.779026355743408,62.18222146629394,60.02226074654906,11.871485434511952,11.74891688393388,11.626348333355809,11.535902729584722,85.48635683720768,81.11304919008217,94.1267185948044,85.48635683720768,0.07509994506835938,0.0,0.04510021209716797,0.029999732971191406,71.85109788978595,93.36621229305673,0.053488636599196226,0.04367632484345548,0.009812311755740745,1
581,2017-05-15,11.81070041656494,11.82569980621338,11.55519962310791,11.645400047302244,10.864850997924805,46689257,10.88094449043274,10.78603672027588,49.354446372950164,53.723068461347744,11.881040209204427,11.758471658626355,11.635903108048284,11.840700149536133,69.35394196451026,79.96936091459092,31.59378559570234,69.35394196451026,0.014999389648441053,0.2555007934570295,0.0,0.2705001831054705,62.661826366941,79.43544867776819,0.04400981495660439,0.043743022866085265,0.0002667920905191218,1
582,2017-05-16,11.58530044555664,11.765600204467773,11.55519962310791,11.75059986114502,10.963000297546387,26768580,10.874637603759766,10.795851612091065,55.166095141852075,56.48629118280669,11.88258535219282,11.760018762422298,11.637452172651777,11.840700149536133,64.72059745554579,73.18696541908793,68.44128817613046,64.72059745554579,0.1802997589111328,0.03010082244873047,0.12020015716552912,0.09020042419433416,70.93964793808706,72.12405429048405,0.04447385933283954,0.04388919015943612,0.0005846691734034196,1
583,2017-05-17,11.660400390625,11.82569980621338,11.660400390625,11.795599937438965,11.004982948303224,17978577,10.871833992004394,10.805944519042969,57.41702208939265,57.60908760301995,11.89128801388246,11.764672351298394,11.638056688714327,11.834990139007568,61.41272699132716,65.16242213712776,84.20310720214852,61.41272699132716,0.16529941558838068,0.0,0.07509994506836115,0.09019947052001953,78.31437212780507,70.01530925715016,0.04792035193216648,0.04469542251398219,0.003224929418184294,1
584,2017-05-18,11.85569953918457,11.8858003616333,11.765600204467773,11.8858003616333,11.08913803100586,25783683,10.887256097793578,10.814916019439698,61.58089319062518,59.76713340300538,11.944399257211249,11.783141351304657,11.621883445398066,11.55519962310791,84.21479845942638,70.11604096876647,100.0,84.21479845942638,0.03010082244873047,0.09009933471679688,0.09020042419433594,0.029999732971191406,69.79449782154195,74.50222660164115,0.05726996997925582,0.04721033200703691,0.010059637972218906,1
585,2017-05-19,11.945899963378904,11.945899963378904,11.81070041656494,11.81070041656494,11.019070625305176,14343805,10.904082250595092,10.824169235229492,56.616936498533256,57.2506266967377,11.959330090498739,11.801006910772124,11.642683731045508,11.561811637878417,83.19956580271302,76.2756970844889,65.39559020599037,83.19956580271302,0.0,0.13519954681396484,0.06009960174560369,0.07509994506836115,61.836136265992344,79.58148318371559,0.05795164126449137,0.049358593858527804,0.008593047405963568,1
586,2017-05-22,11.840700149536133,11.915900230407715,11.780599594116213,11.85569953918457,11.061055183410645,11214819,10.918100214004516,10.833982257843017,58.76198907576027,58.34060154465117,11.91325298778523,11.819011352224955,11.72476971666468,11.577175170898437,80.76957813312386,82.72798079842113,76.91314419338102,80.76957813312386,0.07520008087158203,0.0601005554199201,0.10519981384277521,0.030100822448726916,62.33249293047908,86.58511111458522,0.061414970243783173,0.05176986913557888,0.009645101108204296,1
587,2017-05-23,11.795599937438965,11.915900230407715,11.795599937438965,11.900799751281738,11.103131294250488,11143213,10.934221982955933,10.846318016052246,60.85112957473998,59.41602999950676,11.92243104014158,11.840464230085544,11.758497420029508,11.591924162597655,75.50392961134928,79.8243578490621,84.20305443467625,75.50392961134928,0.12030029296875,0.0,0.06020069122314453,0.06009960174560547,66.66810574087063,94.4699671563002,0.06702625664563833,0.054821146637590766,0.01220511000804756,1
588,2017-05-24,11.900799751281738,12.005999565124512,11.8858003616333,12.005999565124512,11.20128059387207,13286678,10.95595088005066,10.859777088165282,65.2709004861195,61.80143155231117,12.004213057793645,11.87447819721212,11.744743336630595,11.606083194628905,87.03873287601914,81.1040802068308,100.0,87.03873287601914,0.10519981384277344,0.0149993896484375,0.10519981384277344,0.0149993896484375,60.13931198199739,100.87449929294623,0.07905073961294562,0.059667065232661735,0.019383674380283884,1
589,2017-05-25,12.020999908447266,12.036100387573242,11.97599983215332,12.005999565124512,11.20128059387207,16289411,10.976980113983155,10.875479030609132,65.2709004861195,61.80143155231116,12.071847775082203,11.913974634921601,11.756101494761,11.63007817685864,90.80731573514562,84.44999274083806,88.21889277076048,90.80731573514562,0.015100479125976562,0.04500007629394531,0.03010082244873047,0.029999732971191406,60.288041245628996,105.30168218637543,0.0875707676971551,0.06524780572556041,0.022322961971594696,1
590,2017-05-26,11.900799751281738,12.066100120544435,11.900799751281738,12.020999908447266,11.215274810791016,12481994,10.99590539932251,10.891179103851318,65.90736163528426,62.14263022838893,12.086426875281777,11.952818170863566,11.819209466445354,11.662559953715808,90.80733332430286,89.55112731182258,84.20310720214789,90.80733332430286,0.1653003692626971,0.0,0.06010055541992365,0.10519981384277344,76.21490023741188,126.57619991722476,0.09444465449318606,0.07108717547908554,0.023357479014100527,1
591,2017-05-29,12.05109977722168,12.231399536132812,12.005999565124512,12.20139980316162,11.383584022521973,14705424,11.023246145248413,10.908844032287597,72.44745641117409,65.93744846051706,12.20132728414614,12.006884852850789,11.812442421555437,11.70291397039867,88.5127210712469,90.04245671023183,93.11616324083214,88.5127210712469,0.1802997589111328,0.04510021209716797,0.21039962768554688,0.015000343322753906,93.94061486869175,145.10724674074683,0.11314476076936053,0.07949869253714054,0.033646068232219994,1
592,2017-05-31,12.321599960327148,12.516900062561035,12.246399879455565,12.516900062561035,11.677937507629395,33436610,11.062501049041748,10.932957668304443,79.7601416261084,71.1774203052813,12.499318066326005,12.103974638556195,11.708631210786386,11.766332238286768,92.43975681432674,90.58660373662555,100.0,92.43975681432674,0.19530010223388672,0.07520008087158381,0.31550025939941584,-0.04500007629394531,93.18545770957584,162.82359644183376,0.15167455406296249,0.09393386484230493,0.05774068922065756,1
593,2017-06-01,12.607099533081055,12.622099876403807,12.471799850463867,12.54699993133545,11.706019401550293,22830603,11.104559469223023,10.957071304321289,80.29739689750662,71.60951219114062,12.692742117197014,12.225044787521142,11.75734745784527,11.871411733685166,94.23480537063448,91.7290944187361,89.58825287107109,94.23480537063448,0.01500034332275213,0.1352996826171875,0.10519981384277166,0.04510021209716797,92.45572434155906,160.2514190100482,0.18253435823724296,0.11165396352129253,0.07088039471595042,1
594,2017-06-02,12.54699993133545,12.592000007629395,12.471799850463867,12.54699993133545,11.706019401550293,12795331,11.144514083862305,10.978380432128906,80.29739689750662,71.60951219114064,12.776788074638858,12.343744067990364,11.91070006134187,11.991521836520148,93.05883524738078,93.24446581078071,89.58825287107109,93.05883524738078,0.04500007629394531,0.07520008087158203,0.04500007629394531,0.07520008087158203,97.42418638648634,157.31293729730805,0.20463210386396113,0.13024959158982624,0.0743825122741349,1
595,2017-06-05,12.471799850463867,12.607099533081055,12.45680046081543,12.57699966430664,11.734006881713867,16704644,11.189375972747802,11.001652488708496,80.88391174945146,72.05848409577634,12.725636469077727,12.446575615256094,12.167514761434461,12.092414322901533,90.61874493137805,92.63746184979782,92.67972905199181,90.61874493137805,0.1352996826171875,0.0149993896484375,0.06009960174560547,0.09019947052001953,101.7384015831309,148.93843976840768,0.2220063037359985,0.1486009340190607,0.07340536971693781,1
596,2017-06-06,12.592000007629395,12.622099876403807,12.562000274658205,12.57699966430664,11.734006881713867,15503310,11.232833766937256,11.023521366119384,80.88391174945146,72.05848409577634,12.570876348789152,12.525912604507283,12.480948860225414,12.177164011461898,90.08788888487614,91.25515635454502,87.99568473156539,90.08788888487614,0.030099868774412286,0.02999973297118963,0.04510021209716619,0.014999389648435724,101.75944307114473,146.80762292602958,0.23308858222564588,0.16549846366037774,0.06759011856526814,1
597,2017-06-07,12.54699993133545,12.592000007629395,12.516900062561035,12.54699993133545,11.706019401550293,23247304,11.26928505897522,11.045392150878905,78.18464238342168,70.85345951838619,12.606527593897496,12.577133978618448,12.5477403633394,12.248353749852603,78.41424650172083,86.37362677265837,54.567325721605165,78.41424650172083,0.04500007629394531,0.030099868774414062,0.015000343322753906,0.06009960174560547,107.16047297871685,146.80070077605333,0.23672185781697586,0.17974314249169737,0.056978715325278484,1
598,2017-06-08,12.57699966430664,12.622099876403807,12.516900062561035,12.622099876403807,11.776084899902346,35723327,11.309239625930786,11.066421337127686,79.98540317189533,72.06622037078562,12.668258549031977,12.613197858626279,12.558137168220581,12.308153130100795,80.85433681772356,83.11882406810686,100.0,80.85433681772356,0.04510021209716619,0.06009960174560547,0.0750999450683576,0.030099868774414062,112.8650744895497,146.7832068695499,0.24286163507698255,0.1923668410087544,0.050494794068228155,1
599,2017-06-09,12.396699905395508,12.396699905395508,12.148799896240234,12.396699905395508,11.760612487792967,35132922,11.347021102905273,11.08573974609375,78.44547634256057,71.38600054970762,12.76651173949297,12.611634095490345,12.45675645148772,12.622099876403807,68.98141926793038,76.08333419579162,52.376932082185846,68.98141926793038,0.0,0.24790000915527344,-0.225399971008299,0.47329998016357244,106.51746225743233,101.25250294408971,0.22692372344724276,0.19927821749645208,0.027645505950790683,1
600,2017-06-12,12.380200386047365,12.380200386047365,12.148799896240234,12.165300369262695,11.541088104248047,15879124,11.372422218322754,11.100667667388915,60.61449442156391,62.68093558281112,12.88831519638759,12.555597980019428,12.222880763651267,12.622099876403807,51.95439772230417,67.26338460265275,3.486261084726514,51.95439772230417,0.0,0.23140048980713068,-0.016499519348142755,0.24790000915527344,96.1557891240915,87.1362101388529,0.1933915080521249,0.19810087560758666,-0.004709367555461752,0
601,2017-06-13,12.148799896240234,12.231399536132812,12.082599639892578,12.214900016784668,11.588142395019533,15290728,11.408586788177491,11.115695133209229,62.578014429944915,63.66581954893057,12.83217766866788,12.474730108169808,12.117282547671737,12.612633876800535,26.795319495118274,49.243712161784316,24.522765318442314,26.795319495118274,0.08259963989257812,0.06620025634765625,0.06609916687011719,0.08270072937011719,105.1188810603391,89.19602391596182,0.16887260453289343,0.192255221392648,-0.023382616859754568,0
602,2017-06-14,12.115699768066404,12.1983003616333,12.016500473022461,12.066100120544435,11.446977615356445,14302291,11.432785654067994,11.127337665557862,53.89691690486019,58.83509608752247,12.767997333025082,12.375109811836538,11.982222290647993,12.591432507324217,12.066400279814744,30.27203916574577,8.190174436275253,12.066400279814744,0.08260059356689631,0.09919929504394354,-0.016599655151367188,0.19839954376220703,109.10593613011422,78.61521637911196,0.13586808606951095,0.18097779432802058,-0.04510970825850963,0
603,2017-06-15,12.049599647521973,12.049599647521973,11.900799751281738,11.966899871826172,11.352867126464846,15425881,11.450179862976075,11.137097988128662,49.01512432485565,55.902559255812164,12.553927012405765,12.263886746635379,11.973846480864992,12.556936585266111,15.34742006088328,18.069713278605473,13.329320427932128,15.34742006088328,0.0,0.14879989624023438,-0.016500473022462714,0.1653003692626971,96.32692568944464,65.992883537458,0.10054808069680554,0.16489185160177758,-0.06434377090497204,0
604,2017-06-16,11.900799751281738,12.082599639892578,11.900799751281738,12.049599647521973,11.431323051452635,15582608,11.467289113998413,11.147867660522461,52.84933215402957,57.72427277025236,12.343972861520765,12.168258488868126,11.992544116215488,12.504445638547361,17.519410206926693,14.977743515874948,31.038735756572553,17.519410206926693,0.18179988861083984,0.0,0.11569976806640625,0.0661001205444336,105.7069534097171,68.4117234773646,0.07832699784552766,0.1475788808505276,-0.06925188300499993,0
605,2017-06-19,12.214900016784668,12.231399536132812,12.115699768066404,12.148799896240234,11.525432586669922,11562320,11.49260721206665,11.160519523620605,57.02427085898461,59.79058795078503,12.279481831041334,12.10880848782989,11.938135144618446,12.456153967566111,39.79442428906049,24.22041818562353,75.01521668267664,39.79442428906049,0.01649951934814453,0.0992002487182635,0.18179988861083984,-0.06610012054443182,100.59309291677219,75.07577066452724,0.06793811234304137,0.13165072714903034,-0.06371261480598897,0
606,2017-06-20,12.18179988861084,12.1983003616333,12.082599639892578,12.132200241088867,11.509684562683105,8327338,11.515038681030273,11.170331802368164,56.12865045742665,59.28771658190614,12.209403630501306,12.079473425479364,11.949543220457421,12.411725630263362,58.682698846837695,38.665511114275,69.99414410126377,58.682698846837695,0.016500473022460938,0.09920024871826172,0.049500465393066406,0.06620025634765625,93.01072421554373,74.09224031006497,0.057700259617133653,0.11686063364265101,-0.059160374025517354,0
607,2017-06-21,12.049599647521973,12.165300369262695,11.983499526977539,12.148799896240234,11.525432586669922,10595476,11.536153745651244,11.17933759689331,56.858352639579735,59.63974060466892,12.215228485089883,12.072459280234838,11.929690075379794,12.370851559944832,73.34152582220572,57.27288298603468,75.01521668267664,73.34152582220572,0.11570072174072266,0.0661001205444336,0.033100128173828125,0.14870071411132812,107.58637171278396,79.71386720447897,0.050345786130368,0.1035576641401944,-0.05321187800982641,0
608,2017-06-22,12.148799896240234,12.297499656677244,12.132200241088867,12.247900009155273,11.6194486618042,15833246,11.557062149047852,11.189663944244385,61.02608148953932,61.69054002843687,12.216257898225566,12.090142732847085,11.964027567468603,12.333247415251785,77.50209855301738,69.84210774068697,87.49693487511158,77.50209855301738,0.14869976043700994,0.016599655151367188,0.14869976043700994,0.016599655151367188,106.68103753415726,83.82467492750189,0.05191541521367071,0.09322921435488966,-0.04131379914121895,0
609,2017-06-23,12.281000137329102,12.347100257873535,12.231399536132812,12.281000137329102,11.650850296020508,12460466,11.579540634155274,11.199776782989503,62.334891975776166,62.35312648353817,12.246721862104861,12.125547585437701,12.00437330877054,11.900799751281738,81.44427900546086,77.42930112689469,81.8206854585942,81.44427900546086,0.0661001205444336,0.04960060119628906,0.09920024871826172,0.016500473022460938,98.82229301810861,88.02040792554368,0.05519401899122123,0.08562217528215597,-0.030428156290934746,0
610,2017-06-26,12.297499656677244,12.347100257873535,12.26449966430664,12.330599784851074,11.697904586791992,9025978,11.603672122955322,11.210830707550048,64.2711084074284,63.3384715343285,12.325523646956256,12.17273113142705,12.019938615897843,11.909725761413574,88.25984852213976,82.40207536020603,95.46192523271337,88.25984852213976,0.04960060119629084,0.03299999237060369,0.0661001205444336,0.016500473022460938,102.86417203410181,87.41950311199913,0.06109040102391816,0.08071582043050841,-0.019625419406590253,0
611,2017-06-27,12.330599784851074,12.330599784851074,12.1983003616333,12.247900009155273,11.6194486618042,10277116,11.615465354919433,11.223399906158447,58.839884650646226,60.59610852816253,12.330529228466569,12.211533675065176,12.092538121663784,11.918473251342773,83.33328961897698,84.34580571552588,72.7172581656232,83.33328961897698,0.0,0.13229942321777344,0.0,0.13229942321777344,103.0232245966356,82.15267183930293,0.05841675354646547,0.07625600705369982,-0.01783925350723435,0
612,2017-06-28,12.214900016784668,12.231399536132812,12.148799896240234,12.18179988861084,11.556740760803224,7549957,11.609405517578125,11.232751960754394,54.850176436827205,58.4967813991626,12.327107880709166,12.229906713520158,12.13270554633115,11.927045791473388,63.75317337847687,78.44877050653123,23.08033673709389,63.75317337847687,0.01649951934814453,0.0661001205444336,-0.016500473022460938,0.09910011291503906,99.57501245565751,73.89218949487251,0.05038335341617994,0.07108147632619585,-0.02069812291001591,0
613,2017-06-29,12.26449966430664,12.281000137329102,12.1983003616333,12.281000137329102,11.650850296020508,10274148,11.606647062301636,11.244547863006591,59.30940201333637,60.62010213253149,12.341614365824704,12.243518287462443,12.145422209100182,11.935446880801392,54.154753856461305,67.08040561797173,66.66666666666667,54.154753856461305,0.016500473022460938,0.06619930267333984,0.09920024871826172,-0.016500473022460938,90.86169601265944,78.48199560638393,0.05142861983959435,0.06715090502887555,-0.015722285189281204,0
614,2017-06-30,12.016500473022461,12.231399536132812,12.016500473022461,12.132200241088867,11.509684562683105,14700920,11.596830320358276,11.25912763595581,51.148848950801685,56.15137205912194,12.379310853231486,12.238401424009375,12.097491994787264,11.943679948342835,41.58131040681119,53.16307921391647,34.996927816672866,41.58131040681119,0.21489906311035156,0.0,-0.04960060119628906,0.2644996643066406,97.24249341042461,63.449698204766,0.03979140243889212,0.06167900451087886,-0.021887602071986742,0
615,2017-07-03,12.066100120544435,12.148799896240234,11.983499526977539,11.983499526977539,11.36861515045166,17986011,11.578560733795166,11.272848987579346,44.55180201014217,52.1661367473634,12.411581036310745,12.202528825343336,11.993476614375927,11.951748354533448,33.8878648277799,43.207976363684146,0.0,33.8878648277799,0.082699775695799,0.08260059356689631,0.016599655151367188,0.14870071411132812,98.81758645340281,59.82615902091882,0.018358295914488565,0.0530148627916008,-0.03465656687711224,0
616,2017-07-04,11.983499526977539,12.066100120544435,11.900799751281738,11.950400352478027,11.337213516235352,26864214,11.55872106552124,11.28397933959961,43.21564114690243,51.32524843155095,12.392829126831497,12.145807673389314,11.89878621994713,12.347100257873535,16.01427936102817,30.49448486520644,13.045910266411484,16.01427936102817,0.08260059356689631,0.08269977569580078,0.08260059356689631,0.08269977569580078,90.8091210174512,61.30688627692435,-0.0012836253500552175,0.0421551651632696,-0.04343879051332482,0
617,2017-07-05,11.917400360107422,12.115699768066404,11.917400360107422,12.016500473022461,11.399922370910645,20217626,11.543416213989257,11.296363868713378,46.65627243228579,52.89764872104562,12.333781609907271,12.092118143283855,11.850454676660439,12.3381742477417,14.492473706257622,21.464872631688582,30.43151085236123,14.492473706257622,0.1982994079589826,0.0,0.16529941558837713,0.03299999237060547,93.7451170460387,59.012468007512,-0.01138502270363162,0.03144712758988936,-0.04283215029352098,0
618,2017-07-06,12.0,12.099200248718262,12.0,12.016500473022461,11.399922370910645,15760723,11.524608087539672,11.30902826309204,46.65627243228578,52.89764872104562,12.173013131226126,12.050409309659742,11.927805488093357,12.3294267578125,26.158212467787923,18.888321845024592,34.997216284590905,26.158212467787923,0.09920024871826172,0.0,0.08269977569580078,0.016500473022460938,92.42043414717398,48.28349304583288,-0.019169479060950678,0.02132380625972135,-0.04049328532067203,0
619,2017-07-07,12.066100120544435,12.099200248718262,12.016500473022461,12.016500473022461,11.399922370910645,8857160,11.506573581695557,11.32141279220581,46.65627243228578,52.89764872104562,12.074920776099711,12.022050488821904,11.969180201544097,12.320854217681886,37.36073889948488,26.003808357843496,46.65348956150235,37.36073889948488,0.03310012817382635,0.04959964752197443,0.08269977569580078,0.0,97.68837937178527,48.25409473938118,-0.025049956502599002,0.01204905370725728,-0.03709901020985628,0
620,2017-07-10,12.066100120544435,12.099200248718262,12.0,12.099200248718262,11.478378295898438,9110720,11.503438091278076,11.334244976043701,51.27004658799085,54.92922922507687,12.109241769041166,12.014781749452318,11.92032172986347,12.312453128353882,57.99098011537138,40.50331049421475,92.32223450002074,57.99098011537138,0.03310012817382635,0.06610012054443537,0.08269977569580078,0.016500473022460938,97.52459553121672,51.000201499984776,-0.02277456547969514,0.005084329869866795,-0.027858895349561937,0
621,2017-07-11,12.099200248718262,12.1983003616333,12.066100120544435,12.148799896240234,11.525432586669922,12503115,11.500302600860596,11.348018245697022,53.84826200176225,56.10671927021381,12.138308603522093,12.028408797599432,11.918508991676772,12.304220060812439,73.78454298856583,56.37875400114072,82.37790490417424,73.78454298856583,0.09910011291503906,0.03310012817382635,0.09910011291503906,0.03310012817382635,94.62322884751792,53.902436150541554,-0.01677564546877619,0.0007123348021381981,-0.01748798027091439,0
622,2017-07-12,12.148799896240234,12.247900009155273,12.148799896240234,12.247900009155273,11.6194486618042,9752070,11.508926153182983,11.362550430297851,58.56535457512428,58.36076219562566,12.239351169918173,12.064917756888903,11.890484343859633,12.296151654621825,91.56671313473173,74.44741207955633,100.0,91.56671313473173,0.09910011291503906,0.0,0.09910011291503906,0.0,99.95628795427577,56.56450994912671,-0.003979039353394498,-0.00022594002896834118,-0.0037530993244261567,0
623,2017-07-13,12.297499656677244,12.314000129699707,12.231399536132812,12.297499656677244,11.666502952575685,13726955,11.524607944488526,11.378583469390868,60.72878283895366,59.44178378638144,12.319735632716256,12.117691814904546,11.915647997092837,11.900799751281738,92.37432645353164,85.90852752560976,94.74507445642048,92.37432645353164,0.016500473022462714,0.06610012054443182,0.0661001205444336,0.016500473022460938,96.4933090164515,59.87488821864051,0.010048803865291944,0.001829008749883716,0.008219795115408228,1
624,2017-07-14,12.297499656677244,12.347100257873535,12.26449966430664,12.314000129699707,11.682157516479492,6593051,11.537149667739868,11.394088077545167,61.44994071017062,59.80184285148986,12.343481517452801,12.17550124589495,12.007520974337098,11.909063758850097,95.06962929566016,93.0035562946412,90.46381343055987,95.06962929566016,0.04960060119629084,0.03299999237060369,0.04960060119629084,0.03299999237060369,98.1635923013798,58.68633248918468,0.02224104008838701,0.005911415017584375,0.016329625070802635,1
625,2017-07-17,12.396699905395508,12.396699905395508,12.26449966430664,12.297499656677244,11.666502952575685,6919718,11.544203186035157,11.410682754516602,60.2582671383012,59.25630643306846,12.347049593357626,12.226272645724265,12.105495698090904,11.926585218811034,85.06758117344185,90.83717897421123,69.99385563334504,85.06758117344185,0.0,0.1322002410888672,0.08269977569580078,0.049500465393066406,104.76948020791906,88.49899587883962,0.030223625719067115,0.010773857157880923,0.019449768561186194,1
626,2017-07-18,12.330599784851074,12.330599784851074,12.247900009155273,12.297499656677244,11.666502952575685,10000387,11.552044105529784,11.426715793609619,60.2582671383012,59.25630643306846,12.310016988889165,12.265177010533066,12.220337032176966,11.954792100006102,73.48047822438522,84.53922956449576,59.983765609250575,73.48047822438522,0.0,0.08269977569580078,0.0331001281738299,0.04959964752197088,114.68881099136388,101.98246668372862,0.03613335946710272,0.015845757619725283,0.020287601847377438,1
627,2017-07-19,12.297499656677244,12.314000129699707,12.1983003616333,12.214900016784668,11.588142395019533,10002844,11.555179595947266,11.43893877029419,54.16083341078824,56.48254858931063,12.352727553723954,12.282180286459315,12.211633019194677,11.981306568329467,46.114800717253665,68.2209533716936,8.366780909165197,46.114800717253665,0.016500473022462714,0.09919929504394354,0.016500473022462714,0.09919929504394354,108.20680406424081,98.04247775195812,0.033762571506558814,0.01942912039709199,0.014333451109466825,1
628,2017-07-20,12.214900016784668,12.247900009155273,12.165300369262695,12.1983003616333,11.572394371032715,9381146,11.552826881408691,11.450846786499023,53.00013167893122,55.9368475632802,12.376023315801286,12.280228744116691,12.184434172432097,12.00623016855343,27.537197229404942,49.044158723681285,14.261045169798878,27.537197229404942,0.03299999237060547,0.049599647521972656,0.03299999237060547,0.049599647521972656,108.46868276253996,110.7603575700725,0.030196168887146158,0.021582530095102824,0.008613638792043334,1
629,2017-07-21,12.148799896240234,12.231399536132812,12.148799896240234,12.165300369262695,11.541088104248047,9256575,11.547338771820069,11.46156888961792,50.67514641961293,54.844469902073214,12.370981478138408,12.263572444952025,12.156163411765643,12.029658352763954,9.761308761977833,27.80443556954549,6.6561002069692465,9.761308761977833,0.08259963989257812,0.0,0.03309917449951172,0.049500465393066406,125.83283676901561,123.27423955425098,0.02442538489209234,0.022151101054500726,0.0022742838375916126,1
630,2017-07-24,12.148799896240234,12.231399536132812,12.099200248718262,12.18179988861084,11.556740760803224,13681581,11.54028058052063,11.472042388916016,51.81332823754238,55.29711870990662,12.33441095972288,12.242331793882997,12.150252628043113,12.051680845921847,18.8709420736057,18.723149354996167,35.695680844048795,18.8709420736057,0.08259963989257812,0.049599647521972656,0.06609916687011719,0.0661001205444336,114.72388455469715,119.78443888420387,0.02094196438935647,0.021909273721471875,-0.0009673093321154042,0
631,2017-07-25,12.1983003616333,12.314000129699707,12.1983003616333,12.26449966430664,11.6351957321167,9559521,11.541067934036255,11.487449283599853,57.15047282155098,57.51099658261929,12.30003228427598,12.231929988205934,12.163827692135888,12.072381989490268,39.76895296039532,22.80040126532629,76.95507783016774,39.76895296039532,0.11569976806640625,0.0,0.1322002410888672,-0.016500473022460938,130.43699101198249,112.373180700645,0.024571267020903065,0.022441672381358115,0.0021295946395449503,1
632,2017-07-26,12.231399536132812,12.26449966430664,12.148799896240234,12.18179988861084,11.556740760803224,8827913,11.541067934036255,11.49932409286499,51.0600435815472,54.701603751497686,12.291565816275925,12.222192215987818,12.15281861569971,12.091841064444582,50.368329499140934,36.336074844380654,38.454229823206084,50.368329499140934,0.033100128173828125,0.08259963989257812,0.0,0.11569976806640625,133.2938283141308,105.45890998685353,0.020537590200701672,0.022060855945226825,-0.0015232657445251527,0
633,2017-07-27,12.148799896240234,12.231399536132812,12.148799896240234,12.165300369262695,11.541088104248047,11049455,11.535579824447632,11.510046195983886,49.917087395495244,54.154265124046596,12.284169115727073,12.20992794910984,12.135686782492607,12.110132594901637,48.72739758059032,46.28822668004219,30.772885088396954,48.72739758059032,0.08259963989257812,0.0,0.049599647521972656,0.03299999237060547,137.61517310617165,115.31982063023911,0.015827054508092075,0.020814095657799875,-0.004987041149707799,0
634,2017-07-28,12.148799896240234,12.231399536132812,12.148799896240234,12.214900016784668,11.588142395019533,10060264,11.539502716064453,11.52002628326416,53.3012376051788,55.54108588179948,12.273216752586094,12.202591022143366,12.131965291700638,12.12732663353127,41.03036545696185,46.70869751223103,53.86398145928234,41.03036545696185,0.08259963989257812,0.0,0.06609916687011719,0.016500473022460938,134.17200324293847,109.44724819073022,0.01591276561098276,0.01983382964843645,-0.003921064037453691,0
635,2017-07-31,12.18179988861084,12.247900009155273,12.18179988861084,12.214900016784668,11.588142395019533,11059410,11.550479078292847,11.531407718658448,53.3012376051788,55.54108588179949,12.268467455737602,12.200369027816606,12.13227059989561,12.143489029843124,41.54966316971527,43.76914206908915,40.012122961466304,41.54966316971527,0.0661001205444336,0.0,0.03299999237060547,0.033100128173828125,139.68706581923593,103.51085095860681,0.015798576126227815,0.019026778943994724,-0.003228202817766909,0
636,2017-08-01,12.18179988861084,12.214900016784668,12.165300369262695,12.214900016784668,11.588142395019533,12303392,11.563025522232056,11.541949462890624,53.301237605178784,55.54108588179948,12.243323828443518,12.201487070066328,12.159650311689138,12.148799896240234,50.335611024083,44.30521321692004,57.13072865150016,50.335611024083,0.033100128173828125,0.01649951934814453,0.0,0.049599647521972656,140.23727335955124,96.60984272209424,0.015529070676619128,0.018327237290519605,-0.002798166613900477,0
637,2017-08-02,12.18179988861084,12.247900009155273,12.18179988861084,12.231399536132812,11.603795051574707,16766634,11.573219156265258,11.55196273803711,54.57645421491433,56.034492658371185,12.25094556432115,12.206105979346496,12.161266394371843,12.16367389678955,60.16418154278159,50.68315191219329,83.3496930153781,60.16418154278159,0.0661001205444336,0.0,0.03299999237060547,0.033100128173828125,164.02343489415742,106.11734882745571,0.01645715119057911,0.017953220070531507,-0.0014960688799523954,0
638,2017-08-03,12.231399536132812,12.297499656677244,12.214900016784668,12.26449966430664,11.6351957321167,8624035,11.58498282432556,11.560641040802002,57.10692572440098,57.02667275540209,12.25482209667777,12.216262644390504,12.177703192103237,12.165300369262695,72.76268582904133,61.08749279863531,77.80763582024554,72.76268582904133,0.06610012054443182,0.01649951934814453,0.06610012054443182,0.01649951934814453,177.01139532156233,119.49684968969146,0.019637199981016096,0.018290016052628425,0.0013471839283876706,1
639,2017-08-04,12.297499656677244,12.314000129699707,12.26449966430664,12.314000129699707,11.682157516479492,8031332,11.599094581604003,11.570258579254151,60.63860393480473,58.4799099513876,12.310196313291756,12.234856915129257,12.159517516966757,12.179184341430664,87.05244294520794,73.32643677234363,100.0,87.05244294520794,0.016500473022462714,0.03299999237060369,0.049500465393066406,0.0,183.0381314158745,114.11148884852655,0.0258536605179156,0.01980274494568586,0.00605091557222974,1
640,2017-08-07,12.380200386047365,12.380200386047365,12.297499656677244,12.330599784851074,11.697904586791992,6323118,11.610070896148681,11.57991117477417,61.77513108795233,58.9624884703108,12.34918974441283,12.259039767745165,12.1688897910775,12.192235275268555,84.90895176910968,81.57469351445299,76.91921948708327,84.90895176910968,0.0,0.08270072937012074,0.06620025634765803,0.016500473022462714,148.41216319774392,152.42041501728377,0.031753667212543135,0.022192929399057315,0.00956073781348582,1
641,2017-08-08,12.314000129699707,12.347100257873535,12.247900009155273,12.314000129699707,11.682157516479492,8504129,11.61790714263916,11.58588264465332,59.91214806702667,58.260263271921296,12.355722429306084,12.281530312061342,12.2073381948166,12.204503153076171,81.18407948492383,84.38182473308048,66.63301896768799,81.18407948492383,0.033100128173828125,0.0661001205444336,0.016500473022460938,0.08269977569580078,146.00065941312275,162.72807479151362,0.03469012541178529,0.02469236860160291,0.00999775681018238,1
642,2017-08-09,12.314000129699707,12.314000129699707,12.247900009155273,12.26449966430664,11.6351957321167,8840839,11.618694496154784,11.585027809143066,54.62172793211586,56.190583120546144,12.34870510747712,12.293437419599528,12.238169731721936,12.216034958215332,57.852669265496424,74.64856683984331,30.005769341717787,57.852669265496424,0.0,0.0661001205444336,0.0,0.0661001205444336,140.30483752980552,156.92796500543432,0.03264668516146685,0.0262832319135757,0.00636345324789115,1
643,2017-08-10,12.314000129699707,12.314000129699707,12.247900009155273,12.281000137329102,11.650850296020508,12197247,11.617911863327027,11.583924427032471,56.016010998000695,56.72206440885326,12.346476347802568,12.297927313087037,12.249378278371506,12.226874855046143,40.55257012165121,59.86310629069049,25.01892205554761,40.55257012165121,0.0,0.0661001205444336,0.049500465393066406,0.016599655151367188,113.6233645309218,147.36722216654204,0.03198993426444652,0.027424572383749863,0.004565361880696655,1
644,2017-08-11,12.314000129699707,12.314000129699707,12.18179988861084,12.214900016784668,11.588142395019533,22593381,11.613211107254028,11.581566886901856,49.4602211207545,54.00064778414374,12.371218340746276,12.290270870982567,12.209323401218859,12.396699905395508,23.90272730447373,40.76932223054045,16.68349051615555,23.90272730447373,0.0,0.1322002410888672,0.03299999237060547,0.09920024871826172,93.2299964051977,130.62357837680997,0.025837884096404196,0.02710723472628073,-0.0012693506298765353,0
645,2017-08-14,12.214900016784668,12.281000137329102,12.1983003616333,12.247900009155273,11.6194486618042,11249728,11.610858392715453,11.579275722503661,52.45206033891444,55.115563574499625,12.345073556207561,12.278993438775466,12.21291332134337,12.392401905059815,27.230098984698458,30.561798803607797,39.98788438239197,27.230098984698458,0.0661001205444336,0.016599655151367188,0.0661001205444336,0.016599655151367188,98.58848024208989,126.94714263995677,0.02335593097327049,0.026356973975678682,-0.0030010430024081935,0
646,2017-08-15,12.1983003616333,12.26449966430664,12.18179988861084,12.26449966430664,11.6351957321167,16229734,11.609293031692506,11.577299499511719,53.92940524925612,55.67595628453913,12.31502140720322,12.270175498033922,12.225329588864623,12.388189864730835,39.742607789976795,30.291811359716323,62.55644847138261,39.742607789976795,0.06619930267333984,0.016500473022460938,0.016599655151367188,0.0661001205444336,105.77883332845607,115.11603815398601,0.022469405364960338,0.025579460253535014,-0.0031100548885746766,0
647,2017-08-16,12.1983003616333,12.314000129699707,12.1983003616333,12.281000137329102,11.650850296020508,20728886,11.612428426742554,11.576196117401123,55.41256713453699,56.23922698328967,12.31622360651616,12.266748128721233,12.217272650926304,12.384062065208434,59.19406854336727,42.055591772680835,75.03787277632699,59.19406854336727,0.11569976806640625,0.0,0.049500465393066406,0.06619930267333984,110.43995841827612,107.31335026870991,0.02283504947004289,0.02503057809683659,-0.002195528626793699,0
648,2017-08-17,12.214900016784668,12.330599784851074,12.214900016784668,12.330599784851074,11.697904586791992,13391879,11.618703937530517,11.574632511138915,59.620498364204636,57.90664264702702,12.349747246716781,12.273205155484035,12.19666306425129,12.380016821676483,79.19810708256995,59.378261138638,100.0,79.19810708256995,0.11569976806640625,0.0,0.049599647521972656,0.0661001205444336,111.93907088788436,97.19362549673167,0.02681796132654668,0.025388054742778606,0.0014299065837680737,1
649,2017-08-18,12.231399536132812,12.314000129699707,12.1983003616333,12.1983003616333,11.572394371032715,14148154,11.62026925086975,11.570868148803712,46.90485150525386,52.38532600347896,12.356515413037748,12.270262854110882,12.184010295184017,12.37605248301517,62.04230269256113,66.81149277283278,11.089035301356168,62.04230269256113,0.08260059356689453,0.03309917449951172,-0.016599655151367188,0.13229942321777344,121.530551282177,82.24230336959735,0.01907905837821211,0.024126255469865306,-0.005047197091653195,0
650,2017-08-21,12.1983003616333,12.297499656677244,12.18179988861084,12.281000137329102,11.650850296020508,13243701,11.624974727630615,11.57306339263916,53.57084640409138,55.15704639233302,12.353245813619871,12.268018589722082,12.182791365824293,12.372167431127084,59.251971868297225,66.83079388114275,66.66688030353527,59.251971868297225,0.09919929504394354,0.016500473022460938,0.09919929504394354,0.016500473022460938,128.11504333824385,87.14135464249392,0.01939552326475713,0.02318010902884367,-0.0037845857640865406,0
651,2017-08-22,12.281000137329102,12.281000137329102,12.099200248718262,12.132200241088867,11.509684562683105,30234031,11.618699169158935,11.571494235992432,43.08847611557593,49.75292576007118,12.391863515667046,12.250942932985666,12.110022350304286,12.368360080276759,30.672320258230183,50.655531606362835,14.261045169798878,30.672320258230183,0.0,0.18179988861083984,0.0,0.18179988861083984,122.37685273137666,73.21523681241376,0.007552357042577285,0.020054558631590395,-0.01250220158901311,0
652,2017-08-23,12.132200241088867,12.132200241088867,12.132200241088867,12.132200241088867,11.509684562683105,0,11.61634635925293,11.572748374938964,43.08847611557594,49.75292576007118,12.383123380419722,12.223850762126197,12.064578143832673,12.357593687014418,31.72965688104442,40.551316335857265,14.261045169798878,31.72965688104442,0.0,0.0,0.0,0.0,132.25345610968716,73.4495037007845,-0.0018125436391045469,0.015681138177451405,-0.017493681816555952,0
653,2017-08-24,12.066100120544435,12.148799896240234,12.066100120544435,12.082599639892578,11.46263027191162,19330227,11.612423467636109,11.5749436378479,40.05833280283325,48.064781776277066,12.325870994960374,12.188740180517286,12.051609366074198,12.347257949482572,11.725935281787999,24.70930414035419,6.655715505766002,11.725935281787999,0.082699775695799,0.0,0.016599655151367188,0.06610012054443182,153.58182132935377,75.27253458229869,-0.013085803885262592,0.009927749764908605,-0.023013553650171197,0
654,2017-08-25,12.066100120544435,12.132200241088867,12.0,12.132200241088867,11.509684562683105,14776290,11.608500576019287,11.57651086807251,44.27831806858664,49.83012104104972,12.2932971007649,12.158735505255002,12.024173909745105,12.330388479746283,21.784622595111944,21.74673825264811,44.43710710977071,21.784622595111944,0.06610012054443182,0.06610012054443537,0.04960060119628906,0.08259963989257812,154.40543128984922,74.67200038925503,-0.01781226120337287,0.004379747571252309,-0.02219200877462518,0
655,2017-08-28,12.148799896240234,12.148799896240234,12.066100120544435,12.099200248718262,11.478378295898438,9943957,11.603012371063233,11.57556978225708,42.15205217462686,48.688250916274505,12.175452318523217,12.133646600981876,12.091840883440536,12.30395740136658,28.798461659220504,20.769673178706807,35.302562362124554,28.798461659220504,0.0,0.082699775695799,0.016599655151367188,0.06610012054443182,133.88305916843035,72.59113863456702,-0.02394481534594739,-0.0012851650121876307,-0.02265965033375976,0
656,2017-08-29,12.099200248718262,12.18179988861084,12.082599639892578,12.115699768066404,11.494030952453613,7178909,11.598306798934937,11.575256710052491,43.61009172019272,49.290759057558475,12.154707581350241,12.116161188879865,12.077614796409488,12.279640809257254,47.79364834172953,32.792244198687314,63.641275553293084,47.79364834172953,0.08259963989257812,0.016600608825683594,0.08259963989257812,0.016600608825683594,138.33804704997553,76.5066620517652,-0.027160446645311254,-0.006460221338812355,-0.0207002253064989,0
657,2017-08-30,12.115699768066404,12.148799896240234,12.099200248718262,12.148799896240234,11.525432586669922,11543188,11.594388675689697,11.575256710052491,46.52217607422504,50.499991623049745,12.156396767690808,12.109614405895755,12.062832044100702,12.257269544516673,60.264005269611665,45.61870509018723,81.84817789341713,60.264005269611665,0.0331001281738299,0.016499519348142755,0.0331001281738299,0.016499519348142755,127.88131376670219,67.44410078192892,-0.026729829072310807,-0.010514142885512046,-0.01621568618679876,0
658,2017-08-31,12.099200248718262,12.247900009155273,12.099200248718262,12.231399536132812,11.603795051574707,12553719,11.592818641662598,11.5749436378479,53.03958551766134,53.377199164000274,12.212858818978326,12.120779653137824,12.028700487297321,12.0,79.6111177465804,62.55625711930719,93.34389979303074,79.6111177465804,0.14869976043701172,0.0,0.09910011291503906,0.049599647521972656,151.7824724231936,78.4456992973037,-0.01949869213254729,-0.012311052734919095,-0.007187639397628195,0
659,2017-09-01,12.231399536132812,12.231399536132812,12.165300369262695,12.214900016784668,11.588142395019533,10729273,11.5881178855896,11.57368947982788,51.68462299673207,52.74216353322906,12.246279454704917,12.14091733487512,12.035555215045322,12.004958000183105,85.68008519328835,75.18506940316013,81.84817789341695,85.68008519328835,0.0,0.06609916687011719,0.0,0.06609916687011719,133.33669913220052,72.80275697826313,-0.014927265109136556,-0.012834295209762588,-0.0020929698993739677,0
660,2017-09-04,12.231399536132812,12.297499656677244,12.214900016784668,12.297499656677244,11.666502952575685,9850263,11.586547803878783,11.573061447143555,57.533444196749905,55.49126811242011,12.300321324815195,12.172482895884926,12.044644466954656,12.009816840362548,91.73069256214931,85.67396516733935,100.0,91.73069256214931,0.06610012054443182,0.01649951934814453,0.08259963989257635,0.0,129.51806374169547,74.95861106223923,-0.004586406394416542,-0.011184717446693379,0.0065983110522768364,1
661,2017-09-05,12.297499656677244,12.297499656677244,12.231399536132812,12.297499656677244,11.666502952575685,5466620,11.585765075683593,11.574002532958984,57.5334441967499,55.49126811242011,12.319926494464413,12.20816156187098,12.096396629277548,12.021324153015136,93.94939263113906,90.45339012885889,100.0,93.94939263113906,0.0,0.06610012054443182,0.0,0.06610012054443182,115.39613523139225,70.69950550389864,0.003567672728449267,-0.008234239411664849,0.011801912140114116,1
662,2017-09-06,12.281000137329102,12.297499656677244,12.214900016784668,12.281000137329102,11.650850296020508,7362772,11.586547803878783,11.57588472366333,55.963979796928385,54.80636755729036,12.308621410337299,12.239304744653438,12.169988078969578,12.032371173161621,97.22649712406013,94.30219410578282,91.67949137218018,97.22649712406013,0.016499519348142755,0.0661001205444336,0.0,0.08259963989257635,108.8263495613889,69.01933312729668,0.0085993380450482,-0.004867523920322239,0.013466861965370438,1
663,2017-09-07,12.330599784851074,12.347100257873535,12.26449966430664,12.281000137329102,11.650850296020508,10985441,11.586547803878783,11.57588472366333,55.9639797969284,54.80636755729036,12.324103722580004,12.262820394409331,12.201537066238659,12.042976312502246,85.10692230849149,92.09427068789688,63.641275553294065,85.10692230849149,0.016500473022460938,0.0661001205444336,0.0661001205444336,0.016500473022460938,98.61340513942439,72.26694025763175,0.01244352781679936,-0.0014053135728979184,0.013848841389697279,1
664,2017-09-08,12.214900016784668,12.330599784851074,12.214900016784668,12.330599784851074,11.697904586791992,8109739,11.592035913467408,11.579649124145508,59.78837899610737,56.5405193558149,12.32065895037481,12.284436474271224,12.248213998167639,12.061223749224522,80.94644754017669,87.75995565757609,87.51857569505562,80.94644754017669,0.11569976806640625,0.0,0.049599647521972656,0.0661001205444336,104.22656082385724,68.58479566686871,0.019270217864033157,0.0027297927144882966,0.01654042514954486,1
665,2017-09-11,12.330599784851074,12.36359977722168,12.330599784851074,12.36359977722168,11.729211807250975,10038182,11.597524070739746,11.586861057281494,62.14407365475109,57.66146671235305,12.37153015151088,12.307450247285644,12.243370343060407,12.078376339743464,83.71995041611665,83.25777342159493,100.0,83.71995041611665,0.03299999237060547,0.0,0.03299999237060547,0.0,108.68901355546927,67.42409707417046,0.027031638598820962,0.00759016189135483,0.019441476707466133,1
666,2017-09-12,12.214900016784668,12.297499656677244,12.214900016784668,12.247900009155273,11.733331680297852,7234090,11.602430868148804,11.594783420562743,62.455772073961526,57.80997273963603,12.39786224295681,12.315816814773015,12.23377138658922,12.10119421474172,69.90364662493708,78.19001486041013,22.19236417975539,69.90364662493708,0.08259963989257635,0.0,-0.06610012054443537,0.14869976043701172,124.99515409089351,53.17291433306232,0.023574859800563175,0.0107871014731965,0.012787758327366675,1
667,2017-09-13,12.214900016784668,12.247900009155273,12.099200248718262,12.18179988861084,11.670008659362793,13453537,11.603388786315918,11.600185146331787,54.964653193717496,54.74901962576374,12.430784359750376,12.303602187000799,12.176420014251221,12.36359977722168,51.144276107107,68.25595771605357,31.240464141565344,51.144276107107,0.03299999237060547,0.11569976806640625,0.0,0.14869976043701172,119.38766371108267,49.987665449304465,0.015324953863336432,0.011694671951224487,0.003630281912111946,1
668,2017-09-14,12.099200248718262,12.1983003616333,12.099200248718262,12.132200241088867,11.622492790222168,7018573,11.599618196487427,11.604636554718018,50.107940669133995,52.582481625316845,12.44744204690453,12.273255384298814,12.099068721693097,12.358311786651612,21.9713123172187,47.673078349754256,12.481108630335122,21.9713123172187,0.09910011291503906,0.0,0.016500473022460938,0.08259963989257812,136.483188186258,50.49202054806502,0.004730041957905939,0.010301745952560778,-0.005571703994654838,0
669,2017-09-15,12.148799896240234,12.26449966430664,12.132200241088867,12.26449966430664,11.74923324584961,13368491,11.60846014022827,11.611622772216798,60.207851956826005,57.26077507362136,12.408297661456032,12.251001538341505,12.093705415226978,12.353129555892945,35.413457989321124,36.17634880454893,62.51880119606266,35.413457989321124,0.11569976806640625,0.016599655151367188,0.13229942321777344,0.0,154.96069140057045,56.121494886880264,0.006929081582613961,0.009627213078571414,-0.0026981314959574534,0
670,2017-09-18,12.231399536132812,12.247900009155273,12.18179988861084,12.214900016784668,11.701717376708984,9350202,11.611003494262695,11.616089553833008,55.6587305947187,55.1454552208851,12.329885442568749,12.234960021693574,12.1400346008184,12.348050969749451,44.448635852141884,33.94446871956056,58.34599773002764,44.448635852141884,0.016500473022460938,0.049599647521972656,-0.016599655151367188,0.08269977569580078,170.85370420291085,53.60531422174165,0.004616344944006201,0.008625039451658371,-0.0040086945076521704,0
671,2017-09-19,12.214900016784668,12.231399536132812,12.165300369262695,12.1983003616333,11.68581485748291,7576218,11.619810009002686,11.619297199249267,54.183190882533694,54.44735602597007,12.308216851165376,12.22196429223851,12.135711733311645,12.343073955328828,60.272227446186825,46.7114404292166,59.951883412469925,60.272227446186825,0.01649951934814453,0.049599647521972656,0.01649951934814453,0.049599647521972656,159.6052900605888,49.49270754343626,0.0014275748595871107,0.007185546533244119,-0.005757971673657008,0
672,2017-09-20,12.1983003616333,12.1983003616333,12.148799896240234,12.165300369262695,11.654202461242676,14649662,11.627035903930665,11.619992275238037,51.27324710497262,53.06257381003062,12.29743046639007,12.20770655151125,12.117982636632432,12.338196481196617,52.76199874333012,52.4942873472196,39.988115087492574,52.76199874333012,0.0,0.049500465393066406,0.0,0.049500465393066406,147.41606678864665,48.97504579657787,-0.0037194959638622294,0.005004538033822849,-0.00872403399768508,0
673,2017-09-21,12.165300369262695,12.1983003616333,12.148799896240234,12.18179988861084,11.670008659362793,8655857,11.637404823303223,11.620062389373778,52.64274457281044,53.673513468428915,12.263453793915405,12.195351497845358,12.127249201775312,12.33341655654705,45.81014909943781,52.94812509631824,37.490448798350705,45.81014909943781,0.03299999237060547,0.016500473022460938,0.03299999237060547,0.016500473022460938,136.62406202307747,49.47441254120205,-0.006393512917837185,0.002724927843490842,-0.009118440761328027,0
674,2017-09-22,12.115699768066404,12.18179988861084,12.115699768066404,12.148799896240234,11.638394355773926,8021992,11.643840312957764,11.619187126159668,49.637730171037184,52.26253627586824,12.228970248058284,12.182244531913298,12.135518815768313,12.328732230390473,34.17214555405717,44.24809779894169,25.037872776327998,34.17214555405717,0.06610012054443537,0.0,0.0,0.06610012054443537,131.622576261863,46.314995279918435,-0.011048157923672974,-2.9689309941921364e-05,-0.011018468613731052,0
675,2017-09-25,12.148799896240234,12.148799896240234,12.099200248718262,12.115699768066404,11.606683731079102,7234308,11.650255584716797,11.617990741729736,46.75476263305167,50.871464140577515,12.222623082489859,12.165782276663514,12.108941470837168,12.32414159075703,25.003038176042065,34.99511094317901,12.480792953447267,25.003038176042065,0.0,0.049599647521972656,0.0,0.049599647521972656,121.2755149819374,50.006636993640676,-0.017209520697969438,-0.0034656555875474246,-0.013743865110422013,0
676,2017-09-26,12.115699768066404,12.1983003616333,12.099200248718262,12.18179988861084,11.670008659362793,8394414,11.659054470062255,11.618060855865478,52.666934650356446,53.4380427656727,12.205835636185556,12.156376120820077,12.106916605454598,12.319642763916255,40.28945291505119,33.154878881716805,83.3496930153781,40.28945291505119,0.08260059356689631,0.016499519348142755,0.08260059356689631,0.016499519348142755,119.62925616645191,48.890563279126134,-0.016567735241830306,-0.0060860715184040005,-0.010481663723426305,0
677,2017-09-27,12.1983003616333,12.1983003616333,12.148799896240234,12.165300369262695,11.654202461242676,5978368,11.665492963790893,11.619382057189942,51.140532606815455,52.72505063107682,12.201789134229431,12.152329618863952,12.102870103498473,12.315233913612294,54.1769447779399,39.82314528967772,66.70034836499413,54.1769447779399,0.0,0.049500465393066406,0.016500473022460938,0.03299999237060547,137.69856910477088,55.55895203974352,-0.017192306752777498,-0.0083073185652787,-0.008884988187498798,0
678,2017-09-28,12.132200241088867,12.165300369262695,12.132200241088867,12.132200241088867,11.622492790222168,10389408,11.666427850723267,11.620384025573731,48.12704707439285,51.30102176409921,12.19459848426499,12.147844453874157,12.101090423483324,12.310913240314413,61.11656433845943,51.860987343816845,33.299651635005866,61.11656433845943,0.033100128173828125,0.0,0.0,0.033100128173828125,141.47756101066412,54.21807637749318,-0.02012618574812386,-0.010671092001847732,-0.009455093746276127,0
679,2017-09-29,12.132200241088867,12.148799896240234,12.099200248718262,12.132200241088867,11.622492790222168,10058477,11.668145370483398,11.622012119293213,48.12704707439285,51.30102176409922,12.191187169118123,12.142594662744713,12.094002156371303,12.30667898048249,44.4332172116687,53.24224210935602,33.299651635005866,44.4332172116687,0.016599655151367188,0.03299999237060547,0.016599655151367188,0.03299999237060547,129.06828505145123,55.55895203974344,-0.022195450650480453,-0.012975963731574277,-0.009219486918906176,0
680,2017-10-03,12.297499656677244,12.297499656677244,12.099200248718262,12.148799896240234,11.638394355773926,11592669,11.66673994064331,11.623645191192628,49.84585829830632,52.00018412626295,12.17799819748052,12.139431717969316,12.100865238458113,12.302529405847205,30.537269119295686,45.36235022314128,25.012504087875104,30.537269119295686,0.0,0.1982994079589826,0.16529941558837713,0.03299999237060547,106.33002647320251,66.6744117039849,-0.022239540967596838,-0.01482867917877879,-0.0074108617888180486,0
681,2017-10-04,12.148799896240234,12.148799896240234,12.115699768066404,12.132200241088867,11.622492790222168,8075880,11.664539432525634,11.623391132354737,48.12844919368962,51.23733441412154,12.163041085193294,12.13655103659029,12.110060987987287,12.298462822704625,24.984551301659778,33.3183458775414,16.641498182098143,24.984551301659778,0.0,0.0331001281738299,0.0,0.0331001281738299,111.64918180060677,67.10464763061972,-0.023344831615959905,-0.01653190966621501,-0.006812921949744893,0
682,2017-10-06,12.115699768066404,12.1983003616333,12.115699768066404,12.1983003616333,11.68581485748291,15869059,11.666287660598755,11.62597261428833,54.806109138128136,54.02272921874845,12.192818570588898,12.141617602574762,12.090416634560626,12.297499656677244,30.542998031408047,28.688272817454514,49.97499182425068,30.542998031408047,0.08260059356689631,0.0,0.0661001205444336,0.016500473022462714,113.55044832302032,65.79602717409874,-0.018671818016505526,-0.016959891336273115,-0.001711926680232411,0
683,2017-10-09,12.18179988861084,12.1983003616333,12.132200241088867,12.1983003616333,11.68581485748291,8117474,11.668035888671875,11.628867149353027,54.80610913812814,54.02272921874845,12.213005343555986,12.152436581977454,12.091867820398923,12.293533668518064,38.86382727686657,31.463792203311474,49.97499182425068,38.86382727686657,0.016500473022460938,0.049599647521972656,0.0,0.0661001205444336,108.17493911796299,60.75998845624121,-0.01479784077458035,-0.016527481223934562,0.0017296404493542111,1
684,2017-10-10,12.214900016784668,12.214900016784668,12.148799896240234,12.165300369262695,11.654202461242676,10421323,11.66585078239441,11.630188350677491,51.004436479949455,52.41524107915183,12.214212165422433,12.161356928164189,12.108501690905944,12.289647000122068,44.42782576355137,37.94488369060867,33.33349364215254,44.42782576355137,0.0,0.0661001205444336,0.016599655151367188,0.049500465393066406,87.67368124779723,54.44369834597492,-0.014226515081558588,-0.016067287995459367,0.001840772913900779,1
685,2017-10-11,12.214900016784668,12.214900016784668,12.148799896240234,12.214900016784668,11.701717376708984,9916620,11.66447606086731,11.63245985031128,55.95033893413374,54.5244334231763,12.231747970501209,12.172604018132219,12.11346006576323,12.285838065093992,61.102828488801144,48.13149384307304,100.0,61.102828488801144,0.0,0.0661001205444336,0.049599647521972656,0.016500473022460938,87.67360340379014,60.54460262207048,-0.009660102669814208,-0.014785850930330335,0.005125748260516127,1
686,2017-10-12,12.1983003616333,12.26449966430664,12.165300369262695,12.26449966430664,11.74923324584961,10183036,11.665271139144897,11.63568166732788,60.26956118230893,56.52296588467415,12.255491127651927,12.190678114575334,12.125865101498741,12.282105308766479,77.77783121405092,61.10282848880115,100.0,77.77783121405092,0.06619930267333984,0.03299999237060547,0.049599647521972656,0.049599647521972656,86.35621943797396,55.715467316283195,-0.002015675448946652,-0.012231815834053599,0.010216140385106947,1
687,2017-10-13,12.231399536132812,12.314000129699707,12.231399536132812,12.314000129699707,11.796653747558596,11655293,11.671603393554687,11.639538841247559,64.05734579376697,58.41442739430251,12.322084233392356,12.217564892049893,12.11304555070743,12.099200248718262,100.00000000000007,79.62688656761738,100.0,100.00000000000007,0.08260059356689453,0.0,0.049500465393066406,0.033100128173828125,99.99041204916885,61.05161997872539,0.007945273891625249,-0.00819639788891783,0.016141671780543078,1
688,2017-10-16,12.297499656677244,12.314000129699707,12.247900009155273,12.281000137329102,11.76504135131836,8172620,11.678730821609497,11.642135753631592,59.95384156618796,56.7088402908269,12.347890201500007,12.243383417194245,12.138876632888483,12.10349624633789,93.34141530764428,90.37308217389842,80.02424592293261,93.34141530764428,0.016500473022462714,0.04959964752197088,0.0,0.0661001205444336,101.62730388859491,61.85381917493578,0.013026414024713162,-0.003951835506191631,0.016978249530904793,1
689,2017-10-17,12.247900009155273,12.314000129699707,12.247900009155273,12.281000137329102,11.76504135131836,9767968,11.679521226882935,11.643793430328369,59.95384156618796,56.7088402908269,12.328653982080823,12.263917920324403,12.199181858567982,12.107706324005127,86.68283061528848,93.34141530764428,80.02424592293261,86.68283061528848,0.0661001205444336,0.0,0.03299999237060547,0.033100128173828125,114.02518295918097,58.44521866361213,0.016858915108759476,0.00021031461679859014,0.016648600491960885,1
690,2017-10-18,12.247900009155273,12.330599784851074,12.247900009155273,12.330599784851074,11.812555313110352,9202561,11.685063123703003,11.646086444854737,63.976432406354434,58.6599304744601,12.332591356696422,12.28403153652706,12.235471716357697,12.111832200119018,86.68283061528848,88.90235884607375,100.0,86.68283061528848,0.08269977569580078,0.0,0.049599647521972656,0.033100128173828125,110.5216209758103,60.00149288072851,0.023626129548340202,0.004893477603106913,0.01873265194523329,1
691,2017-10-19,12.314000129699707,12.380200386047365,12.18179988861084,12.26449966430664,11.74923324584961,13158629,11.688234043121337,11.647427959442139,55.91533037153348,55.22035065869802,12.343396421363362,12.294836601194,12.246276781024637,12.1205829035083,73.9024986994604,82.42271997667912,41.68325017544834,73.9024986994604,0.06620025634765803,0.1322002410888672,0.04960060119629084,0.14879989624023438,100.00958914083174,54.76544953759066,0.023385890452747304,0.008591960173034992,0.014793930279712313,1
692,2017-10-20,12.297499656677244,12.314000129699707,12.231399536132812,12.314000129699707,11.796653747558596,6507077,11.695356607437134,11.650657119750976,59.98188636209031,57.170690306402605,12.351441078085461,12.302881257916098,12.254321437746736,12.136159952460645,69.43875638104551,76.67469523193147,66.63301896768799,69.43875638104551,0.016500473022462714,0.06610012054443182,0.049500465393066406,0.033100128173828125,88.41462547623264,68.82510413590799,0.026879918139091075,0.012249551766246208,0.014630366372844867,1
693,2017-10-23,12.281000137329102,12.297499656677244,12.231399536132812,12.297499656677244,11.78084659576416,5105305,11.700898504257202,11.65325704574585,58.05931171305735,56.32269252551861,12.354293215958103,12.307567499813118,12.260841783668132,12.150802378475849,55.544179428757474,66.29514483642113,58.31626914313589,55.544179428757474,0.016499519348142755,0.04960060119628906,-0.016500473022462714,0.08260059356689453,92.31937137910496,71.22831232154185,0.027994803314474126,0.015398602075891792,0.012596201238582334,1
694,2017-10-24,12.297499656677244,12.297499656677244,12.231399536132812,12.231399536132812,11.717523574829102,5503521,11.704854965209961,11.655844669342041,51.00622876871033,53.05352062483999,12.372940471079565,12.301744576840413,12.230548682601261,12.16456625893014,49.983015923372285,58.321983911058425,24.99975965929279,49.983015923372285,0.0,0.06610012054443182,0.0,0.06610012054443182,78.27592494391999,70.82927587735212,0.02327631566412869,0.016974144793539172,0.0063021708705895164,1
695,2017-10-25,12.231399536132812,12.247900009155273,12.1983003616333,12.1983003616333,11.68581485748291,8678345,11.708811521530151,11.657171993255615,47.87024035931317,51.501194496185946,12.369540657050488,12.28487273806914,12.200204819087793,12.177504306557173,30.544259542326696,45.357151631485486,8.31674982455121,30.544259542326696,0.016500473022460938,0.03309917449951172,0.016500473022460938,0.03309917449951172,68.58330578199077,59.443937586263274,0.016673847708322143,0.016914085376495767,-0.00024023766817362485,0
696,2017-10-26,12.1983003616333,12.214900016784668,12.148799896240234,12.214900016784668,11.701717376708984,8079067,11.71039695739746,11.65850242614746,49.54565290437053,52.228173926728715,12.35693799560497,12.264870058076689,12.172802120548408,12.380200386047365,24.442877481770164,34.99005098248971,40.012122961466304,24.442877481770164,0.016599655151367188,0.049500465393066406,0.016599655151367188,0.049500465393066406,68.5977623367094,63.8929366670994,0.012635147610195574,0.01605829782323573,-0.0034231502130401548,0
697,2017-10-27,12.214900016784668,12.26449966430664,12.18179988861084,12.26449966430664,11.74923324584961,7649618,11.715148496627808,11.660470085144043,54.274467077283774,54.34854896185494,12.323510539905914,12.252289357307532,12.18106817470915,12.375572376251222,42.04550286875441,32.344213297617095,77.80763582024554,42.04550286875441,0.049599647521972656,0.033100128173828125,0.049599647521972656,0.033100128173828125,72.49377238636924,67.61253583484303,0.013283600639226734,0.01550335838643393,-0.0022197577472071964,0
698,2017-10-30,12.231399536132812,12.26449966430664,12.1983003616333,12.247900009155273,11.733331680297852,7744203,11.720690441131591,11.66117862701416,52.50106323231346,53.52405903450085,12.292251737134068,12.245469915147517,12.198688093160966,12.371036926651003,61.48806408402654,42.65881481151704,66.64443347036757,61.48806408402654,0.033100128173828125,0.03309917449951172,0.0,0.06619930267333984,76.49751672771717,66.66375489158169,0.012316078805005404,0.014865902470148224,-0.0025498236651428207,0
699,2017-10-31,12.18179988861084,12.26449966430664,12.18179988861084,12.214900016784668,11.701717376708984,11913685,11.724651670455932,11.663765087127686,49.0683172950469,51.900721614426914,12.287243435260123,12.238635012246519,12.190026589232914,12.366592186042787,67.19426598070449,56.90927764449515,57.13072865150016,67.19426598070449,0.08269977569580078,0.0,0.016599655151367188,0.0661001205444336,82.12633787604075,62.67333222548414,0.008785216679628505,0.01364976531204428,-0.004864548632415776,0
700,2017-11-01,12.231399536132812,12.297499656677244,12.1983003616333,12.26449966430664,11.74923324584961,10179588,11.730193614959717,11.665732746124268,53.94262038146908,54.07186208181039,12.282085351079385,12.237239666814375,12.192393982549365,12.362236340246737,67.19426598070449,65.29219868181184,77.80763582024554,67.19426598070449,0.06610012054443182,0.03309917449951172,0.08259963989257635,0.016599655151367188,79.74247484086678,72.2206952258613,0.009875422318994964,0.012894896713434417,-0.0030194743944394527,0
701,2017-11-02,12.1983003616333,12.247900009155273,12.1983003616333,12.214900016784668,11.701717376708984,7702509,11.734154844284058,11.669573402404785,48.902506932623304,51.65391457373957,12.279367433925668,12.234521749660658,12.189676065395648,12.357967611366607,54.515667594549576,62.96806651865285,28.608638311902844,54.515667594549576,0.049599647521972656,0.0,-0.016599655151367188,0.06619930267333984,87.91628777280465,69.85158659845699,0.006660364572370625,0.01164799028522166,-0.004987625712851034,0
702,2017-11-03,12.231399536132812,12.26449966430664,12.1983003616333,12.231399536132812,11.717523574829102,5602633,11.735740280151367,11.673730182647706,50.55744816804461,52.38838025866806,12.270541435360665,12.231995566610088,12.193449697859512,12.35378425706408,49.761848493549685,57.15726068960125,42.86927134850049,49.761848493549685,0.033100128173828125,0.03309917449951172,0.049599647521972656,0.016599655151367188,82.12793884346279,67.11120875091432,0.005381744068486682,0.010394741041874664,-0.005012996973387982,0
703,2017-11-06,12.26449966430664,12.26449966430664,12.082599639892578,12.148799896240234,11.638394355773926,17370042,11.733369255065918,11.677245464324951,43.04178365342817,48.55854914926017,12.295906183085512,12.220531995945883,12.145157808806255,12.349684569847602,34.09435071154383,46.123955599881036,30.805142474227974,34.09435071154383,0.0,0.1819000244140625,0.033100128173828125,0.14879989624023438,73.35668354210367,62.490382861266966,-0.002270499611951138,0.007861692911109504,-0.010132192523060642,0
704,2017-11-07,12.1983003616333,12.214900016784668,12.148799896240234,12.165300369262695,11.654202461242676,10278964,11.733369255065918,11.680135822296142,44.8069839667149,49.326028686493096,12.290356500440325,12.205175910089864,12.119995319739402,12.3390011726494,37.38592185758631,40.414040354226614,38.48335175003027,37.38592185758631,0.016599655151367188,0.049500465393066406,0.0661001205444336,0.0,69.26015407353982,69.22047215559901,-0.006923695535153485,0.004904615221856905,-0.01182831075701039,0
705,2017-11-08,12.148799896240234,12.297499656677244,12.148799896240234,12.281000137329102,11.76504135131836,12854981,11.736535453796387,11.68586908340454,55.27344947991995,54.28528158383361,12.298502325905059,12.203626881883416,12.108751437861773,12.328745111339128,53.870242908093054,41.7835051590744,92.32223450002074,53.870242908093054,0.14869976043700994,0.0,0.132199287414549,0.016500473022460938,81.5954674203763,79.19852446514057,-0.0012608482157254741,0.0036715225343404295,-0.004932370750065904,0
706,2017-11-09,12.297499656677244,12.297499656677244,12.214900016784668,12.247900009155273,11.733331680297852,8820880,11.735740375518798,11.690655097961425,52.22234857434878,52.75356997223233,12.310269936807263,12.21003098814559,12.109792039483917,12.318899292481266,69.24174983765265,53.49930486777735,76.91966326290675,69.24174983765265,0.0,0.08259963989257635,0.016499519348142755,0.0661001205444336,89.87305784184173,65.79873914421226,0.0005497581000533103,0.0030471696474830058,-0.0024974115474296955,0
707,2017-11-10,12.247900009155273,12.26449966430664,12.165300369262695,12.231399536132812,11.717523574829102,9375496,11.731783866882324,11.69449691772461,50.71925627259838,51.995097777067336,12.317789325799087,12.217550377137414,12.117311428475741,12.309447306377718,79.49445058334403,67.53548110969659,69.24145398710445,79.49445058334403,0.016599655151367188,0.08259963989257812,0.016599655151367188,0.08259963989257812,87.52960202852601,64.62063385979067,0.0006457822020760062,0.002566892158401606,-0.0019211099563255997,0
708,2017-11-13,12.231399536132812,12.231399536132812,12.115699768066404,12.18179988861084,11.670008659362793,9910396,11.727032232284547,11.695821189880371,46.39660433369842,49.76484116591918,12.303106530428826,12.217925673526501,12.132744816624177,12.300373399718312,60.83994723223943,69.85871588441205,36.358724446706916,60.83994723223943,0.0,0.11569976806640803,0.0,0.11569976806640803,73.4473089707794,55.67071875647306,-0.0032430116194834824,0.0014049114028245884,-0.00464792302230807,0
709,2017-11-14,12.115699768066404,12.231399536132812,12.115699768066404,12.231399536132812,11.717523574829102,6368828,11.724656343460083,11.698408813476563,50.90288319346292,51.90424820809455,12.282386206816295,12.21827286426253,12.154159521708767,12.291662449325283,56.413817995702196,65.5827386037619,63.64127555329504,56.413817995702196,0.11569976806640803,0.0,0.049599647521972656,0.06610012054443537,84.24494766588212,59.08009869757959,-0.002296162969441795,0.0006646965283713116,-0.002960859497813107,0
710,2017-11-15,12.214900016784668,12.247900009155273,12.18179988861084,12.247900009155273,11.733331680297852,6306307,11.720695161819458,11.699745388031006,52.338466244640834,52.60071681608874,12.270444305644588,12.221868156137688,12.173292006630788,12.283299936947975,57.57248296447167,58.27541606413777,72.71744889341286,57.57248296447167,0.03299999237060547,0.033100128173828125,0.016500473022460938,0.049599647521972656,89.21599892710526,59.06925402406398,-0.00021188583192710553,0.0004893800563116282,-0.0007012658882387337,0
711,2017-11-16,12.281000137329102,12.281000137329102,12.165300369262695,12.214900016784668,11.701717376708984,8995674,11.718319368362426,11.700449676513673,49.23777024736988,51.06704094835271,12.268639616627652,12.223805534085159,12.178971451542665,12.082599639892578,65.45694668810552,59.814415882759796,60.01211561760846,65.45694668810552,0.0,0.11569976806640625,0.033100128173828125,0.08259963989257812,85.73906723016566,55.41745408124196,-0.0012089685391423188,0.00014971033722083877,-0.0013586788763631577,0
712,2017-11-17,12.18179988861084,12.247900009155273,12.165300369262695,12.231399536132812,11.717523574829102,7410338,11.714362859725952,11.701783142089845,50.806942073644464,51.79576844104754,12.270391673969385,12.225557591426892,12.180723508884398,12.086567649841308,67.57440607837731,63.53461191031817,69.9936537241104,67.57440607837731,0.0661001205444336,0.01649951934814453,0.03299999237060547,0.049599647521972656,86.85737668328301,54.326088074227016,-0.0006601803014767427,-1.2267790518677533e-05,-0.0006479125109580652,0
713,2017-11-20,12.18179988861084,12.231399536132812,12.148799896240234,12.165300369262695,11.654202461242676,8287682,11.708030652999877,11.701850185394287,44.828478146465024,48.77788782279061,12.276422191020371,12.21957288247809,12.162723573935809,12.090456299591064,53.33737187253658,62.12290821300647,30.006346275890674,53.33737187253658,0.049599647521972656,0.03299999237060547,0.0,0.08259963989257812,82.07425391379527,49.46192158543937,-0.005495562597202408,-0.0011089267518554237,-0.004386635845346984,0
714,2017-11-21,12.165300369262695,12.1983003616333,12.132200241088867,12.1983003616333,11.68581485748291,15026535,11.706445217132568,11.701608390808106,48.11119753737384,50.277784647219235,12.268875589295668,12.212016953245111,12.155158317194555,12.094267176345825,48.1407183326074,56.3508320945071,44.422154997820904,48.1407183326074,0.03299999237060547,0.033100128173828125,0.03299999237060547,0.033100128173828125,84.43470311422857,52.66988921232847,-0.0065888620118990104,-0.0022049138038641412,-0.004383948208034869,0
715,2017-11-22,12.1983003616333,12.231399536132812,12.165300369262695,12.231399536132812,11.717523574829102,8670978,11.708030652999877,11.701374626159668,51.24481207069499,51.747519758053684,12.258821840171429,12.209347076040864,12.159872311910298,12.09800183556549,47.031580222213755,49.503223475785916,66.66623939292947,47.031580222213755,0.03309917449951172,0.03299999237060547,0.03309917449951172,0.03299999237060547,79.77325631079188,52.679771078073976,-0.004729958892262687,-0.0027099228215438503,-0.0020200360707188364,0
716,2017-11-23,12.214900016784668,12.297499656677244,12.18179988861084,12.297499656677244,11.78084659576416,11156426,11.711987113952636,11.702324924468995,56.84920253444729,54.5309581889356,12.306531487551435,12.218828430797537,12.131125374043638,12.101661801600763,70.3627981302502,55.17836556169046,100.0,70.3627981302502,0.08259963989257635,0.033100128173828125,0.06610012054443182,0.049599647521972656,77.79348083921789,53.182286012032286,0.002053293440253512,-0.0017572795691843778,0.00381057300943789,1
717,2017-11-24,12.314000129699707,12.46280002593994,12.247900009155273,12.36359977722168,11.844170570373535,18383663,11.716733980178834,11.705808162689209,61.60256554565101,57.09748350481151,12.386089644779782,12.243691490832873,12.101293336885965,12.109495315803821,78.88669834209192,65.42702556485197,69.99385563334612,78.88669834209192,0.1487998962402326,0.0661001205444336,0.1653003692626953,0.04959964752197088,88.32396666966382,64.76248229925989,0.012617352109554503,0.0011176467665633984,0.011499705342991105,1
718,2017-11-27,12.380200386047365,12.49590015411377,12.314000129699707,12.49590015411377,11.970911979675293,22197296,11.728612995147705,11.712776546478272,68.97017410991178,61.59675598357693,12.502834199341905,12.291224117009278,12.079614034676652,12.130693598411987,89.9979518777821,79.74914945004141,100.0,89.9979518777821,0.11569976806640447,0.06620025634765803,0.13230037689208984,0.049599647521972656,96.1108176454053,69.66423601815245,0.03130412498305368,0.007154942409861456,0.024149182573192228,1
719,2017-11-28,12.562000274658205,12.843000411987305,12.49590015411377,12.628100395202635,12.09755802154541,24194851,11.748405027389527,11.719743041992187,74.28073773008818,65.36111306078881,12.648992157162061,12.364134865117322,12.079277573072583,12.15991012286813,79.42788630124322,82.7708455070391,68.28980327038335,79.42788630124322,0.2810001373290998,0.06610012054443537,0.34710025787353516,0.0,115.39596102153436,99.99299473643674,0.05613390501373239,0.016950734930635643,0.03918317008309674,1
720,2017-11-29,12.562000274658205,12.661199569702148,12.36359977722168,12.628100395202635,12.09755802154541,12758725,11.765821266174317,11.727659854888916,74.28073773008819,65.3611130607888,12.714736656029858,12.445009673772766,12.175282691515674,12.228219151780047,78.59610468563477,82.67398095488672,67.4985107865208,78.59610468563477,0.09919929504394354,0.1984004974365252,0.033099174499513495,0.26450061798095525,111.634699692013,89.57788239309714,0.07494773375556285,0.028550134695621086,0.046397599059941765,1
721,2017-11-30,12.628100395202635,12.628100395202635,12.528900146484375,12.595000267028807,12.065848350524902,35403686,11.784027814865112,11.735260524749755,70.76397568311315,63.680310417880804,12.717990429177927,12.51484059006524,12.311690750952554,12.289697277800773,64.70488320556818,74.24295806414875,58.32633555980022,64.70488320556818,0.0,0.09920024871825994,0.0,0.09920024871825994,105.56544537858123,84.99784815720314,0.08619334167611292,0.040078776091719455,0.04611456558439347,1
722,2017-12-01,12.727299690246582,12.727299690246582,12.545499801635742,12.727299690246582,12.19258975982666,20607670,11.80778112411499,11.746028270721435,75.71330804448301,67.17874333783797,12.730765033595604,12.582335516413089,12.433905999230573,12.345027591219425,67.98442200202112,70.42846996440805,78.12841965974216,67.98442200202112,0.0,0.18179988861083984,0.1322994232177752,0.04950046539306463,95.91962281544937,91.9968178110278,0.10457554299105531,0.05297812947158663,0.051597413519468685,1
723,2017-12-04,12.595000267028807,12.793399810791016,12.595000267028807,12.776900291442873,12.240106582641602,12544138,11.837866735458373,11.757430229187012,77.26711280209402,68.3635363499689,12.786510926408662,12.648406020548293,12.510301114687925,12.394824873296214,74.22222663746471,68.97051061501803,86.2119246928516,74.22222663746471,0.1983995437622088,0.0,0.0661001205444336,0.1322994232177752,107.29712983846508,87.73043230275549,0.12174255160399383,0.06673101389806807,0.05501153770592576,1
724,2017-12-05,12.727299690246582,12.809900283813475,12.710700035095215,12.809900283813475,12.271719932556152,12683049,11.868742609024048,11.770096740722657,78.26349422350154,69.1323278087082,12.876743054715364,12.710238482806957,12.54373391089855,12.439642427165323,88.11344811753132,76.77336558567241,100.0,88.11344811753132,0.08260059356689275,0.016599655151367188,0.032999992370601916,0.06620025634765803,111.57655212117365,89.61362608487853,0.13643758564535702,0.08067232824752586,0.055765257397831156,1
725,2017-12-06,12.793399810791016,12.892600059509276,12.661199569702148,12.727299690246582,12.19258975982666,17387522,11.890120029449463,11.781814861297608,69.99384387682571,65.0302676790664,12.898706680411085,12.752320306316498,12.605933932221912,12.479978225647521,80.25408865505659,80.86325447001757,54.55034127231801,80.25408865505659,0.09920024871825994,0.1322002410888672,0.08269977569580078,0.14870071411132635,103.88219597334589,89.18192543775275,0.13980672353402035,0.09249920730482476,0.04730751622919559,1
726,2017-12-07,12.595000267028807,12.727299690246582,12.578499794006348,12.661199569702148,12.129267692565918,13373417,11.909916830062866,11.79100004196167,64.15217479378708,61.97838164609498,12.8680419688852,12.766934369843007,12.665826770800814,12.529492845710932,62.627861006915815,76.99846592650127,33.33324174842926,62.627861006915815,0.1322994232177752,0.01650047302245916,0.0,0.14879989624023438,108.83133029658305,78.98933024087417,0.1355801783773316,0.10111540151932613,0.034464776858005475,1
727,2017-12-08,12.694199562072756,12.727299690246582,12.562000274658205,12.727299690246582,12.19258975982666,26901510,11.933670139312744,11.80176778793335,67.10845792784193,63.74295393813646,12.87036181544868,12.769254216406488,12.668146617364295,12.892600059509276,45.96114626226281,62.94769864141177,49.99985576604098,45.96114626226281,0.03310012817382635,0.13219928741455078,0.0661001205444336,0.09919929504394354,100.01085747854661,81.8208563097953,0.13599665343045153,0.1080916519015512,0.027905001528900325,1
728,2017-12-11,12.562000274658205,12.727299690246582,12.562000274658205,12.628100395202635,12.09755802154541,15390631,11.955047607421875,11.811269092559815,59.21586727786846,59.44896417321315,12.88009868820742,12.754672167573453,12.629245646939486,12.885988063812254,34.44236579392477,47.677124354367834,19.9939998673039,34.44236579392477,0.16529941558837713,0.0,0.0,0.16529941558837713,109.27095815660992,73.85049028527699,0.1268597980590993,0.11184528113306083,0.015014516926038474,1
729,2017-12-12,12.562000274658205,12.661199569702148,12.44629955291748,12.595000267028807,12.065848350524902,20006511,11.972463846206665,11.82013620376587,56.814761707601704,58.09476315728016,12.832080696540553,12.726251212236228,12.620421727931904,12.879508308029173,34.43745783957484,38.28032329858751,33.31851788537946,34.43745783957484,0.09919929504394354,0.11570072174072443,0.033099174499513495,0.18180084228515447,119.25035425028105,72.73341603352075,0.11561513136899926,0.11259925118024852,0.003015880188750736,1
730,2017-12-13,12.545499801635742,12.611599922180176,12.512399673461914,12.611599922180176,12.081750869750975,8467633,11.98988480567932,11.82900333404541,57.740225041928184,58.58540068953444,12.788162493048619,12.69462682242414,12.601091151799663,12.862179957824706,37.379414396547546,35.41974601001575,58.825725436959104,37.379414396547546,0.0661001205444336,0.033100128173828125,0.016599655151368964,0.08260059356689275,123.30661925463747,67.89422147536548,0.10681184498434071,0.11144176994106696,-0.004629924956726247,0
731,2017-12-14,12.611599922180176,12.661199569702148,12.512399673461914,12.611599922180176,12.081750869750975,11688027,12.008886480331421,11.838188495635986,57.740225041928184,58.58540068953444,12.761009432947608,12.666092410668114,12.57117538838862,12.845544741628418,50.32332291976595,40.71339838529615,58.825725436959104,50.32332291976595,0.049599647521972656,0.09920024871826172,0.049599647521972656,0.09920024871826172,111.01708641661547,61.982754137154494,0.098697454284288,0.10889290680971117,-0.010195452525423171,0
732,2017-12-15,12.628100395202635,12.628100395202635,12.512399673461914,12.545499801635742,12.018427848815918,17045884,12.023931694030761,11.844840755462647,52.540469689165114,55.788228085227466,12.692509643133596,12.63565494719981,12.578800251266026,12.82957493407998,50.984671078680975,46.22913613166486,35.302562362124554,50.984671078680975,0.0,0.11570072174072088,0.01650047302245916,0.09920024871826172,109.01426196080952,61.12083403450592,0.08594232427034143,0.10430279030183723,-0.018360466031495798,0
733,2017-12-18,12.479299545288086,12.578499794006348,12.479299545288086,12.49590015411377,11.970911979675293,8040865,12.039767169952393,11.850542697906494,48.976347629332906,53.789744159513255,12.690580010662472,12.600430201900316,12.51028039313816,12.81424391883348,39.0696894373333,46.792561145260116,23.080780512916096,39.0696894373333,0.09920024871826172,0.0,0.03299999237060547,0.06620025634765625,118.86734842163777,62.2386856578491,0.07101292204375476,0.09764481665022073,-0.026631894606465978,0
734,2017-12-19,12.479299545288086,12.562000274658205,12.479299545288086,12.479299545288086,11.955008506774902,12566007,12.053226852416993,11.856558818817138,47.80740875527965,53.129144302069065,12.674993924092833,12.563540771119634,12.452087618146434,12.79952614419684,19.46111429168027,36.50515826923155,0.0,19.46111429168027,0.08270072937011896,0.0,0.06610012054443537,0.016600608825683594,132.32470686137484,67.88084950126603,0.057182567777072535,0.0895523668755911,-0.03236979909851856,0
735,2017-12-20,12.46280002593994,12.562000274658205,12.46280002593994,12.545499801635742,12.018427848815918,9820649,12.068272066116332,11.862893028259277,52.659740481818815,55.394574620406765,12.630510178573052,12.53791293793006,12.445315697287066,12.785397080545666,21.58807701765498,26.706293582222887,41.68345054004869,21.58807701765498,0.09920024871826527,0.0,0.08270072937011896,0.016499519348146308,131.31648831553832,70.89517764017029,0.050976099068490655,0.08183711331417101,-0.030861014245680357,0
736,2017-12-21,12.46280002593994,12.562000274658205,12.46280002593994,12.479299545288086,11.955008506774902,12124209,12.07698016166687,11.867008533477783,47.86721462683246,52.750529183640225,12.577203834158505,12.51653910798985,12.455874381821195,12.771833179440538,17.221662882183992,19.423618063839786,9.981538106503123,17.221662882183992,0.09920024871826527,0.0,0.016500473022462714,0.08269977569580256,138.15608143513649,69.85139193071767,0.04025162479821098,0.07352001561097901,-0.03326839081276803,0
737,2017-12-22,12.46280002593994,12.611599922180176,12.46280002593994,12.578499794006348,12.050041198730467,7216333,12.087273693084716,11.87207628250122,54.5432699141645,56.013174537467734,12.589759939318808,12.51039313311864,12.431026326918472,12.758811834379616,43.140087780279295,27.316609226706124,77.7552746942859,43.140087780279295,0.14879989624023615,0.0,0.13230037689208984,0.016499519348146308,158.90258075641205,76.51341856861076,0.03930396109619316,0.06667680470802184,-0.02737284361182868,0
738,2017-12-27,12.578499794006348,12.64459991455078,12.562000274658205,12.595000267028807,12.065848350524902,5878862,12.092020511627197,11.878092422485352,55.562618514271044,56.530934051366756,12.615391057548363,12.518205707396696,12.421020357245029,12.74631134312113,53.48475389806703,37.94883485351014,72.71744889341188,53.48475389806703,0.06610012054443182,0.016499519348142755,0.06610012054443182,0.016499519348142755,158.9025807564121,79.23217907242027,0.0394298581964474,0.061227415405706954,-0.021797557209259556,0
739,2017-12-28,12.611599922180176,12.694199562072756,12.595000267028807,12.694199562072756,12.160880088806152,6274609,12.095186614990235,11.886009197235108,61.196358006687554,59.50286735726448,12.685356599815783,12.545104282094137,12.40485196437249,12.734310871512983,83.49090786256598,60.03858318030414,100.0,83.49090786256598,0.0825996398925799,0.016599655151368964,0.09919929504394887,0.0,162.91674985026907,87.1998884980379,0.046992486489935814,0.05838042962255273,-0.011387943132616915,0
740,2017-12-29,12.661199569702148,12.694199562072756,12.64459991455078,12.661199569702148,12.129267692565918,8312994,12.09677209854126,11.892343444824219,58.53772982426656,58.131810051194655,12.726650149161342,12.577891668608686,12.42913318805603,12.722790418769163,86.15213457453753,74.37593211172356,85.73895483020057,86.15213457453753,0.032999992370607245,0.016599655151368964,0.0,0.04959964752197621,164.76456436376935,84.92481270137262,0.04974961768188102,0.05665426723441839,-0.006904649552537369,0
741,2018-01-02,12.661199569702148,12.67770004272461,12.611599922180176,12.64459991455078,12.113365173339846,8622608,12.099147939682007,11.899626083374024,57.191689260934076,57.44133967112598,12.691665673996388,12.606460203087664,12.52125473217894,12.711730784135096,88.10143971864987,85.91482738525117,78.56536432574887,88.10143971864987,0.016500473022460938,0.049599647521972656,0.016500473022460938,0.049599647521972656,161.7776801246498,83.46275355044492,0.05001862697766235,0.055327139183067184,-0.005308512205404833,0
742,2018-01-03,12.595000267028807,12.727299690246582,12.595000267028807,12.710700035095215,12.176688194274902,10361744,12.098352861404418,11.90722677230835,61.0339677302605,59.431159549451685,12.716367163654972,12.635387294672036,12.5544074256891,12.44629955291748,84.75404834155772,86.33587421158177,89.95782586872353,84.75404834155772,0.1322994232177752,0.0,0.08269977569580256,0.049599647521972656,168.9561772958978,84.25340168113868,0.05493232049240149,0.055248175444934045,-0.00031585495253255713,0
743,2018-01-04,12.710700035095215,12.809900283813475,12.694199562072756,12.776900291442873,12.240106582641602,10838451,12.098352861404418,11.916411972045898,64.47315371857606,61.309927747180915,12.762193840444809,12.670082262872604,12.5779706853004,12.451919555664062,84.38907180623066,85.74818662214615,84.64402522421939,84.38907180623066,0.09920024871825994,0.01650047302245916,0.09920024871825994,0.01650047302245916,171.4190551993291,82.40415030981549,0.0634370031485787,0.05688594098566298,0.006551062162915719,1
744,2018-01-05,12.809900283813475,12.809900283813475,12.760299682617188,12.809900283813475,12.271719932556152,8703673,12.098352861404418,11.927495899200439,66.08032145419209,62.21452461623665,12.837592121221244,12.70938391896513,12.581175716709017,12.46623878479004,91.53395036431436,86.89235683736764,100.0,91.53395036431436,0.0,0.049600601196287286,0.032999992370601916,0.01660060882568537,165.0605767633504,78.85798358109314,0.07200976526889491,0.05991070584230936,0.012099059426585547,1
745,2018-01-08,12.776900291442873,12.809900283813475,12.760299682617188,12.809900283813475,12.271719932556152,8962374,12.102309370040894,11.939214000701904,66.08032145419209,62.21452461623665,12.8751882575159,12.74696165095125,12.618735044386598,12.479985244750978,94.88134174140652,90.2681213039839,100.0,94.88134174140652,0.032999992370601916,0.01660060882568537,0.0,0.049600601196287286,152.4871849783217,60.31674958085112,0.07790569268203384,0.06350970321025426,0.014395989471779586,1
746,2018-01-09,12.809900283813475,12.843000411987305,12.776900291442873,12.843000411987305,12.30342960357666,11284666,12.11101746559143,11.951248245239258,67.776115200516,63.144074316950075,12.871767434428214,12.782051701798643,12.692335969169072,12.493181846313478,100.00000000000006,95.47176403524037,100.0,100.00000000000006,0.0331001281738299,0.032999992370601916,0.0331001281738299,0.032999992370601916,168.57041372524284,67.85844527773254,0.0842776609348892,0.06766329475518125,0.01661436617970795,1
747,2018-01-10,12.776900291442873,12.809900283813475,12.661199569702148,12.743800163269045,12.208396911621096,17531806,12.111807823181152,11.960431518554687,58.35942497157753,58.65911225874929,12.867428301483491,12.800003413970416,12.73257852645734,12.514170960253907,81.81155314952407,92.2309649636436,45.43465944857205,81.81155314952407,0.032999992370601916,0.11570072174072443,-0.0331001281738299,0.18180084228515625,169.01218477699226,63.248988068852604,0.0803961044154704,0.07020985668723909,0.010186247728231318,1
748,2018-01-11,12.743800163269045,12.760299682617188,12.64459991455078,12.710700035095215,12.176688194274902,12329877,12.115764331817626,11.96929864883423,55.58441238550669,57.2520379508299,12.896117381622044,12.798915928883503,12.70171447614496,12.53390072735791,59.58372297747238,80.46509204233222,33.31650948384489,59.58372297747238,0.016499519348142755,0.09920024871826527,0.016499519348142755,0.09920024871826527,183.31908637676295,55.827152339211224,0.07379833789305223,0.07092755292840172,0.0028707849646505135,1
749,2018-01-12,12.67770004272461,12.776900291442873,12.64459991455078,12.661199569702148,12.129267692565918,12578730,12.118935298919677,11.977849655151367,51.630454370926294,55.1985554946562,12.911691940281475,12.780127912317674,12.648563884353873,12.552446708435674,29.039303208007457,56.811526445001356,8.366740691605239,29.039303208007457,0.0992002487182635,0.0331001281738299,0.06620025634765803,0.06610012054443537,169.09761692279997,57.759634206505915,0.0638393858239823,0.06950991950751784,-0.005670533683535539,0
750,2018-01-15,12.64459991455078,12.727299690246582,12.611599922180176,12.67770004272461,12.145074844360352,10100112,12.122101497650146,11.985766487121582,52.83485877905123,55.74723932507707,12.883517093102562,12.754633206714836,12.62574932032711,12.569879930648773,23.416165591445033,37.34639725897501,28.565246598884773,23.416165591445033,0.08269977569580256,0.03299999237060369,0.0661001205444336,0.049599647521972656,166.67491632588082,60.00521736076829,0.05662555073093145,0.06693304575220056,-0.010307495021269111,0
751,2018-01-16,12.67770004272461,12.727299690246582,12.67770004272461,12.727299690246582,12.19258975982666,7180054,12.12764344215393,11.995583934783935,56.353018586524584,57.374547303183135,12.796737152396622,12.735449073566592,12.674160994736562,12.586267159529084,31.759234806842603,28.071567868765083,58.345717130037606,31.759234806842603,0.049599647521972656,0.0,0.049599647521972656,0.0,183.60704264380075,63.20832297007629,0.05428504724689098,0.06440344605113865,-0.010118398804247669,0
752,2018-01-17,12.710700035095215,12.776900291442873,12.694199562072756,12.776900291442873,12.240106582641602,11514750,12.138727378845214,12.006035594940185,59.598603093559014,58.940416999062805,12.811129893023532,12.730149400915835,12.649168908808138,12.601671154676577,62.30365457630753,39.159684991531776,100.0,62.30365457630753,0.06620025634765803,0.01650047302245916,0.04960060119629084,0.03310012817382635,177.0522051056052,70.7075515951572,0.05578942954432087,0.0626806427497751,-0.00689121320545423,0
753,2018-01-18,12.710700035095215,12.760299682617188,12.694199562072756,12.727299690246582,12.19258975982666,12517844,12.149811267852783,12.01711950302124,55.179810701967234,56.77741702890251,12.81131128517995,12.729258859806073,12.647206434432196,12.61615091011522,76.11312361804904,56.72533766706645,69.99365372410932,76.11312361804904,0.049599647521972656,0.01650047302245916,-0.01660060882568537,0.08270072937011719,201.84730169175862,66.32295365966971,0.05237555655320847,0.06061962551046177,-0.008244068957253305,0
754,2018-01-19,12.661199569702148,12.809900283813475,12.661199569702148,12.727299690246582,12.19258975982666,11457125,12.16169033050537,12.02788724899292,55.179810701967234,56.77741702890251,12.79201825187456,12.729278505791044,12.666538759707526,12.629761880227544,76.11312361804904,71.50996727080194,58.345717130037606,76.11312361804904,0.14870071411132635,0.0,0.08260059356689275,0.0661001205444336,199.98792822743766,76.07981775577005,0.049103997297457624,0.058316499867860944,-0.00921250257040332,0
755,2018-01-22,12.694199562072756,12.727299690246582,12.67770004272461,12.694199562072756,12.160880088806152,14751805,12.168812942504882,12.035804023742676,52.185276910099944,55.32041023136568,12.77823717424628,12.725311679428785,12.67238618461129,12.64255619213313,50.17719756860664,67.46781493490163,22.192221851672787,50.17719756860664,0.03310012817382635,0.016499519348146308,0.0,0.049599647521972656,216.65973597677194,80.93897648610034,0.04334075406842963,0.055321350707974684,-0.011980596639545052,0
756,2018-01-23,12.67770004272461,12.727299690246582,12.67770004272461,12.710700035095215,12.176688194274902,12008772,12.179896926879882,12.044671154022216,53.538940940282274,55.90540723054623,12.77575114075757,12.720387725343052,12.665024309928533,12.65458284532438,37.942197476087294,54.744172887581044,33.28865344655128,37.942197476087294,0.049599647521972656,0.0,0.03310012817382635,0.016499519348146308,223.92091203250953,86.23172835090736,0.039647757887154356,0.05218663214381062,-0.012538874256656264,0
757,2018-01-24,12.694199562072756,12.727299690246582,12.67770004272461,12.694199562072756,12.160880088806152,13613247,12.185438871383667,12.053538284301759,51.95492110006187,55.15648740192627,12.743668805865111,12.714063124619358,12.684457443373605,12.665887899324156,25.89103238329902,38.003475809331036,22.192221851672787,25.89103238329902,0.03310012817382635,0.016499519348146308,0.016599655151367188,0.03299999237060547,248.81160448170837,88.1487621372482,0.03498628145972482,0.04874656200699346,-0.01376028054726864,0
758,2018-01-25,12.694199562072756,12.809900283813475,12.694199562072756,12.760299682617188,12.224203109741213,11081860,12.193356609344482,12.064622173309326,57.39291979004578,57.520433954991304,12.764694768394468,12.715219290598391,12.665743812802313,12.676514650083945,40.70829378415221,34.84717454784623,66.64400605423235,40.70829378415221,0.1157007217407191,0.0,0.1157007217407191,0.0,320.6223984008165,104.27768616291308,0.03620836759038504,0.046238923123671775,-0.010030555533286738,0
759,2018-01-26,12.793399810791016,12.809900283813475,12.760299682617188,12.793399810791016,12.255913734436035,8412793,12.198108291625976,12.075389976501464,59.84405832695455,58.65238065692068,12.80565208083675,12.726295308520818,12.646938536204885,12.67770004272461,58.78493453365405,41.794753567035144,87.5185756950568,58.78493453365405,0.01650047302245916,0.033100128173828125,0.049600601196287286,0.0,288.8923076429979,112.12669263992703,0.03939367757453738,0.044869874013844895,-0.005476196439307517,0
760,2018-01-29,12.809900283813475,12.843000411987305,12.760299682617188,12.776900291442873,12.240106582641602,12638872,12.20365023612976,12.08552547454834,58.05126077667825,57.85542693537118,12.81727080474187,12.740697309335452,12.664123813929034,12.687618064880372,71.39156578896616,56.96159803559086,60.012115617609105,71.39156578896616,0.0331001281738299,0.049600601196287286,0.04960060119628906,0.033100128173828125,258.9726028410444,108.96643238858455,0.040124159037773666,0.04392073101863065,-0.0037965719808569845,0
761,2018-01-30,12.776900291442873,12.892600059509276,12.760299682617188,12.85949993133545,12.319235801696776,13467399,12.213943767547608,12.097875843048095,63.88406054540329,60.632353731398226,12.87062017879864,12.763999665478813,12.657379152158986,12.696941005706789,77.37604002518434,69.18418011593491,84.59742876288685,77.37604002518434,0.1156997680664027,0.01660060882568537,0.1156997680664027,0.01660060882568537,254.96664388124876,111.9358121721622,0.04682836326350248,0.044502257467605014,0.002326105795897468,1
762,2018-01-31,12.892600059509276,12.909099578857422,12.776900291442873,12.776900291442873,12.240106582641602,20959684,12.217114686965942,12.108327503204345,55.563835792287854,56.754283373256975,12.850911908299022,12.781576129953706,12.71224035160839,12.712593730010987,61.030965376842154,69.93285706366427,38.48335175003027,61.030965376842154,0.016499519348146308,0.1156997680664027,0.049599647521972656,0.08259963989257635,206.3571959850057,114.93456896113582,0.044958143297773034,0.044593434633638615,0.0003647086641344194,1
763,2018-02-01,12.743800163269045,12.82639980316162,12.727299690246582,12.793399810791016,12.255913734436035,11309894,12.217905044555664,12.120361728668213,56.77493475031302,57.31980428640594,12.85429408489035,12.793010756720605,12.73172742855086,12.909099578857422,53.146501653207764,63.85116901841147,36.35872444670594,53.146501653207764,0.08259963989257457,0.016500473022462714,0.04949951171874645,0.04960060119629084,193.7233188469878,104.33968669105704,0.044296728705127464,0.044534093447936386,-0.00023736474280892234,0
764,2018-02-02,12.727299690246582,12.843000411987305,12.727299690246582,12.760299682617188,12.224203109741213,7601716,12.215529203414917,12.13112949371338,53.617835722544385,55.801710766493684,12.86489395328903,12.795558174943714,12.726222396598398,12.909099578857422,30.997966101106442,48.39181104371884,18.151822106582877,30.997966101106442,0.11570072174072266,0.0,0.04960060119628906,0.0661001205444336,204.22057399413353,98.60514832317945,0.04063325429867426,0.04375392561808396,-0.0031206713194096986,0
765,2018-02-05,12.727299690246582,12.727299690246582,12.578499794006348,12.67770004272461,12.145074844360352,25303743,12.209196949005127,12.139680519104004,46.64725188157669,52.222613161234975,12.899409043556263,12.782258149874465,12.665107256192668,12.905463581085206,28.172230306647773,37.43889935365405,30.00614436665426,28.172230306647773,0.0,0.14879989624023438,-0.03299999237060547,0.18179988861083984,165.44160760418947,75.90378195098147,0.030710808726135852,0.041145302239694335,-0.010434493513558483,0
766,2018-02-06,12.479299545288086,12.562000274658205,12.347100257873535,12.44629955291748,11.923395156860352,40336746,12.190195226669312,12.142531490325927,33.505464053849465,44.019803243812525,12.989672737630691,12.732422364806851,12.47517199198301,12.892385029602051,21.936369304723247,27.03552190415921,17.651141440932363,21.936369304723247,0.08270072937011896,0.13219928741455078,-0.11569976806640447,0.3305997848510742,151.62928165690053,56.001243870790915,0.004127533848777176,0.0337417485615109,-0.029614214712733726,0
767,2018-02-07,12.479299545288086,12.545499801635742,12.330599784851074,12.330599784851074,11.812555313110352,33819967,12.170403146743775,12.141899185180664,29.09220240594034,40.704588336564285,13.01213457049353,12.648460759729467,12.284786948965404,12.85966794329834,15.88576193586229,21.998120515744493,0.0,15.88576193586229,0.06620025634765625,0.14869976043701172,0.09920024871826172,0.11569976806640625,142.68144706227653,58.658611679729965,-0.02597646681369703,0.021798105486469314,-0.047774572300166344,0
768,2018-02-08,12.314000129699707,12.396699905395508,12.314000129699707,12.36359977722168,11.844170570373535,20932513,12.153777265548706,12.139364356994628,31.849591178105168,41.99673296897225,12.901621290986688,12.557195963170678,12.212770635354667,12.81734249062256,9.009083760359855,15.610405000315188,9.376109840146963,9.009083760359855,0.08269977569580078,0.0,0.0661001205444336,0.016599655151367188,138.26828726056266,58.82216529685563,-0.04663371618278056,0.008111741152619338,-0.0547454573353999,0
769,2018-02-09,12.148799896240234,12.231399536132812,12.099200248718262,12.1983003616333,11.68581485748291,36297301,12.131604623794555,12.13112949371338,26.327166243691625,37.72635629618657,12.774506430321434,12.456977690582526,12.139448950843619,12.767008254530275,8.384628081271845,11.093157925831386,15.777774403668332,8.384628081271845,0.08259963989257812,0.049599647521972656,-0.1322002410888672,0.26439952850341797,132.87795549803909,39.31752687938645,-0.07547301062221479,-0.008605209202347487,-0.0668678014198673,0
770,2018-02-12,12.1983003616333,12.281000137329102,12.148799896240234,12.148799896240234,11.638394355773926,19374982,12.106270599365235,12.12194622039795,24.93299080280407,36.571520157149614,12.57433450310277,12.356053270946305,12.137772038789839,12.686871293832834,11.95705999872447,9.783590613452112,10.717295752357872,11.95705999872447,0.08269977569580078,0.049500465393066406,0.08269977569580078,0.049500465393066406,140.03783694666413,41.18667834212311,-0.10115656321298694,-0.027115480004475376,-0.07404108320851156,0
771,2018-02-13,12.148799896240234,12.247900009155273,12.148799896240234,12.148799896240234,11.638394355773926,25078751,12.078560829162598,12.11339714050293,24.93299080280407,36.571520157149614,12.450197122368152,12.267244887045557,12.084292651722961,12.616350768419085,12.536201009409325,10.959296363135268,11.11353287220153,12.536201009409325,0.09910011291503906,0.0,0.09910011291503906,0.0,147.8732417100367,47.42090770360177,-0.12012622335432788,-0.04571762867444588,-0.074408594679882,0
772,2018-02-14,12.165300369262695,12.26449966430664,12.165300369262695,12.26449966430664,11.74923324584961,16982098,12.054017162322998,12.104530010223389,34.35626799777301,41.10341840982097,12.374190697457186,12.211474493275134,12.048758289093081,12.554292706054987,25.797907171596396,16.763722726576784,55.56289289022955,25.797907171596396,0.09919929504394531,0.0,0.11569976806640625,-0.016500473022460938,158.24957582960675,53.09995093261119,-0.12438992175772334,-0.06145208729110137,-0.06293783446662198,0
773,2018-02-15,12.231399536132812,12.297499656677244,12.18179988861084,12.231399536132812,11.717523574829102,20416240,12.03026385307312,12.09407835006714,33.07699522856502,40.250204793736174,12.273161686757216,12.18204208417496,12.090922481592703,12.49968161117458,44.44764404009322,27.593917407033036,66.66650635784835,44.44764404009322,0.06610012054443182,0.049599647521972656,0.03299999237060369,0.08269977569580078,171.4751533736699,59.812381646657784,-0.12895334330407593,-0.07495233849369629,-0.054001004810379644,0
774,2018-02-20,12.231399536132812,12.545499801635742,12.1983003616333,12.49590015411377,11.970911979675293,30532536,12.019179964065552,12.088062191009522,49.317368703366135,49.019646517128784,12.456662632515053,12.20179707303879,11.946931513562527,12.099200248718262,69.90877804106312,46.71810975091764,87.4969348751112,69.90877804106312,0.3141002655029297,0.03309917449951172,0.3141002655029297,0.03309917449951172,213.61932817325902,79.61372404923655,-0.10995935540824675,-0.08195374187660638,-0.02800561353164037,0
775,2018-02-21,12.512399673461914,12.578499794006348,12.44629955291748,12.528900146484375,12.00252628326416,10822204,12.011262273788452,12.084260921478272,50.917761211169264,49.9697251762119,12.559574791130078,12.257774980446428,11.955975169762777,12.108126239776611,80.87352786093736,65.07664998069795,88.4571423498523,80.87352786093736,0.0661001205444336,0.0661001205444336,0.08259963989257812,0.04960060119628906,203.34311194444226,81.36541623515241,-0.09119244976903751,-0.08380148345509261,-0.007390966313944897,0
776,2018-02-22,12.396699905395508,12.578499794006348,12.396699905395508,12.578499794006348,12.050041198730467,14476366,12.00492992401123,12.082676391601563,53.30433540981524,51.38192163627022,12.61986056850766,12.333514454659614,12.047168340811568,12.126941181945801,91.98469240832124,80.92233277010729,100.0,91.98469240832124,0.18179988861083984,0.0,0.049599647521972656,0.1322002410888672,220.38786619799495,76.63262907254018,-0.07149313643435384,-0.08133981405094486,0.009846677616591012,1
777,2018-02-23,12.67770004272461,12.694199562072756,12.595000267028807,12.661199569702148,12.129267692565918,11100740,12.003349304199219,12.081409950256347,57.054047917578124,53.644473240749726,12.710189993754275,12.420166005763534,12.130142017772792,12.145003526428223,94.0056195680496,88.95461327910279,93.55971635429624,94.0056195680496,0.016499519348146308,0.08269977569580256,0.11569976806640803,-0.01650047302245916,200.02857959416875,81.1266881980969,-0.048647331784046344,-0.07480131759756516,0.026153985813518812,1
778,2018-02-26,12.793399810791016,12.892600059509276,12.67770004272461,12.892600059509276,12.350945472717285,24540104,12.009686422348022,12.086477699279785,65.42104605577002,59.159389517888194,12.813852605449599,12.52991128270407,12.245969959958542,12.177955288566896,97.8532387847655,94.61451692037883,100.0,97.8532387847655,0.09920024871825994,0.11569976806640625,0.23140048980712713,-0.016500473022460938,185.73064150128312,94.16788401302951,-0.01173451320692287,-0.0621879567194367,0.05045344351251383,1
779,2018-02-27,12.809900283813475,12.892600059509276,12.809900283813475,12.85949993133545,12.319235801696776,17411550,12.01285252571106,12.091545448303222,63.51480992968466,58.13343704274504,12.934389061908055,12.640460838735976,12.346532615563897,12.235126870242286,95.62831992430252,95.82905942570592,93.32524341861111,95.62831992430252,0.08269977569580078,0.0,0.0,0.08269977569580078,191.32000277615234,95.14295332500858,0.014679046829172648,-0.04681455600971483,0.06149360283888748,1
780,2018-02-28,12.809900283813475,12.82639980316162,12.694199562072756,12.793399810791016,12.255913734436035,25332921,12.013642883300781,12.095028705596924,59.76950726886173,56.11802632469687,12.966577193031082,12.727816063296991,12.489054933562901,12.287724725383645,91.10705546976341,94.86287139294386,79.99592299067893,91.10705546976341,0.01649951934814453,0.1157007217407191,-0.0331001281738299,0.16530036926269354,163.17479236573897,83.48333423312596,0.029933204798874513,-0.03146500384799696,0.061398208646871476,1
781,2018-03-01,12.628100395202635,12.843000411987305,12.611599922180176,12.82639980316162,12.28752613067627,10248477,12.012057399749756,12.09914421081543,61.00573828095224,56.891765172611464,12.950877810478243,12.791123065108735,12.631368319739227,12.336114752113696,83.69214703452529,90.14250747619712,77.75527469428565,83.69214703452529,0.21490001678466975,0.01650047302245916,0.04960060119628906,0.18179988861083984,177.64687930119527,80.34141968417177,0.04417582704630796,-0.016336837669135976,0.060512664715443934,1
782,2018-03-02,12.67770004272461,12.776900291442873,12.67770004272461,12.760299682617188,12.224203109741213,18096211,12.011262226104737,12.103259716033936,57.21320458446142,54.881592206085614,12.91855851529358,12.82502217011664,12.7314858249397,12.380633576705343,70.22307867851686,81.67409372760191,52.918038350585775,70.22307867851686,0.0992002487182635,0.0,-0.04949951171874645,0.14869976043700994,181.595343530053,71.20332360057292,0.0495582043529037,-0.003157829264728039,0.05271603361763174,1
783,2018-03-05,12.661199569702148,12.776900291442873,12.628100395202635,12.64459991455078,12.113365173339846,17573805,12.004134798049927,12.106108779907226,51.2119560322631,51.57382859574985,12.970489029577285,12.822640220397439,12.674791411217592,12.421590895329658,47.47235894413854,67.12919488572696,11.743763787543987,47.47235894413854,0.11570072174072443,0.033099174499513495,0.01660060882568537,0.13219928741455256,185.7166833879431,67.94146351775532,0.04398078964077534,0.006269894516372637,0.037710895124402705,1
784,2018-03-06,12.710700035095215,12.760299682617188,12.694199562072756,12.743800163269045,12.208396911621096,9473605,12.00334448814392,12.11117654800415,55.519954032114214,54.036978493627544,12.931453194011134,12.808471154413219,12.685489114815304,12.459271628464027,40.59743177863343,52.76428980042967,57.13049319777031,40.59743177863343,0.049599647521972656,0.01650047302245916,0.11569976806640803,-0.04959964752197621,178.2129830782541,69.53413790383456,0.04702322485363197,0.014420560583824505,0.03260266426980747,1
785,2018-03-07,12.710700035095215,12.743800163269045,12.67770004272461,12.710700035095215,12.176688194274902,9609114,12.004925155639649,12.11434175491333,53.812534602071935,53.10237178333338,12.908272211323409,12.788904616694822,12.669537022066235,12.493937902947646,37.233496659912795,41.76776246089498,42.82623299442386,37.233496659912795,0.0331001281738299,0.03299999237060547,0.0,0.06610012054443537,179.5144190367987,65.15433898367306,0.04623055589424219,0.02078255964590804,0.025447996248334145,1
786,2018-03-08,12.743800163269045,12.85949993133545,12.743800163269045,12.793399810791016,12.255913734436035,10089657,12.021551084518432,12.120359859466554,57.342404590474786,55.11391942884909,12.879686921598102,12.778525083092646,12.67736324458719,12.525830875472577,57.13045395548151,44.98712746467597,71.43463567425013,57.13045395548151,0.11569976806640447,0.0,0.14879989624023438,-0.0331001281738299,193.36081931722595,71.8817473303673,0.05167980812237083,0.026962009341200598,0.024717798781170232,1
787,2018-03-09,12.809900283813475,12.892600059509276,12.793399810791016,12.87600040435791,12.335042953491213,15350402,12.047675466537475,12.126059894561768,60.582653123776474,57.02324084857795,12.94264920534821,12.786743345863727,12.630837486379242,12.555172410195514,69.32833288085683,54.56409449875044,93.72412997389628,69.32833288085683,0.08269977569580078,0.01650047302245916,0.09920024871825994,0.0,190.71407522761,71.66419134754447,0.06194944273809533,0.033959496020579544,0.027989946717515785,1
788,2018-03-12,12.925600051879885,12.958700180053713,12.892600059509276,12.909099578857422,12.36675262451172,12533034,12.073804569244384,12.132077980041505,61.83377801354064,57.769758445784944,12.96193592444684,12.810575566232849,12.659215208018859,12.582166622140615,82.50243825807597,69.65374169813816,82.34854912608127,82.50243825807597,0.033100128173828125,0.03299999237060902,0.08269977569580256,-0.01659965515136541,205.78330277528642,76.87398219876073,0.07192986619780406,0.04155357005602445,0.030376296141779613,1
789,2018-03-13,12.925600051879885,13.14050006866455,12.87600040435791,13.14050006866455,12.588430404663086,22405889,12.118935346603394,12.140628986358642,69.194995679191,62.49303142620932,13.156925941778407,12.8675006876882,12.578075433597991,12.619819977931925,92.02422636665925,81.28499916853075,99.99999999999999,92.02422636665925,0.2149000167846662,0.04959964752197443,0.2314004898071289,0.03309917449951172,211.17769590261784,86.68474262673,0.09738887104460936,0.05272063025374143,0.04466824079086793,1
790,2018-03-14,13.074399948120115,13.206600189208984,13.074399948120115,13.206600189208984,12.651752471923828,12462479,12.169603252410889,12.151078681945801,70.92034614204925,63.6958575488048,13.26862411863886,12.949075359937623,12.629526601236387,12.68230158881984,94.11618304202716,89.54761588892086,100.0,94.11618304202716,0.13220024108886896,0.0,0.0661001205444336,0.06610012054443537,212.56432841574818,87.51662465825115,0.1214984842182183,0.0664762010466368,0.05502228317158149,1
791,2018-03-15,13.14050006866455,13.206600189208984,13.14050006866455,13.206600189208984,12.651752471923828,8655205,12.220271158218384,12.16184642791748,70.92034614204927,63.6958575488048,13.325928384074727,13.03501370843744,12.744099032800152,12.75570339287432,100.00000000000007,95.38013646956222,100.0,100.00000000000007,0.0661001205444336,0.0,0.0,0.0661001205444336,249.29433867896148,94.7049716557517,0.13900318417796242,0.08098159767290193,0.05802158650506049,1
792,2018-03-16,13.074399948120115,13.305800437927244,13.074399948120115,13.272700309753418,12.715076446533205,23469739,12.268563318252564,12.172614192962646,72.69410629379608,64.90623942298346,13.37040422755977,13.118144452883392,12.865884678207014,12.818828944361174,97.43290479381456,97.18302927861397,92.29871438144345,97.43290479381456,0.2314004898071289,0.0,0.09920024871825994,0.13220024108886896,301.91459000052504,118.83454211502038,0.15640655491147193,0.09606658912061593,0.060339965790856,1
793,2018-03-19,13.156999588012695,13.35540008544922,13.156999588012695,13.32229995727539,12.762592315673828,12173397,12.3208167552948,12.183063907623291,73.97679603665708,65.79367617450222,13.319651198149034,13.194919162371527,13.07018712659402,12.896744383331745,95.13140637962563,97.52143705781346,93.0955047574332,95.13140637962563,0.1984004974365252,0.0,0.08269977569580256,0.11570072174072266,378.36116453212674,117.84600653798655,0.17221593058863505,0.11129645741421976,0.06091947317441529,1
794,2018-03-20,13.305800437927244,13.371899604797365,13.239700317382812,13.371899604797365,12.81010913848877,15263863,12.362776613235473,12.193831691741943,75.22989803006523,66.6678029544698,13.394021573781762,13.264456227595737,13.134890881409712,12.97930240971289,95.13140637962563,95.89857251768865,100.0,95.13140637962563,0.06609916687012074,0.06610012054443182,0.04959964752197443,0.08259963989257812,346.0850055053005,112.41300247528036,0.18659628591479205,0.1263564231143342,0.060239862800457844,1
795,2018-03-21,13.520700454711914,13.63640022277832,13.388400077819824,13.603300094604492,13.031786918640135,37000472,12.414239645004272,12.209033031463623,80.05511319610764,70.33535447109959,13.619648500522082,13.348646033872711,13.07764356722334,13.057821848729786,95.73526837126282,95.3326937101714,94.11030035635503,95.73526837126282,0.11569976806640625,0.13230037689208984,0.26450061798095525,-0.01650047302245916,318.2396166000125,161.40020602643708,0.21419579100206576,0.1439242966918805,0.07027149431018526,1
796,2018-03-22,13.702500343322756,13.702500343322756,13.471099853515625,13.520700454711914,12.952657699584961,26332029,12.459370470046997,12.22201759338379,74.47791833601818,67.58266891589426,13.675230108889902,13.426587247085436,13.17794438528097,13.173537523539492,88.38863356771519,93.08510277286793,71.05560034679033,88.38863356771519,0.0,0.23140048980713068,0.0992002487182635,0.1322002410888672,257.5945106705886,153.78994691530522,0.2267892121359676,0.16049727978069792,0.06629193235526967,1
797,2018-03-23,13.272700309753418,13.35540008544922,13.190099716186525,13.35540008544922,12.794301986694336,37391094,12.492622184753419,12.233735694885254,64.75529291467772,62.505817141220064,13.68531836428359,13.468637578253379,13.251956792223167,13.702500343322756,67.17874800264725,83.7675499805418,36.370343304796194,67.17874800264725,0.08269977569580256,0.08260059356689275,-0.16530036926269354,0.33060073852538885,238.06534715421844,112.41115304959526,0.22088500593632077,0.17257482501182247,0.04831018092449829,1
798,2018-03-26,13.289299964904785,13.388400077819824,13.223099708557127,13.338800430297852,12.778400421142578,14529611,12.513994932174683,12.245769939422608,63.853858771625816,62.02064501828425,13.686667783311355,13.476532498853302,13.26639721439525,13.702500343322756,45.482114714065254,67.01649876147596,29.020400490609028,45.482114714065254,0.09910011291503906,0.06620025634765803,0.03299999237060369,0.1323003768920934,225.34461709596286,100.01499205704738,0.2124178062984683,0.18054342126915163,0.031874385029316665,1
799,2018-03-27,13.338800430297852,13.55370044708252,13.256199836730955,13.55370044708252,12.984272003173828,19350868,12.547246742248536,12.262870025634765,69.7290950528353,65.60507838419863,13.702517416489808,13.487862813129809,13.273208209769809,13.69225233078003,45.45032898037065,52.70373056569445,70.96024314570654,45.45032898037065,0.21490001678466797,0.08260059356689631,0.21490001678466797,0.08260059356689631,231.19312114797467,109.04093884216842,0.22050626596903022,0.18853599020912734,0.03197027575990288,1
800,2018-03-28,13.35540008544922,13.53719997406006,13.35540008544922,13.404999732971193,12.841817855834961,13707930,12.576541948318482,12.276804885864259,62.19575581443079,61.44382525363993,13.663249274557886,13.489066629386443,13.314883984215,13.68220927848816,47.306828763804425,46.079757486080176,41.93984265509752,47.306828763804425,0.18179988861083984,0.0,-0.01650047302245916,0.198300361633299,226.69350632165495,85.62980448728477,0.21246832109840774,0.19332245638698342,0.01914586471142432,1
801,2018-03-29,13.305800437927244,13.388400077819824,13.272700309753418,13.32229995727539,12.762592315673828,23780284,12.600295257568359,12.2882049369812,58.41586624662591,59.275394742249595,13.63926548782095,13.471223446436717,13.303181405052484,13.672367087242128,49.75290496120518,47.503354235126814,36.35862908281129,49.75290496120518,0.0825996398925799,0.03310012817382635,-0.016599655151368964,0.1322994232177752,234.26089636939292,78.1213423291417,0.1971523614308932,0.19408843739576537,0.0030639240351278407,1
802,2018-04-03,13.223099708557127,13.388400077819824,13.223099708557127,13.35540008544922,12.794301986694336,19519117,12.628800201416016,12.299288845062256,59.477383487968225,59.86332985517154,13.613557580542981,13.445515539158748,13.277473497774515,13.662721739821016,39.43888172144063,45.49953848215014,40.01817342641291,39.43888172144063,0.1653003692626971,0.0,0.0661001205444336,0.0992002487182635,232.89346079520215,80.01622438547362,0.1855463934382353,0.19238002860425935,-0.006833635166024032,0
803,2018-04-04,13.338800430297852,13.471099853515625,13.239700317382812,13.256199836730955,12.699270248413086,18636480,12.658095455169677,12.309422454833985,54.95017886807956,57.29268039276182,13.607989740901651,13.407896140217943,13.207802539534235,13.653269299348327,28.79630604227745,39.32936424164115,10.012115617607977,28.79630604227745,0.13229942321777344,0.09910011291503906,0.11569976806640447,0.11569976806640803,239.23887175104562,75.54059016023002,0.16642549960391761,0.187189122804191,-0.02076362320027339,0
804,2018-04-06,13.239700317382812,13.338800430297852,13.239700317382812,13.272700309753418,12.715076446533205,16776024,12.683429431915282,12.319872188568116,55.55612445009789,57.60668238905191,13.476626432245691,13.36794627637493,13.259266120504169,13.644005907685091,21.94053880474622,30.0585755228215,15.791327370217598,21.94053880474622,0.09910011291503906,0.0,0.08260059356689631,0.016499519348142755,264.2273824985463,68.29134156256116,0.15086443248647008,0.1799241847406468,-0.02905975225417673,0
805,2018-04-09,13.305800437927244,13.50409984588623,13.239700317382812,13.35540008544922,12.794301986694336,15894028,12.714310121536254,12.332540626525878,58.56452297100062,59.167209123816434,13.42467993731083,13.342069780024794,13.259459622738758,13.63492778385512,24.295134879080425,25.01065990870143,47.081961649415526,24.295134879080425,0.19829940795898615,0.06610012054443182,0.2313995361328125,0.03299999237060547,259.1945890899184,79.597805428237,0.14355059354697985,0.17264946650191343,-0.029098872954933575,0
806,2018-04-10,13.305800437927244,13.437999725341795,13.305800437927244,13.371899604797365,12.81010913848877,13742947,12.742019891738892,12.345209045410156,59.15853852437996,59.47586196324687,13.42809859064818,13.332262434759699,13.236426278871217,13.626031222501748,38.60898762332172,28.28155376904952,52.95367385033183,38.60898762332172,0.13219928741455078,0.0,0.08259963989257457,0.04959964752197621,298.48631570975084,88.9113725369503,0.13750067462732218,0.16561970812699517,-0.028119033499672985,0
807,2018-04-11,13.305800437927244,13.437999725341795,13.305800437927244,13.371899604797365,12.81010913848877,12369039,12.76577320098877,12.358193626403809,59.15853852437998,59.47586196324687,13.434627259078308,13.333473475901293,13.232319692724278,13.617312592375443,50.011818384181254,37.63864696219453,49.99981965279623,50.011818384181254,0.13219928741455078,0.0,0.06610012054443004,0.06609916687012074,295.27377310447264,94.55430792319868,0.13119375040676573,0.1587345165829493,-0.027540766176183562,0
808,2018-04-12,13.388400077819824,13.421500205993652,13.305800437927244,13.404999732971193,12.841817855834961,12173469,12.789526462554932,12.370545921325684,60.47671314419512,60.12608695052115,13.432864935094521,13.344123313887962,13.255381692681404,13.608768334851664,55.1574315663972,47.92607919130012,62.518801196063336,55.1574315663972,0.033100128173828125,0.0825996398925799,0.049600601196287286,0.06609916687012074,267.68927487627246,103.27147832744589,0.1273978086021721,0.15246717498679385,-0.02506936638462176,0
809,2018-04-13,13.471099853515625,13.471099853515625,13.32229995727539,13.388400077819824,12.82591438293457,9809128,12.801400661468506,12.381945934295654,59.44049294170972,59.62845189237404,13.39086071293555,13.35714446273154,13.32342821252753,13.600394962478362,56.253058388009116,53.80743611286258,56.240554315167564,56.253058388009116,0.0,0.14879989624023438,0.06610012054443182,0.08269977569580256,233.36752036795883,108.34476159335118,0.12164776422920731,0.14630329283527654,-0.024655528606069232,0
810,2018-04-16,13.437999725341795,13.437999725341795,13.338800430297852,13.35540008544922,12.794301986694336,10860014,12.80852813720703,12.39302984237671,57.3374302107295,58.62818886311303,13.398812236688139,13.365095986484128,13.331379736280118,13.592189057552524,49.58843265582888,53.66630753674513,30.005942456255543,49.58843265582888,0.0,0.09919929504394354,0.04959964752197088,0.049599647521972656,215.01995414117917,100.0097084799892,0.11312396637775812,0.13966742754377287,-0.026543461166014748,0
811,2018-04-17,13.338800430297852,13.454500198364258,13.32229995727539,13.35540008544922,12.794301986694336,14606732,12.815655612945557,12.40253116607666,57.3374302107295,58.62818886311303,13.406364774972223,13.367818906223121,13.32927303747402,13.584147270725204,38.75081307589295,48.19743470657704,30.005942456255543,38.75081307589295,0.11569976806640625,0.016500473022460938,0.09910011291503729,0.0331001281738299,224.06312631105396,106.45534897896793,0.10515661516790153,0.1327652650685986,-0.027608649900697058,0
812,2018-04-18,13.371899604797365,13.454500198364258,13.371899604797365,13.388400077819824,12.82591438293457,11572876,12.821197509765625,12.41424732208252,59.01902546610172,59.36133184875882,13.41062235453916,13.370969167717377,13.331315980895592,13.57626631963443,36.6605318979143,41.6665925432121,49.969710781231605,36.6605318979143,0.08260059356689275,0.0,0.09910011291503729,-0.01649951934814453,221.52815514692614,103.1945171436174,0.10034850047557775,0.12628191214999443,-0.02593341167441668,0
813,2018-04-19,13.388400077819824,13.437999725341795,13.35540008544922,13.404999732971193,12.841817855834961,13833237,12.825158786773681,12.425965404510498,59.87586478348145,59.733599910619084,13.4166977399619,13.377044553140117,13.337391366318332,13.568542987565472,45.18449941322255,40.198614795676654,55.57784500218029,45.18449941322255,0.04959964752197088,0.03299999237060369,0.04959964752197088,0.03299999237060369,216.2603350045336,99.20924643297491,0.09676207540990056,0.12037794480197565,-0.023615869392075092,0
814,2018-04-20,13.35540008544922,13.454500198364258,13.35540008544922,13.35540008544922,12.794301986694336,9346217,12.82436842918396,12.43736738204956,56.10167022962553,58.08497783313762,13.420693752654737,13.37888863881836,13.337083524981983,13.560974122137893,43.52847618658015,41.79116916590572,25.03787277632833,43.52847618658015,0.09910011291503729,0.0,0.04950046539306463,0.049599647521972656,226.915446218671,94.64289489446982,0.08889282946882915,0.11408092173534636,-0.025188092266517206,0
815,2018-04-23,13.32229995727539,13.404999732971193,13.32229995727539,13.404999732971193,12.841817855834961,9980277,12.8148699760437,12.451302242279052,58.89216836796898,59.25127889962625,13.4272746642459,13.382428979979622,13.337583295713344,13.553556634018864,47.72405541663093,45.479010338811264,62.55644847138395,47.72405541663093,0.08269977569580256,0.0,0.049599647521972656,0.0331001281738299,225.33018109472485,86.24674683469974,0.08567110918092347,0.10839895922446177,-0.022727850043538306,0
816,2018-04-24,13.338800430297852,13.421500205993652,13.338800430297852,13.404999732971193,12.841817855834961,11481611,12.809327983856202,12.469670696258545,58.89216836796899,59.251278899626236,13.4262717332232,13.38770538467331,13.349139036123422,13.546287495662218,50.05025657303216,47.100929392081134,62.55644847138395,50.05025657303216,0.08269977569580078,0.0,0.01650047302245916,0.06619930267334162,221.3369266596773,83.95224138272549,0.08217066041768106,0.10315329946310563,-0.020982639045424564,0
817,2018-04-25,13.388400077819824,13.437999725341795,13.35540008544922,13.388400077819824,12.82591438293457,8728837,12.810908603668214,12.489937877655029,57.473999897587724,58.66371867013306,13.43006842506681,13.391502076516922,13.352935727967033,13.539163740072704,58.37096564758938,52.04842587908421,50.0,58.37096564758938,0.04959964752197088,0.03299999237060369,0.032999992370601916,0.049599647521972656,214.30081983183854,86.13254526839076,0.07716753678292143,0.09795614692706879,-0.02078861014414736,0
818,2018-04-26,13.35540008544922,13.421500205993652,13.35540008544922,13.388400077819824,12.82591438293457,12030042,12.813284301757813,12.50957275390625,57.473999897587724,58.66371867013306,13.429597275325275,13.393374755776037,13.3571522362268,13.53218245959498,54.18548282379473,54.202235014805474,50.0,54.18548282379473,0.06610012054443182,0.0,0.033100128173828125,0.03299999237060369,201.31165600036098,87.07627355224665,0.07236830844477282,0.09283857923060959,-0.02047027078583677,0
819,2018-04-27,13.35540008544922,13.404999732971193,13.35540008544922,13.388400077819824,12.82591438293457,17279420,12.80536642074585,12.532374744415284,57.473999897587724,58.66371867013306,13.410045251778055,13.393780977768927,13.377516703759799,13.525340804726811,52.37690955050042,54.977786007294895,57.13072865150104,52.37690955050042,0.049599647521972656,0.0,0.016599655151368964,0.03299999237060369,189.61901050643831,87.37686335237905,0.06778351919471426,0.08782756722343052,-0.02004404802871626,0
820,2018-04-30,13.421500205993652,13.619799613952635,13.388400077819824,13.586799621582033,13.01598072052002,33436503,12.814074563980103,12.559926471710206,68.71821396321468,63.489508238113736,13.572430668052421,13.416499923400565,13.260569178748709,13.190099716186525,65.12897500238877,57.23045579222802,88.25619635566504,65.12897500238877,0.1982994079589826,0.033100128173828125,0.23139953613281072,0.0,205.33167361251668,100.85453259066108,0.07924573031949222,0.08611119984264286,-0.006865469523150633,0
821,2018-05-02,13.454500198364258,13.73550033569336,13.454500198364258,13.73550033569336,13.15843391418457,21815002,12.83386664390564,12.590327262878418,74.22005692678572,66.52685736826818,13.755311538810199,13.472006810626546,13.188702082442893,13.198693714141847,81.79564166905544,66.4338420739816,100.0,81.79564166905544,0.28100013732910156,0.0,0.14870071411132635,0.1322994232177752,244.79291011032797,87.77801855755196,0.0991851751432904,0.08872599490277236,0.010459180240518035,1
822,2018-05-03,13.55370044708252,13.718999862670898,13.520700454711914,13.652899742126465,13.079302787780762,14427408,12.848116683959962,12.616928653717041,67.15442330278492,63.48447370116092,13.81439529905368,13.533566221593404,13.252737144133127,13.220165979003907,88.84164370448188,78.58875345864209,78.26873475778034,88.84164370448188,0.1652994155883789,0.03299999237060547,-0.016500473022460938,0.2147998809814453,316.41452932264093,78.88278687120447,0.10708771077320023,0.09239833807685793,0.014689372696342295,1
823,2018-05-04,13.702500343322756,13.702500343322756,13.603300094604492,13.669400215148926,13.095109939575195,12262745,12.867908668518066,12.644480381011963,67.8135871323413,63.827162643613875,13.826897015087063,13.589063307281556,13.35122959947605,13.240779353271485,86.959518002964,85.8656011255005,82.60981925111142,86.959518002964,0.0,0.0992002487182635,0.04960060119629084,0.049599647521972656,301.80368444590096,102.67630253393452,0.1133750603451702,0.09659368253052039,0.016781377814649806,1
824,2018-05-07,13.619799613952635,13.702500343322756,13.619799613952635,13.685999870300293,13.11101245880127,7883563,12.88770546913147,12.667282390594483,68.49851446906487,64.17789849413099,13.73127917056106,13.634589573659952,13.537899976758844,13.26056819256836,82.20580354821016,86.0023217518854,85.73885663573844,82.20580354821016,0.08270072937012074,0.0,0.0331001281738299,0.04960060119629084,323.14609085925093,107.52838821558137,0.11833321201226177,0.10094158842686866,0.017391623585393104,1
825,2018-05-08,13.652899742126465,13.718999862670898,13.652899742126465,13.718999862670898,13.14262580871582,13163512,12.905121660232544,12.690084381103516,69.87111527762309,64.8799224090756,13.733515688039345,13.67222760921117,13.610939530382995,13.27956547829336,87.49220810007398,85.55250988374944,94.1279484133718,87.49220810007398,0.0661001205444336,0.0,0.03299999237060547,0.033100128173828125,338.35411067140524,99.97092927186829,0.12350175516547601,0.10545362177459014,0.018048133390885873,1
826,2018-05-09,13.718999862670898,13.73550033569336,13.685999870300293,13.73550033569336,13.15843391418457,10234567,12.922537899017334,12.712252235412597,70.56185999476706,65.23324272163107,13.76446950952401,13.703181430695835,13.64189335186766,13.29780287258936,93.28893501637019,87.66231555488484,100.0,93.28893501637019,0.016500473022460938,0.03299999237060547,0.016500473022460938,0.03299999237060547,304.1493135712219,112.86716696515948,0.12746003320280153,0.10985490406023242,0.017605129142569106,1
827,2018-05-10,13.73550033569336,13.867799758911133,13.718999862670898,13.785099983215332,13.20594882965088,14739541,12.94232988357544,12.733785858154297,72.59557472557945,66.29033282568044,13.813478493366434,13.732531023602021,13.65158355383761,13.31531077111352,87.6204842971669,89.46720913787043,68.73350447812857,87.6204842971669,0.13229942321777344,0.016500473022460938,0.13229942321777344,0.016500473022460938,316.78170235177953,132.53644467433438,0.1330653792371841,0.11449699909562275,0.01856838014156134,1
828,2018-05-11,13.867799758911133,13.917400360107422,13.785099983215332,13.917400360107422,13.332691192626953,15305914,12.96687355041504,12.75342077255249,77.1334873196953,68.90560025517448,13.93583045946074,13.773861723116994,13.611892986773247,13.348460110381376,89.57783482604297,90.16241804652675,100.0,89.57783482604297,0.04960060119628906,0.08269977569580078,0.13230037689208984,0.0,273.6579905329497,147.4859505181252,0.1464944937542345,0.1208964980273451,0.025597995726889408,1
829,2018-05-14,14.033100128173828,14.1983003616333,13.950400352478027,14.1983003616333,13.60179042816162,23851397,13.005667352676392,12.779071865081788,83.41355252926562,73.4422731945504,14.208672289180509,13.85300782292768,13.49734335667485,13.39397533035946,89.57783482604297,88.92538464975102,100.0,89.57783482604297,0.16520023345947266,0.08269977569580078,0.2809000015258789,-0.03299999237060547,282.7086842753568,180.24947078875437,0.17775440418128952,0.132268079258134,0.04548632492315552,1
830,2018-05-15,14.1983003616333,14.214900016784668,14.082599639892578,14.082599639892578,13.490949630737305,10336428,13.04049973487854,12.803772583007813,74.35523336268683,69.13376477592502,14.287621183683108,13.937413064305858,13.587204944928608,13.474407833486843,91.66191843132741,90.27252936113786,74.98575529398188,91.66191843132741,0.016599655151367188,0.11570072174072266,0.016599655151367188,0.11570072174072266,240.70312293697552,161.01541631544058,0.19099040857438077,0.14401254512138334,0.046977863452997426,1
831,2018-05-16,14.033100128173828,14.082599639892578,13.950400352478027,13.983499526977539,13.396013259887695,12976503,13.070585298538209,12.825942325592042,67.58534930022093,65.70973297970654,14.279646817961261,13.99793264569223,13.7162184734232,13.563266895482583,76.1076791429322,85.78247746676759,53.33728213481439,76.1076791429322,0.04949951171875,0.08269977569580078,0.0,0.13219928741455078,221.66956926470814,132.50764783201626,0.19127854650082377,0.15346574539727142,0.03781280110355234,1
832,2018-05-17,14.132200241088867,14.132200241088867,14.0,14.033100128173828,13.443530082702635,10614732,13.101466083526612,12.850328865051269,69.10171355046306,66.56915016455692,14.227558791418764,14.037611609082354,13.847664426745945,13.641462870038833,62.008107682451175,76.59256841890364,57.70128561855693,62.008107682451175,0.0,0.1322002410888672,0.14870071411132812,-0.016500473022460938,183.83285461542033,144.27647933444635,0.19328122620813204,0.16142884155944354,0.0318523846486885,1
833,2018-05-18,14.0,14.066100120544435,14.0,14.066100120544435,13.475143432617188,12899986,13.133132362365723,12.877564430236816,70.10375713418011,67.13741692674373,14.207196157036202,14.06453043763267,13.921864718229136,13.710275327648333,51.59381557857794,63.236534134653816,43.74287898236218,51.59381557857794,0.06610012054443537,0.0,0.032999992370607245,0.033100128173828125,177.95162474172562,145.41637634577566,0.1952801202282295,0.16819909729320073,0.02708102293502876,1
834,2018-05-21,14.082599639892578,14.214900016784668,14.082599639892578,14.165300369262695,13.570176124572756,24271826,13.171926069259644,12.90480001449585,72.94428129674002,68.79120052818195,14.213591313647084,14.093508745150054,13.973426176653023,13.770830290344692,60.89730370477499,58.16640898860141,81.24774651340554,60.89730370477499,0.13230037689208984,0.0,0.1487998962402326,-0.016499519348142755,201.59394367345254,163.84126834059677,0.2025342009653368,0.17506611802762795,0.02746808293770886,1
835,2018-05-23,14.132200241088867,14.148799896240234,14.016500473022461,14.016500473022461,13.42762851715088,25085451,13.20121660232544,12.929818820953368,63.23841246068454,63.797080700603814,14.229888346775267,14.105497117705582,13.981105888635897,13.82411865751749,49.993750330511695,54.161623204621584,24.990625495767052,49.993750330511695,0.016599655151367188,0.11569976806640625,-0.016500473022460938,0.14879989624023438,209.85891645186504,148.64706284204692,0.1940394382990025,0.17886078208190287,0.015178656217099629,1
836,2018-05-24,14.016500473022461,14.115699768066404,13.983499526977539,14.099200248718262,13.506854057312012,14729693,13.234468412399291,12.954837627410889,65.95015392208565,65.25108876475892,14.217374611292062,14.111577069883978,14.005779528475895,13.871012420629551,52.07952602497479,54.32352668675387,50.00020606575146,52.07952602497479,0.09919929504394354,0.033000946044921875,0.09919929504394354,0.033000946044921875,235.1372447383526,154.63779542700934,0.19176985491736254,0.18144259664899481,0.010327258268367723,1
837,2018-05-25,14.082599639892578,14.18179988861084,14.049599647521973,14.115699768066404,13.522659301757812,14861291,13.269305658340453,12.97858995437622,66.48135767432849,65.53744128998028,14.216429731917481,14.117007883395601,14.017586034873721,13.912278932168165,44.0404415864292,48.70457264730528,57.13049319776878,44.0404415864292,0.09920024871826172,0.03299999237060547,0.08259963989257812,0.04960060119628906,229.3682379793484,151.29333870785183,0.1891224808208598,0.18297857348336782,0.006143907337491983,1
838,2018-05-28,14.066100120544435,14.18179988861084,14.0,14.132200241088867,13.538466453552244,15367817,13.304933261871337,13.002024230957032,67.03525941954227,65.8294917722815,14.223367282270805,14.123956086286086,14.024544890301366,13.948593462322146,57.13063057493704,51.0835327287804,64.26119246129055,57.13063057493704,0.11569976806640447,0.06610012054443537,0.06610012054443537,0.11569976806640447,217.8014525681485,134.5120155390158,0.18620936242999875,0.18362473127269402,0.0025846311573047287,1
839,2018-05-29,14.115699768066404,14.132200241088867,14.049599647521973,14.082599639892578,13.490949630737305,10212038,13.338185024261474,13.020074615478515,63.631216746108144,64.13517454244085,14.205214417893622,14.125314273401699,14.045414128909776,13.980550248857648,57.12214571383611,52.764405958400836,49.974751482448674,57.12214571383611,0.016500473022462714,0.06610012054443182,0.0,0.08260059356689453,207.8561439606303,126.42368023512522,0.17784821758469072,0.18246942853509335,-0.004621210950402632,0
840,2018-05-30,14.033100128173828,14.082599639892578,13.950400352478027,14.0,13.411820411682127,24060981,13.35797700881958,13.03527597427368,58.320119252683625,61.40577451668287,14.20394979169571,14.11187013269219,14.01979047368867,14.214900016784668,45.22352653932982,53.15876760936771,21.43463567424992,45.22352653932982,0.04949951171875,0.08269977569580078,0.0,0.13219928741455078,188.43341433921114,116.30163617777782,0.16268155769924775,0.17851185436792422,-0.01583029666867647,0
841,2018-05-31,14.033100128173828,14.066100120544435,13.983499526977539,14.016500473022461,13.42762851715088,55258789,13.371436738967896,13.050793495178223,59.05537523998766,61.7430759382807,14.196266720746536,14.090904529229462,13.985542337712388,14.209610023498534,33.324917160816334,45.22352980466081,28.56536432575008,33.324917160816334,0.032999992370607245,0.04960060119628906,0.06610012054443537,0.016500473022460938,176.40286005539315,118.68220426030496,0.15026120312755253,0.17286172411984987,-0.02260052099229734,0
842,2018-06-01,14.049599647521973,14.115699768066404,14.0,14.066100120544435,13.475143432617188,24075764,13.391228771209716,13.065994834899902,61.26708003740181,62.75763537079406,14.169474456975882,14.074599012953641,13.9797235689314,14.204425830078124,33.33333333333369,37.29392567782666,50.00000000000077,33.33333333333369,0.06610012054443182,0.049599647521972656,0.09919929504394354,0.016500473022460938,168.00541922439837,128.42383631760498,0.1427744447540178,0.16684426824668347,-0.024069823492665676,0
843,2018-06-04,14.132200241088867,14.297499656677244,14.049599647521973,14.18179988861084,13.585982322692873,22944026,13.4157723903656,13.082462635040283,65.89508791550287,65.0028438499391,14.206313565991167,14.078458727641106,13.950603889291045,13.950400352478027,48.41067699747273,38.3563091638743,66.66666666666701,48.41067699747273,0.16529941558837713,0.08260059356689453,0.23139953613280895,0.016500473022462714,170.51612373476746,145.37355134116657,0.1445113027999465,0.1623776751573361,-0.01786637235738958,0
844,2018-06-05,14.214900016784668,14.297499656677244,14.18179988861084,14.281000137329102,13.681015014648438,33003899,13.444272518157959,13.099880752563477,69.28388582921583,66.78337688319516,14.322244919934073,14.108401236703607,13.89455755347314,13.957342338562011,70.63770744037869,50.793905923728424,95.24645565446801,70.63770744037869,0.08259963989257635,0.033100128173828125,0.11569976806640447,0.0,167.49551940628942,154.77876902553342,0.15213864671886945,0.16032986946964276,-0.008191222750773303,0
845,2018-06-06,14.297499656677244,14.36359977722168,14.281000137329102,14.330599784851074,13.728530883789062,27297489,13.473567771911622,13.113815631866455,70.84383165149826,67.63711452410874,14.39845093766574,14.157661163330808,13.916871388995876,13.964145484924316,84.4104014117356,67.81959528319572,91.31808191407151,84.4104014117356,0.06610012054443537,0.016499519348142755,0.08259963989257812,0.0,166.66376984206133,163.41720508493793,0.16033737925859448,0.1603313714274331,6.00783116139203e-06,1
846,2018-06-07,14.330599784851074,14.36359977722168,14.1983003616333,14.281000137329102,13.681015014648438,35890464,13.499696826934814,13.128382778167724,67.17012814834845,65.88111592618434,14.394838983622316,14.206179043599704,14.017519103577092,13.980123656616211,87.94911698731812,80.99907527981085,77.2828133934145,87.94911698731812,0.03299999237060547,0.13229942321777344,0.03299999237060547,0.13229942321777344,143.67153583835054,135.54688101013863,0.16097701401863773,0.16046049994567402,0.0005165140729637141,1
847,2018-06-08,14.0,14.090900421142578,13.872699737548828,14.072699546813965,13.681783676147461,29583513,13.523488569259644,13.146132411956787,67.19976009714193,65.89596965590266,14.405084756266769,14.220938411308573,14.036792066350378,14.36359977722168,69.78078279121961,80.71343373009115,40.74145306617244,69.78078279121961,0.09090042114257812,0.12730026245117188,-0.19009971618652344,0.40830039978027344,119.84265276256335,95.12332420541676,0.14302708515400298,0.1569738169873398,-0.013946731833336834,0
848,2018-06-11,14.054499626159668,14.054499626159668,13.854499816894533,13.945500373840332,13.558117866516113,25127934,13.534759902954102,13.161726760864259,58.11201455468839,61.43369670472795,14.488759131866615,14.192701725694263,13.896644319521911,14.36359977722168,45.299686019969734,67.67652859950253,17.874791600321913,45.299686019969734,0.0,0.19999980926513494,-0.018199920654296875,0.21819972991943182,98.74722673346383,94.84412282354013,0.11718686970769987,0.1490164275314118,-0.03182955782371194,0
849,2018-06-12,13.909099578857422,13.963600158691404,13.81820011138916,13.81820011138916,13.434354782104492,20415618,13.526388120651244,13.170728416442872,50.71953902140237,57.399638304996735,14.514170160863024,14.124890686980294,13.735611213097563,14.343235778808594,19.5387482221649,44.87307234445146,0.0,19.5387482221649,0.0545005798339826,0.09089946746826172,0.018099784851072442,0.12730026245117188,102.3839632337731,89.14156557990607,0.08545121707181025,0.1363033854394915,-0.05085216836768125,0
850,2018-06-13,13.800000190734865,13.81820011138916,13.618200302124025,13.63640022277832,13.257604598999025,19528317,13.51472086906433,13.179044151306153,42.420094475923385,52.31217463161302,14.458232547197817,14.019735424150355,13.581238301102893,14.311733638763428,6.7721415821164,23.87019194141706,2.441633146026932,6.7721415821164,0.0181999206542951,0.18179988861083984,0.0,0.19999980926513494,89.23281242728463,80.76263242602685,0.04511074349841948,0.11806485705127709,-0.07295411355285761,0
851,2018-06-14,13.63640022277832,13.654500007629395,13.454500198364258,13.509099960327148,13.13383960723877,23066322,13.501612186431885,13.18646909713745,37.760633968219345,49.148891231192806,14.295846712542891,13.888721330950382,13.481595949357873,14.256250971832277,3.673700827100911,9.994863543794116,8.579469335275448,3.673700827100911,0.01809978485107422,0.1819000244140625,0.01809978485107422,0.1819000244140625,79.15881911988998,74.46221049845505,0.002835870121471018,0.09501905966531587,-0.09218318954384486,0
852,2018-06-15,13.472700119018555,13.618200302124025,13.454500198364258,13.545499801635742,13.169229507446287,37051724,13.487897157669067,13.19396764755249,39.79696597087592,50.04465416182763,14.094962328875434,13.762469491649128,13.429976654422822,14.176075894485475,8.729239163520445,6.391693857579298,15.166615009258598,8.729239163520445,0.14550018310547053,0.018199920654296875,0.10910034179687678,0.054599761962890625,85.94714560308869,77.99562600685059,-0.02741409598253597,0.07053242853574551,-0.09794652451828148,0
853,2018-06-19,13.454500198364258,13.618200302124025,13.272700309753418,13.309100151062012,12.939395904541016,41061997,13.46110978126526,13.198770160675048,32.38621122372234,44.73716000793174,13.963227264767854,13.630734719599197,13.29824217443054,14.103918324873353,9.67151763417941,7.358152541600301,5.268468558003826,9.67151763417941,0.1637001037597674,0.18179988861083984,0.07270050048828303,0.2727994918823242,81.00257230424694,67.28042330542554,-0.06965989230941894,0.04249396436671262,-0.11215385667613156,0
854,2018-06-20,13.272700309753418,13.672699928283693,13.272700309753418,13.545499801635742,13.169229507446287,18961633,13.441062450408936,13.207853221893311,43.68043638581241,50.212901265728426,13.752696542644141,13.535707740323964,13.318718938003787,14.00417216305896,23.481391502713404,13.960716100137796,50.00909094087742,23.481391502713404,0.3999996185302752,0.0,0.36359977722168146,0.03639984130859375,100.36642677702845,75.69346189165081,-0.0831065139749203,0.017373868698386034,-0.10048038267330633,0
855,2018-06-21,13.545499801635742,13.74549961090088,13.472700119018555,13.490900039672852,13.116145133972168,13697933,13.42548828125,13.214290084838867,41.93796222213112,49.048813662638565,13.650943636907096,13.474869055070066,13.298794473233036,13.916395540662295,33.80938760256684,22.32076557981993,46.1506033088189,33.80938760256684,0.1999998092651385,0.0727996826171875,0.1999998092651385,0.0727996826171875,102.45143511162004,69.41485187182687,-0.09705007020590095,-0.005510919082471363,-0.09153915112342959,0
856,2018-06-22,13.454500198364258,13.63640022277832,13.436400413513185,13.58180046081543,13.20452117919922,11622548,13.41037163734436,13.222178325653076,45.81342550525934,51.009657289341135,13.64614927358287,13.451810650221823,13.257472026860777,13.83915211295323,53.845434458592024,37.0454045212908,65.37660912607939,53.845434458592024,0.1819000244140625,0.018099784851072442,0.14550018310546875,0.05449962615966619,115.40524418586821,76.262509640387,-0.09961720949565489,-0.02433217716510807,-0.07528503233054681,0
857,2018-06-25,13.58180046081543,13.800000190734865,13.563599586486815,13.800000190734865,13.41666030883789,26804580,13.405071687698364,13.234309349060059,53.78720922439969,55.29265665920408,13.796987219629852,13.480817509712466,13.16464779979508,13.272700309753418,70.50907081163288,52.72129762426396,100.0,70.50907081163288,0.21819972991943537,0.018200874328615058,0.21819972991943537,0.018200874328615058,127.66313548422501,89.03618594401253,-0.08308701584595646,-0.036083144901277744,-0.04700387094467871,0
858,2018-06-26,13.76360034942627,13.872699737548828,13.63640022277832,13.872699737548828,13.48733901977539,20197804,13.402515316009522,13.247219772338868,56.104828151476774,56.6035104000953,13.850153433119592,13.549960254603548,13.249767076087503,13.283246307373046,88.45886970869326,70.93779165963944,100.0,88.45886970869326,0.1090993881225586,0.12720012664794922,0.07269954681396307,0.16359996795654475,133.50001542460112,79.83553409469319,-0.06338975479797249,-0.04154446688061669,-0.021845287917355793,0
859,2018-06-27,13.872699737548828,13.945500373840332,13.727299690246582,13.76360034942627,13.381271362304688,18873058,13.39703140258789,13.25832691192627,51.89840567002596,54.1333296141794,13.906608923111145,13.621585466372508,13.336562009633871,13.306824444580078,88.09009110266072,82.35267720766234,64.27027330798182,88.09009110266072,0.0728006362915039,0.1454000473022461,0.0728006362915039,0.1454000473022461,124.67622271584547,77.97612187900587,-0.05593812249040653,-0.04442319800257466,-0.011514924487831868,0
860,2018-06-28,13.709099769592285,13.74549961090088,13.63640022277832,13.709099769592285,13.328283309936525,20184062,13.39285454750061,13.269006538391114,49.88619834648116,52.936506691503304,13.869399690498257,13.6742583783454,13.479117066192542,13.345145000335693,72.61175530287422,83.05357203807613,53.564992600640494,72.61175530287422,0.036399841308595526,0.07269954681396484,-0.01810073852538885,0.12720012664794922,116.18402623711559,68.10136915267569,-0.05381010215083215,-0.04630057883222616,-0.007509523318605993,0
861,2018-06-29,13.800000190734865,13.81820011138916,13.654500007629395,13.654500007629395,13.275200843811035,16320288,13.385233163833618,13.278624515533448,47.88329251033617,51.747934460943576,13.849747068675509,13.699986490508167,13.550225912340824,13.38116632274597,47.21245651050972,69.30476763868161,23.802103622906472,47.21245651050972,0.0181999206542951,0.14550018310547053,0.109100341796875,0.054599761962890625,114.70077745175746,75.05022093018394,-0.055885165777539214,-0.04821749622128877,-0.0076676695562504435,0
862,2018-07-03,13.545499801635742,13.709099769592285,13.527299880981445,13.654500007629395,13.275200843811035,24022963,13.37523603439331,13.287610244750976,47.88329251033617,51.747934460943576,13.868812529008993,13.705532048532348,13.542251568055702,13.415026365811633,35.927719842703105,51.91731055202907,30.41606330456199,35.927719842703105,0.16359996795654297,0.018199920654296875,0.054599761962890625,0.12720012664794922,118.38035730456293,70.96879501627734,-0.056874059892168205,-0.049948808955464656,-0.006925250936703549,0
863,2018-07-04,13.545499801635742,13.672699928283693,13.545499801635742,13.63640022277832,13.257604598999025,15602326,13.358817148208619,13.295925979614259,47.1554287581561,51.33701345814041,13.791273677994196,13.697585983071079,13.603898288147962,13.446854806293354,26.768738028876996,36.636304794029996,26.088047159162173,26.768738028876996,0.127200126647951,0.0,0.01819992065429865,0.10900020599365234,121.4587290379604,67.27448809816687,-0.0584445545297303,-0.05164795807031779,-0.00679659645941251,0
864,2018-07-05,13.672699928283693,13.709099769592285,13.600000381469727,13.709099769592285,13.328283309936525,12342754,13.341180562973022,13.306605606079101,50.41576936770949,52.89510945075525,13.752951295266014,13.69209055105351,13.631229806841008,13.476773540346173,39.6665752211637,34.12101103091465,62.49561519976658,39.6665752211637,0.036399841308591974,0.07269954681396662,0.07269954681396484,0.03639984130859375,117.46295956046848,69.41167310835927,-0.05320957018904515,-0.05196028049406326,-0.0012492896949818921,0
865,2018-07-06,13.672699928283693,13.74549961090088,13.600000381469727,13.727299690246582,13.34597873687744,14117887,13.322052955627441,13.316688823699952,51.22710075224583,53.283467884321,13.764225409896342,13.693688912201914,13.623152414507485,13.504897150355822,52.4452302804267,39.62684784348918,68.75202848235098,52.4452302804267,0.0727996826171875,0.07269954681396662,0.036399841308595526,0.1090993881225586,119.67791383681711,70.04761131705128,-0.04704986434071223,-0.05097819726339305,0.00392833292268082,1
866,2018-07-09,13.890899658203125,13.909099578857422,13.81820011138916,13.909099578857422,13.522727966308596,18066844,13.314138603210449,13.330307025909423,58.52677774522319,56.959153016297456,13.915203715926513,13.721410131680436,13.52761654743436,13.531333343764892,77.08254789403931,56.39811779854329,100.0,77.08254789403931,0.018199920654296875,0.07269954681396484,0.18179988861083984,-0.09090042114257812,118.79187736938115,83.00865963098329,-0.027185147968182832,-0.04621958740435101,0.019034439436168178,1
867,2018-07-10,14.054499626159668,14.054499626159668,13.909099578857422,13.909099578857422,13.522727966308596,13247796,13.306185817718506,13.344243297576904,58.52677774522319,56.95915301629745,13.987631670748431,13.765384493604856,13.54313731646128,13.556183365569419,80.06206467234561,69.86328094893726,71.43416553468546,80.06206467234561,0.0,0.1454000473022461,0.1454000473022461,0.0,112.34640324189338,86.59663706309853,-0.011311821488643403,-0.039238034221209486,0.027926212732566083,1
868,2018-07-11,13.545499801635742,13.963600158691404,13.545499801635742,13.854499816894533,13.469644546508787,13153560,13.30176215171814,13.357117900848388,55.62689383685533,55.54751850816805,13.98038161212102,13.806155645050907,13.631929677980795,14.054499626159668,77.38048620544312,78.17503292394274,60.70729308164352,77.38048620544312,0.4181003570556623,0.0,0.0545005798339826,0.3635997772216797,130.64640606106002,74.84858504693591,-0.003102081508965071,-0.0320108436787606,0.02890876216979553,1
869,2018-07-12,13.81820011138916,13.909099578857422,13.781800270080565,13.872699737548828,13.48733901977539,9008480,13.304411363601684,13.370346393585205,56.40234167573198,55.9251106838741,13.97317098825275,13.83908633022456,13.70500167219637,14.054499626159668,65.47479194966222,74.30578094248371,64.28291723265727,65.47479194966222,0.09089946746826172,0.036399841308595526,0.05459976196288885,0.0726995468139684,130.0028848927781,67.54142080789852,0.004817247832253457,-0.024645225376557788,0.029462473208811246,1
870,2018-07-13,13.81820011138916,13.890899658203125,13.800000190734865,13.872699737548828,13.48733901977539,6581378,13.315898084640503,13.379773559570312,56.40234167573198,55.9251106838741,13.906519765913544,13.862839956342555,13.819160146771566,14.04431962966919,63.091042515652816,68.64877355691944,64.28291723265727,63.091042515652816,0.07269954681396484,0.0181999206542951,0.018199920654296875,0.07269954681396307,130.43994338416917,62.762832682038315,0.010966953181274164,-0.017522789664991396,0.02848974284626556,1
871,2018-07-16,13.909099578857422,13.981800079345705,13.836400032043455,13.963600158691404,13.57571506500244,10143362,13.337991857528687,13.38811918258667,60.40994857851858,57.84832326018474,13.966425093342503,13.88876689245211,13.811108691561719,14.03434323310852,70.23579558761536,66.26721001764354,82.14155229753115,70.23579558761536,0.07270050048828303,0.07269954681396662,0.10910034179687678,0.03629970550537287,127.43931369327424,62.88260533225053,0.022911434521009966,-0.009435944827791124,0.03234737934880109,1
872,2018-07-17,14.0,14.090900421142578,13.927300453186035,14.090900421142578,13.69947910308838,14557200,13.364504337310791,13.400522708892822,65.23019068691961,60.36032708815804,14.107311018973995,13.930040689327043,13.752770359680092,13.545499801635742,82.14148984339627,71.82277598222154,100.0,82.14148984339627,0.09090042114257812,0.07269954681396484,0.12730026245117365,0.03629970550536932,133.62624642344073,68.02413703352545,0.04216355411923267,0.0008839549616136352,0.041279599157619036,1
873,2018-07-18,14.090900421142578,14.327300071716307,14.036399841308596,14.309100151062012,13.911617279052734,21685867,13.413115406036377,13.416852855682373,71.61059403886412,64.15719950017895,14.332708289146632,14.003873688708396,13.67503908827016,13.55640781402588,92.93505899850679,81.7707814765062,96.6636246979888,92.93505899850679,0.2363996505737287,0.0545005798339826,0.2363996505737287,0.0545005798339826,145.23857854127365,93.15860781500807,0.07417287352316038,0.015541738673922983,0.05863113484923739,1
874,2018-07-19,14.309100151062012,14.36359977722168,14.290900230407715,14.36359977722168,13.964603424072266,20765243,13.452884101867676,13.433924674987793,72.9459770785888,65.02494448928657,14.479873625047047,14.098754397231403,13.71763516941576,13.587243504333497,98.88787489932974,91.32147458041099,100.0,98.88787489932974,0.05449962615966797,0.018199920654296875,0.05449962615966797,0.018199920654296875,161.92586619664806,103.71177274673629,0.10275367373529143,0.03298412568619667,0.06976954804909476,1
875,2018-07-20,14.36359977722168,14.74549961090088,14.345499992370605,14.74549961090088,14.335894584655762,39618550,13.513871574401856,13.457790050506592,80.0334275730728,70.25750367621231,14.774532419949704,14.238371191858505,13.702209963767306,13.633824880706788,98.88787489932974,96.90360293238882,100.0,98.88787489932974,0.381899833679201,0.01809978485107422,0.381899833679201,0.01809978485107422,186.1773407407098,124.0535118906507,0.15444000053418705,0.05727530065579475,0.0971646998783923,1
876,2018-07-23,14.74549961090088,14.800000190734865,14.63640022277832,14.74549961090088,14.335894584655762,14312284,13.570440244674682,13.481339263916016,80.03342757307281,70.25750367621232,14.908644970006371,14.394130766248026,13.87961656248968,13.722758859122315,97.91831495266793,98.56468825044253,93.75494485800337,97.91831495266793,0.054500579833984375,0.10909938812256037,0.054500579833984375,0.10909938812256037,195.91153539968474,131.47337698901086,0.19317498591185078,0.08445523770700596,0.10871974820484483,1
877,2018-07-24,14.618200302124025,14.76360034942627,14.618200302124025,14.76360034942627,14.353492736816404,15917250,13.617281866073608,13.504290142059325,80.31687599183395,70.48260330654617,14.94779854700506,14.539332085454348,14.130865623903635,13.83048299228357,96.32935805324864,97.71184930174883,95.23312930174212,96.32935805324864,0.14540004730224432,0.0,0.01810073852538885,0.12729930877685547,226.49416276713725,134.7368448434633,0.22276541814524364,0.1121172737946535,0.11064814435059014,1
878,2018-07-25,14.76360034942627,14.781800270080565,14.654500007629395,14.672699928283693,14.265116691589355,12231540,13.656170749664307,13.522938652038574,74.59017724012843,67.80989123632789,14.947702459211282,14.646569644741078,14.345436830270874,13.9274347121287,87.99437001086314,94.08068100559329,74.9950358728435,87.99437001086314,0.0181999206542951,0.109100341796875,0.0181999206542951,0.109100341796875,206.57160322894765,127.44676134325236,0.23615885233216538,0.1369255895021559,0.0992332628300095,1
879,2018-07-26,14.618200302124025,14.709099769592285,14.618200302124025,14.63640022277832,14.22982692718506,12710904,13.698598527908326,13.535499382019044,72.37115372032824,66.76154419297944,14.80815464269619,14.709507277659583,14.610859912622976,14.014691259989316,78.07752945832844,87.46708584081347,64.00442320039926,78.07752945832844,0.09089946746825994,0.0,0.036399841308591974,0.05449962615966797,226.88199973768369,139.3292648651484,0.24106531169947232,0.15775353394161917,0.08331177775785314,1
880,2018-07-27,14.690899848937988,14.709099769592285,14.618200302124025,14.654500007629395,14.247424125671387,8147824,13.744555568695068,13.550628871917725,72.80560307402698,67.02516741699912,14.840511032118037,14.7392129088459,14.637914785573763,14.093222153063872,52.98876867279586,73.02022271399586,19.966846945144358,52.98876867279586,0.018199920654296875,0.07269954681396307,0.07269954681396484,0.0181999206542951,191.90836462839928,126.16859226320454,0.24360607823805225,0.1749240428009058,0.06868203543714646,1
881,2018-07-30,14.654500007629395,14.727299690246582,14.63640022277832,14.672699928283693,14.265116691589355,9321290,13.794051361083984,13.568010940551758,73.26085922900415,67.29561948827869,14.836894490928644,14.74904558099631,14.661196671063975,14.16389995683097,39.09466886559324,56.72032233223924,33.312736451235665,39.09466886559324,0.0727996826171875,0.01809978485107422,0.0727996826171875,0.01809978485107422,190.43504591691183,123.20444860959077,0.2442724151710376,0.18879371727493216,0.05547869789610543,1
882,2018-07-31,14.690899848937988,14.690899848937988,14.545499801635742,14.563599586486815,14.159048080444336,13590489,13.83824372291565,13.582321300506592,66.11496016020439,64.03060119259692,14.815669320689443,14.734681418340266,14.653693515991089,14.22750998022136,20.31307723733863,37.465504925242634,7.659648315635417,20.31307723733863,0.0,0.1454000473022461,0.0181999206542951,0.127200126647951,164.49672751481663,112.55106969370561,0.2333075816256649,0.1976964901450787,0.03561109148058619,1
883,2018-08-01,14.509099960327148,14.58180046081543,14.36359977722168,14.381799697875975,13.98229694366455,19506929,13.874478340148926,13.592464370727539,56.265989427652194,59.07735970424527,14.89763243009785,14.684352054440936,14.471071678784021,14.284759001272711,15.325496141850508,24.911080748260854,5.004103658679995,15.325496141850508,0.07270050048828125,0.14550018310546875,0.018200874328615058,0.19999980926513494,144.3683789780212,94.30456478610762,0.20755556899722194,0.19966830591550735,0.007887263081714585,1
884,2018-08-02,14.36359977722168,14.399999618530273,14.072699546813965,14.072699546813965,13.681783676147461,22136330,13.892153358459472,13.594696521759033,44.20793033481012,51.98665356920827,15.025446356118879,14.578670421753387,14.131894487387894,14.800000190734865,4.221250658105286,13.286608012431534,0.0,4.221250658105286,0.03639984130859375,0.29090023040771484,0.01819992065429865,0.30910015106200994,128.33063927803875,86.19143499768556,0.16035662318939536,0.19180596937028496,-0.0314493461808896,0
885,2018-08-03,14.036399841308596,14.309100151062012,14.0,14.163599967956545,13.770159721374512,16044012,13.913362407684327,13.601547145843506,47.75394514895472,53.68209389004742,14.913616820884725,14.457343269363399,14.001069717842073,14.785454177856447,9.166088434051154,9.570945078002376,22.49416164347302,9.166088434051154,0.2727003097534162,0.036399841308595526,0.23640060424804688,0.07269954681396484,147.02148721830685,96.07057778125716,0.1288012818847868,0.17920503187318532,-0.05040374998839853,0
886,2018-08-06,14.163599967956545,14.436400413513185,14.145500183105467,14.436400413513185,14.035382270812988,23332344,13.938995122909546,13.612117710113525,56.65714553772053,58.268330334747276,14.738698930130546,14.378407952913939,14.018116975697332,14.75403601074219,28.55274143507731,13.980026842411311,63.16406266175845,28.55274143507731,0.2728004455566406,0.01809978485107777,0.2728004455566406,0.01809978485107777,164.98068364169586,114.21267263304655,0.12437247416193564,0.1682385203309354,-0.04386604616899975,0
887,2018-08-07,14.309100151062012,14.690899848937988,14.309100151062012,14.690899848937988,14.282811164855955,21659576,13.976999282836914,13.627320747375489,62.99294999629962,61.91652748722786,14.808508849433599,14.373698325583746,13.938887801733893,14.723874570312503,61.886074768410644,33.201634879179764,100.0,61.886074768410644,0.38179969787597656,0.0,0.2544994354248029,0.12730026245117365,202.29358582348289,116.9796998452638,0.13978720969316782,0.16254825820338187,-0.022761048510214044,0
888,2018-08-08,14.672699928283693,14.672699928283693,14.509099960327148,14.58180046081543,14.176743507385256,13340955,14.012354230880737,13.640086288452148,59.01066780216876,59.60026609434054,14.881737965115555,14.407258498943733,13.932779032771911,14.694919587500003,82.45771684052029,57.632177681336145,84.20908785980198,82.45771684052029,0.0,0.16359996795654475,-0.0181999206542951,0.18179988861083984,176.33307479368062,111.05937992252424,0.14156817996349425,0.15835224255540434,-0.016784062591910093,0
889,2018-08-09,14.563599586486815,14.600000381469727,14.472700119018555,14.58180046081543,14.176743507385256,13334654,14.04682445526123,13.653802165985107,59.01066780216876,59.60026609434054,14.818751208005631,14.453652598826338,14.088553989647044,14.690899848937988,89.47272523986813,77.93883894959976,84.20908785980198,89.47272523986813,0.03640079498291193,0.09089946746825994,0.018199920654296875,0.109100341796875,162.79089026063053,111.05456269947405,0.1413502144492096,0.1549518369341654,-0.013601622484955805,0
890,2018-08-10,14.545499801635742,14.58180046081543,14.41819953918457,14.454500198364258,14.052977561950685,19097717,14.075106382369995,13.66662530899048,54.360081214712665,56.92780062164472,14.670844881663959,14.483449780868625,14.296054680073292,14.672699928283693,75.02462626564282,82.31835611534382,56.65570307732405,75.02462626564282,0.0363006591796875,0.12730026245117188,0.0,0.16360092163085938,158.1288529009981,102.27049024359856,0.12941360840118143,0.1498441912275686,-0.020430582826387156,0
891,2018-08-13,14.436400413513185,14.527299880981445,14.199999809265135,14.490900039672852,14.088367462158205,15485137,14.100739002227783,13.679840087890625,55.441443396873304,57.492993739201836,14.66397621633588,14.499075515699595,14.334174815063308,14.645791931152345,66.70777929031807,77.06837693194308,59.25854693382771,66.70777929031807,0.09089946746825994,0.23640060424805043,0.0727996826171875,0.25450038909912287,146.51145132662634,97.91970093645752,0.12149045871408148,0.14417344472487117,-0.02268298601078969,0
892,2018-08-14,14.600000381469727,14.727299690246582,14.545499801635742,14.709099769592285,14.30050563812256,19390087,14.130790328979492,13.696347332000732,61.35258001201902,60.69881442822499,14.707302513387756,14.530620323203337,14.353938133018918,14.0,70.82090622331033,70.85110392642382,96.54846865877877,70.82090622331033,0.12729930877685547,0.054500579833984375,0.23639965057373047,-0.054599761962890625,153.12049671678054,98.64765802219998,0.13130460241475284,0.1415996762628475,-0.010295073848094666,0
893,2018-08-15,14.727299690246582,14.727299690246582,14.472700119018555,14.527299880981445,14.12375545501709,12355646,14.14139723777771,13.707102794647216,54.82644982836633,56.985366299659326,14.730376277025305,14.552803024719488,14.37522977241367,14.014545993804932,72.6259901897768,70.0515585678018,62.070954976723456,72.6259901897768,0.0,0.25459957122802734,0.018199920654296875,0.23639965057373047,145.39160004372863,86.01921652221219,0.12299484237749247,0.1378787094857765,-0.014883867108284016,0
894,2018-08-16,14.472700119018555,14.509099960327148,14.381799697875975,14.41819953918457,14.01768684387207,18682034,14.1440514087677,13.713836231231689,51.299891721454614,54.89532999265997,14.752070671137119,14.549462918768775,14.346855166400431,14.028801067733765,66.66666666666693,70.03785435991809,41.38057636449811,66.66666666666693,0.03639984130859375,0.0909004211425799,-0.018199920654296875,0.14550018310547053,122.59683967029333,90.37869482078314,0.1063795348274379,0.13157887455410877,-0.025199339726670877,0
895,2018-08-17,14.454500198364258,14.454500198364258,14.290900230407715,14.36359977722168,13.964603424072266,18567160,14.125486850738525,13.718557682037353,49.58105976590007,53.86990714032059,14.75803378716447,14.521677134281887,14.285320481399305,14.042771040184022,44.82583789401881,61.37283158348759,31.02598234083443,44.82583789401881,0.0,0.16359996795654297,0.0363006591796875,0.12729930877685547,112.23182281795063,87.86435866742134,0.08779400476893251,0.12282190059707351,-0.035027895828141004,0
896,2018-08-20,14.41819953918457,14.472700119018555,14.36359977722168,14.454500198364258,14.052977561950685,9591897,14.111340999603271,13.7259969329834,52.43816695944672,55.31111838340338,14.732370863353328,14.49289560677245,14.253420350191572,14.056461613185272,36.631713462065655,49.37473934091721,37.488581680863994,36.631713462065655,0.054500579833984375,0.054599761962890625,0.109100341796875,0.0,109.78957154255889,93.77708703115918,0.07948350621288647,0.11415422172023611,-0.03467071550734964,0
897,2018-08-21,14.381799697875975,14.454500198364258,14.36359977722168,14.381799697875975,13.98229694366455,13779474,14.092781209945679,13.73200719833374,49.997862075928055,53.914059337095985,14.578771233622382,14.462376036208596,14.34598083879481,14.069878374726498,29.78132732748043,37.07962622785504,20.82941796074243,29.78132732748043,0.07270050048828303,0.0181999206542951,0.0,0.09090042114257812,112.32130203970239,87.77838406714353,0.06626716677859434,0.10457681073190775,-0.038309643953313405,0
898,2018-08-22,14.327300071716307,14.399999618530273,14.290900230407715,14.345499992370605,13.947006225585938,14225323,14.076875686645508,13.739784965515137,48.777301889697746,53.21804899406695,14.507891391601655,14.429594677389304,14.351297963176952,14.0830268010369,27.78027875995963,31.397773183168642,25.02283663827202,27.78027875995963,0.07269954681396662,0.036399841308591974,0.01819992065429865,0.09089946746825994,113.2912401373523,82.01993382437529,0.05226160049456219,0.09411376868443863,-0.04185216818987644,0
899,2018-08-23,14.327300071716307,14.399999618530273,14.309100151062012,14.309100151062012,13.911617279052734,10000787,14.060965204238892,13.749330215454101,47.52440234317336,52.51305990935443,14.49101722700591,14.394578763520869,14.298140300035827,14.095912258821093,18.62107272945255,25.39422627229761,10.010963589342762,18.62107272945255,0.07269954681396662,0.0181999206542951,0.05449962615966797,0.03639984130859375,107.94050315622663,75.85285213497752,0.03778931363778959,0.08284887767510882,-0.04505956403731923,0
900,2018-08-24,14.454500198364258,14.454500198364258,14.109100341796875,14.23639965057373,13.840936660766602,19721978,14.040640830993652,13.760996856689452,45.036243915623665,51.11069133318392,14.498905089874306,14.353504846319765,14.208104602765225,14.108540007449603,23.348210891181594,23.249854126864665,35.01083244592957,23.348210891181594,0.0,0.3453998565673828,0.1454000473022461,0.19999980926513672,92.36827141187179,74.22689187637647,0.02022050978070844,0.07032320409622875,-0.05010269431552031,0
901,2018-08-27,14.345499992370605,14.509099960327148,14.327300071716307,14.490900039672852,14.088367462158205,10660336,14.031803369522095,13.780087413787841,54.096583600384015,55.43155004583159,14.510629018542437,14.342285100009946,14.173941181477455,14.109100341796875,46.82393717749839,29.59774026604425,95.45001549722242,46.82393717749839,0.16359996795654297,0.01819992065429865,0.27270030975341797,-0.09090042114257635,84.02663338768093,73.20977660842628,0.02652736959539581,0.06156403719606216,-0.03503666760066635,0
902,2018-08-28,14.545499801635742,14.545499801635742,14.472700119018555,14.527299880981445,14.12375545501709,7709551,14.030038738250733,13.799177932739259,55.233192503038374,56.00821582753432,14.581908231874985,14.36133217470119,14.140756117527394,14.109100341796875,75.43012505670235,48.53409104179419,95.82952722695467,75.43012505670235,0.0,0.0727996826171875,0.054599761962890625,0.018199920654296875,83.09708175898955,75.68669760636712,0.034070026368324235,0.056065235030514575,-0.02199520866219034,0
903,2018-08-29,14.509099960327148,14.545499801635742,14.41819953918457,14.545499801635742,14.141449928283693,11209488,14.037996387481689,13.82321901321411,55.8222210098206,56.301399751416106,14.649154036760274,14.398904211424565,14.148654386088856,14.12146432876587,97.09318090805918,73.11574771408671,100.00000000000001,97.09318090805918,0.03639984130859375,0.09090042114257812,0.018199920654296875,0.109100341796875,76.19261031732395,76.20581382776179,0.041043098406507994,0.05306080770571326,-0.012017709299205266,0
904,2018-08-30,14.545499801635742,14.545499801635742,14.509099960327148,14.545499801635742,14.141449928283693,6623995,14.0609797000885,13.84266342163086,55.8222210098206,56.301399751416106,14.677715179699016,14.441603718034244,14.205492256369473,14.133581035995483,98.60984240898505,90.37771612458226,100.00000000000001,98.60984240898505,0.0,0.03639984130859375,0.0,0.03639984130859375,77.62309095450706,77.63677388139108,0.046038603867687655,0.05165636693810814,-0.005617763070420487,0
905,2018-08-31,14.41819953918457,14.690899848937988,14.399999618530273,14.690899848937988,14.282811164855955,21087729,14.086612272262574,13.865996742248536,60.62273560408185,58.66805836077468,14.634313745334444,14.49749450024612,14.360675255157796,14.145455409080505,100.00000000000016,98.56767443901487,100.0,100.00000000000016,0.27270030975341797,0.018199920654296875,0.1454000473022461,0.14550018310546875,84.02724430598154,79.06201222892153,0.06102666914066823,0.05353042737862016,0.007496241762048071,1
906,2018-09-03,14.654500007629395,14.654500007629395,14.563599586486815,14.63640022277832,14.22982692718506,8098447,14.096334505081177,13.886502857208251,58.07545058128801,57.45848317611401,14.677803259456512,14.550612921327065,14.423422583197619,14.157092294703826,93.75506096101724,97.45496779000088,81.26518288305124,93.75506096101724,0.0,0.0909004211425799,-0.03639984130859375,0.12730026245117365,82.75681451679985,72.08475197451682,0.06772644618065904,0.05636963113902794,0.0113568150416311,1
907,2018-09-04,14.545499801635742,14.63640022277832,14.472700119018555,14.618200302124025,14.21213150024414,11047830,14.092800521850586,13.902412281036376,57.21084229691016,57.051099340444665,14.702985621580378,14.591296397998654,14.47960717441693,14.168496442614682,85.4246508278397,93.0599039296191,75.00876960046745,85.4246508278397,0.09090042114257812,0.0727996826171875,0.0,0.16370010375976562,81.74729598560917,66.04994332348731,0.07075190237141271,0.059246085385504896,0.011505816985907816,1
908,2018-09-05,14.618200302124025,14.63640022277832,14.41819953918457,14.436400413513185,14.035382270812988,14109784,14.085732460021973,13.913373146057129,49.31361227604892,53.147851738523585,14.772776122395472,14.597049126911799,14.421322131428125,14.17967250756732,56.26236896140666,78.48069358342126,12.513154400700868,56.26236896140666,0.0181999206542951,0.2000007629394549,0.0181999206542951,0.2000007629394549,80.78452948098601,64.45683584851164,0.057813429328302135,0.058959554174064344,-0.0011461248457622086,0
909,2018-09-06,14.454500198364258,14.454500198364258,14.309100151062012,14.345499992370605,13.947006225585938,13803273,14.074245595932007,13.924687843322754,45.90177987314613,51.326981044935394,14.829401678783816,14.566202862136606,14.303004045489397,14.190625051220906,32.35189243485377,58.01297074136676,9.533753303392565,32.35189243485377,0.0,0.1454000473022461,0.018099784851072442,0.12730026245117365,78.1395852893271,66.0442446903811,0.03976629087770078,0.05512090151479163,-0.01535461063709085,0
910,2018-09-07,14.41819953918457,14.41819953918457,14.272700309753418,14.327300071716307,13.929311752319336,23682616,14.06806230545044,13.936708412170411,45.22708527623811,50.964439329792114,14.777222716475453,14.514001556535277,14.2507803965951,14.201358544001419,12.115845886394078,33.57670242755155,14.300629955088382,12.115845886394078,0.0,0.14549922943115234,0.07269954681396484,0.0727996826171875,81.1091994262253,73.81608274537533,0.023721772314321043,0.04884107567469752,-0.025119303360376474,0
911,2018-09-10,14.290900230407715,14.327300071716307,14.18179988861084,14.218199729919435,13.823243141174315,13418559,14.054806089401245,13.947669258117676,41.30749648089716,48.82075768132557,14.71221235043532,14.444404404853131,14.176596459270941,14.727299690246582,10.613793873358787,18.360510731535594,8.006998361594993,10.613793873358787,0.036399841308591974,0.109100341796875,0.0,0.14550018310546697,70.06249957630716,63.387305488568494,0.002177785805775656,0.039508417700913144,-0.03733063189513749,0
912,2018-09-11,14.127300262451172,14.25450038909912,14.090900421142578,14.127300262451172,13.851776123046875,14876343,14.032369613647461,13.959200763702393,42.74497214007417,49.414331961290735,14.576217067642858,14.361691190269568,14.147165312896277,14.716389694213866,9.660126306902297,10.796588688885107,6.672750604023092,9.660126306902297,0.12720012664794744,0.03639984130859375,0.03630065917968395,0.12729930877685725,64.17584006395614,52.81357394691937,-0.021977463545177045,0.027211241451695106,-0.049188704996872154,0
913,2018-09-12,14.090900421142578,14.309100151062012,14.090900421142578,14.25450038909912,13.976494789123535,13178654,14.025006580352784,13.973578567504882,48.663492727803956,51.940924439415326,14.453158274155962,14.29547932479258,14.1378003754292,14.691370123291016,19.891422390315547,13.388447523525597,44.994518205328134,19.891422390315547,0.2181997299194336,0.0,0.18179988861083984,0.03639984130859375,58.09676930098843,51.931850650091164,-0.030505042380472247,0.015667984685261635,-0.04617302706573388,0
914,2018-09-13,14.345499992370605,14.472700119018555,14.272700309753418,14.472700119018555,14.190439224243164,10093899,14.033644199371338,13.990821685791015,56.89503240677536,55.86265472351513,14.509103332788774,14.277314901602537,14.0455264704163,14.667351335205078,50.55575626978388,26.702434989000626,100.0,50.55575626978388,0.12720012664794922,0.0727996826171875,0.21819972991943537,-0.01819992065429865,65.01694161880377,65.01688110028215,-0.019432311817622505,0.008647925384684806,-0.02808023720230731,0
915,2018-09-14,14.527299880981445,14.527299880981445,14.36359977722168,14.454500198364258,14.17259407043457,6894451,14.044043731689452,14.007353992462159,56.087197742814666,55.471108784319945,14.565378063524554,14.293886826204442,14.022395588884331,14.644293298642578,76.10420903771573,48.850462565938436,83.31810890781865,76.10420903771573,0.0,0.16370010375976562,0.054599761962890625,0.109100341796875,61.884608716064506,66.41665914847049,-0.01198749024003476,0.004520842259740893,-0.016508332499775652,0
916,2018-09-17,14.41819953918457,14.436400413513185,14.290900230407715,14.345499992370605,14.065719604492188,5298987,14.044680833816528,14.01821382522583,51.38180540466182,53.15707263492606,14.572087734941917,14.314580925335363,14.05707411572881,14.62215758354258,80.55301815130325,69.07099448626768,58.34094554609068,80.55301815130325,0.018200874328615058,0.12729930877685547,-0.018099784851072442,0.16359996795654297,61.207547627533145,65.72064501009798,-0.014713216374008908,0.0006740305329909321,-0.01538724690699984,0
917,2018-09-18,14.290900230407715,14.381799697875975,14.23639965057373,14.345499992370605,14.065719604492188,8968132,14.04885196685791,14.029073657989501,51.38180540466182,53.15707263492606,14.490441440303726,14.330128759434302,14.169816078564878,14.600907297046579,66.6666666666668,74.44129795189532,58.34094554609068,66.6666666666668,0.09089946746825994,0.054500579833984375,0.03629970550536932,0.109100341796875,65.67656222426294,68.1262610449471,-0.01668108481089625,-0.002796992535786505,-0.013884092275109746,0
918,2018-09-19,14.327300071716307,14.399999618530273,14.25450038909912,14.327300071716307,14.047874450683596,8328035,14.053895378112793,14.040638256072999,50.560398606696154,52.761835213002364,14.460291059409146,14.337368910672843,14.214446761936541,14.58050702201042,49.309954203276725,65.50987967374898,31.247971517648416,49.309954203276725,0.07269954681396662,0.0727996826171875,0.05449962615966797,0.09099960327148615,63.02203491918126,57.31754363704743,-0.01948460976594113,-0.00613451598181743,-0.0133500937841237,0
919,2018-09-20,14.290900230407715,14.36359977722168,14.23639965057373,14.25450038909912,13.976494789123535,12458822,14.057139253616333,14.050421371459962,47.302960817518255,51.18323136018804,14.45800900855293,14.329967759360144,14.20192651016736,14.560922757975705,31.937078483683447,49.30456645120905,6.222318387310843,31.937078483683447,0.07269954681396484,0.054500579833984375,0.03629970550537287,0.09090042114257635,71.63021960733144,61.45164679829016,-0.027266438930769965,-0.010360900571607937,-0.016905538359162028,0
920,2018-09-21,14.327300071716307,14.327300071716307,14.163599967956545,14.163599967956545,13.887367248535154,27435754,14.059460783004761,14.058421936035156,43.53164548836313,49.27423601266689,14.443610351008664,14.302892208950084,14.162174066891504,14.54212186450238,12.490096634986552,31.245709773982302,0.0,12.490096634986552,0.0,0.16370010375976207,0.0727996826171875,0.09090042114257457,67.91337306076586,66.64023420537936,-0.04030390063047484,-0.01634950058338132,-0.023954400047093524,0
921,2018-09-24,14.163599967956545,14.272700309753418,14.109100341796875,14.127300262451172,13.851776123046875,11752727,14.047631216049194,14.063943157196045,42.088588876984005,48.52474828373846,14.434840579153851,14.26178855238929,14.08873652562473,14.524073006767988,4.159584060236203,16.195586392968796,6.25643379339737,4.159584060236203,0.10910034179687322,0.054499626159669745,0.10910034179687322,0.054499626159669745,75.97223888687054,71.85196808713292,-0.05295483544257529,-0.023670567555220113,-0.029284267887355175,0
922,2018-09-26,14.272700309753418,14.272700309753418,14.109100341796875,14.163599967956545,13.887367248535154,12117613,14.035811805725098,14.067700920104981,44.084739555225696,49.32410444528504,14.368560095732407,14.222007089335918,14.075454082939428,14.506746103342971,8.330437443311922,8.32670604617829,18.734878536537998,8.330437443311922,0.0,0.16359996795654297,0.1454000473022461,0.018199920654296875,70.20821748681007,72.84189515235634,-0.059367359594732605,-0.03080992596312261,-0.028557433631609994,0
923,2018-09-27,14.23639965057373,14.23639965057373,14.127300262451172,14.145500183105467,13.869620323181152,6242643,14.02222032546997,14.06686098098755,43.28358105991526,48.93118524490192,14.275923493677194,14.18809778534228,14.100272077007364,14.490112276054955,13.097945243847796,8.529322249132036,14.302523401607624,13.097945243847796,0.0,0.1090993881225586,0.07279968261718572,0.03629970550537287,64.68804179494924,77.75490905276827,-0.06515872335340589,-0.037679685441179264,-0.027479037912226625,0
924,2018-09-28,14.218199729919435,14.218199729919435,14.090900421142578,14.127300262451172,13.851776123046875,22256190,14.00773663520813,14.064604434967041,42.448268920274074,48.528092028555314,14.192632423312208,14.160164954975187,14.127697486638166,14.47414380185846,16.144996234289938,12.52445964048328,15.397586764723796,16.144996234289938,0.0,0.12729930877685725,0.0726995468139684,0.05459976196288885,59.559308429422806,81.42339796467697,-0.07040541258002087,-0.04422483086894759,-0.026180581711073278,0
925,2018-10-02,14.054499626159668,14.127300262451172,13.76360034942627,13.800000190734865,13.530858993530273,32851012,13.970139026641846,14.048503723144531,30.899076742529267,42.06512399501443,14.374804163763274,14.100738148273543,13.826672132783811,14.458814066629825,12.283317292079937,13.842086256739286,7.149841709907998,12.283317292079937,0.0728006362915039,0.29089927673339844,0.0,0.36369991302490234,53.837275797925614,68.99267949853322,-0.09982313307875401,-0.05534449131090887,-0.04447864176784514,0
926,2018-10-03,13.727299690246582,13.800000190734865,13.654500007629395,13.727299690246582,13.459575653076172,22221144,13.931626462936402,14.030977344512939,29.01094077960464,40.81305766850076,14.391023440870264,14.013407277507511,13.635791114144759,14.417101243597612,11.44116520376555,13.289826243378537,11.776067136664455,11.44116520376555,0.07270050048828303,0.0727996826171875,0.0,0.14550018310547053,62.39627233136591,64.72813044336122,-0.1275330892568416,-0.06978221090009541,-0.05775087835674618,0
927,2018-10-04,13.81820011138916,13.81820011138916,13.563599586486815,13.563599586486815,13.299068450927734,30221789,13.88597331047058,14.009888858795167,25.266972703112135,38.160756216773386,14.357550344042389,13.900419462541493,13.443288581040596,14.356093144720155,6.3086362821909505,10.011039592678875,0.0,6.3086362821909505,0.0,0.2546005249023455,0.09090042114257812,0.1637001037597674,51.28735056793102,52.27133367311486,-0.16084849808083135,-0.0879954683362426,-0.07285302974458875,0
928,2018-10-05,13.472700119018555,13.58180046081543,13.454500198364258,13.563599586486815,13.299068450927734,20110939,13.849157619476319,13.990567893981934,25.266972703112135,38.16075621677338,14.199150764962988,13.784751150877199,13.370351536791409,14.276843788896821,8.687236688299112,8.812346058085266,14.285642928232482,8.687236688299112,0.109100341796875,0.018199920654296875,0.018200874328615058,0.10909938812255682,56.28036563269373,49.35088556640591,-0.18511728279386297,-0.10741983122776667,-0.0776974515660963,0
929,2018-10-08,13.63640022277832,13.727299690246582,13.545499801635742,13.545499801635742,13.28132152557373,12264729,13.815873384475708,13.971597785949706,24.8556400000973,37.8681289907364,13.889849457687284,13.682339205771214,13.474828953855145,14.178162558032913,9.270382492298689,8.088751820929646,13.525504548663184,9.270382492298689,0.09089946746826172,0.09090042114257812,0.1637001037597674,0.018099784851072442,58.26513058980285,56.194495678250824,-0.203465546727589,-0.12662897432773113,-0.07683657239985786,0
930,2018-10-09,13.545499801635742,13.600000381469727,13.490900039672852,13.545499801635742,13.28132152557373,9702658,13.783473873138428,13.952275733947754,24.855640000097296,37.8681289907364,13.741385696279465,13.602240732570145,13.463095768860825,14.091323074872674,17.610555256766162,11.85605814578805,25.020518293402418,17.610555256766162,0.054500579833984375,0.054599761962890625,0.054500579833984375,0.054599761962890625,59.85322079639993,57.775400071580876,-0.2155222714992835,-0.1444076337620416,-0.07111463773724189,0
931,2018-10-10,13.600000381469727,13.727299690246582,13.58180046081543,13.654500007629395,13.388195991516113,9754228,13.761721515655518,13.934737319946288,32.527283697824906,40.807818569762816,13.640675756898554,13.559093139350416,13.477510521802278,14.014904329691664,31.178786744535827,19.353241497866957,54.99033739154148,31.178786744535827,0.12729930877685547,0.018199920654296875,0.18179988861083984,-0.0363006591796875,54.59287936965861,63.176402679626534,-0.21381715599613926,-0.15828953820886113,-0.05552761778727813,0
932,2018-10-11,13.545499801635742,13.58180046081543,13.454500198364258,13.472700119018555,13.209941864013672,29584203,13.729629802703858,13.915755195617676,27.486855678877355,37.72087491329445,13.641266864119823,13.524926892612761,13.4085869211057,13.947655833932375,28.894131092630335,25.89449103131084,6.671537592946712,28.894131092630335,0.0363006591796875,0.09099960327148438,-0.07269954681396484,0.19999980926513672,55.904164644048336,60.12116354420907,-0.2245471317618204,-0.17154105691945298,-0.05300607484236741,0
933,2018-10-12,13.472700119018555,13.545499801635742,13.454500198364258,13.472700119018555,13.209941864013672,12352181,13.691302156448364,13.900308094024659,27.486855678877355,37.72087491329445,13.628591349184696,13.495286487177026,13.361981625169356,13.888477157664202,22.77780419247843,27.61690734321493,6.671537592946712,22.77780419247843,0.0727996826171875,0.018199920654296875,0.0727996826171875,0.018199920654296875,56.36263871246793,66.41662621068278,-0.2303948662590134,-0.18331181878736508,-0.04708304747164832,0
934,2018-10-15,13.345499992370605,13.472700119018555,13.345499992370605,13.381799697875975,13.120814323425293,13011037,13.63782091140747,13.889088706970215,25.22056254316555,36.24648587608634,13.642492246967846,13.460823542994383,13.27915483902092,13.836399922548209,7.616867058637328,19.762934114582094,9.507525990018168,7.616867058637328,0.12720012664794922,0.0,0.0,0.12720012664794922,65.19775960734215,67.63581802006851,-0.23960215775099236,-0.19456988658009053,-0.04503227117090183,0
935,2018-10-16,13.36359977722168,13.454500198364258,13.36359977722168,13.381799697875975,13.120814323425293,9739545,13.585231924057007,13.87610179901123,25.220562543165553,36.24648587608634,13.625232804061602,13.42608065594083,13.226928507820057,13.767673932323344,8.562196524327812,12.985622591814588,9.507525990018168,8.562196524327812,0.09090042114257812,0.0,0.07270050048828303,0.0181999206542951,73.05235091002956,73.06694163498881,-0.24408533874612104,-0.20447297701329664,-0.0396123617328244,0
936,2018-10-18,13.381799697875975,13.454500198364258,13.327300071716307,13.41819953918457,13.156503677368164,14834845,13.539771127700806,13.858524227142334,27.978285334076862,37.30184530054383,13.48224048626542,13.40061493188017,13.31898937749492,13.70856958072996,18.24396015502169,11.474341245995674,35.716828485028344,18.24396015502169,0.07270050048828303,0.05449962615966797,0.07270050048828303,0.05449962615966797,79.17491043035378,73.6370170943581,-0.24191251214223364,-0.21196088403908403,-0.029951628103149608,0
937,2018-10-19,13.41819953918457,13.81820011138916,13.36359977722168,13.654500007629395,13.388195991516113,16528168,13.505894947052003,13.840631923675538,42.74109653681407,43.588649956385005,13.617283974790064,13.41341499255281,13.209546010315554,13.327300071716307,37.292474067217974,21.36621024885589,66.65306772660703,37.292474067217974,0.40000057220458984,0.054599761962890625,0.40000057220458984,0.054599761962890625,97.50781440739455,94.34561900516304,-0.2186031375522255,-0.21328933474171233,-0.005313802810513163,0
938,2018-10-22,13.690899848937988,13.81820011138916,13.58180046081543,13.727299690246582,13.459575653076172,12560664,13.47648000717163,13.826288566589355,46.38714222926004,45.33972259806327,13.758096081769994,13.462311859663899,13.166527637557804,13.327300071716307,61.28426744799358,38.94023389007781,81.48290613234497,61.28426744799358,0.12730026245117188,0.1090993881225586,0.16370010375976562,0.07269954681396484,94.41853612369077,102.4772504046258,-0.19204222109711822,-0.2090399120127935,0.016997690915675295,1
939,2018-10-23,13.654500007629395,13.672699928283693,13.436400413513185,13.436400413513185,13.174349784851074,14724777,13.436372756958008,13.806240692138672,36.410131535235365,40.17230969897499,13.772970455960687,13.493759111546268,13.21454776713185,13.337118072509764,56.78684244268087,51.78786131929754,22.224553469090253,56.78684244268087,0.01819992065429865,0.21809959411620916,-0.05459976196288885,0.29089927673339666,78.2429257158842,82.22205214115732,-0.19224951123669598,-0.205681831857574,0.013432320620878013,1
940,2018-10-24,13.41819953918457,13.600000381469727,13.41819953918457,13.472700119018555,13.209941864013672,11787602,13.402501487731934,13.789379978179932,38.19647592650055,41.04186411523275,13.756223969185626,13.50598829609747,13.255752623009315,13.346739713287352,44.44217795443493,54.17109594836986,29.61907426186922,44.44217795443493,0.18180084228515625,0.0,0.1635999679565412,0.018200874328615058,82.82131033270852,78.82879899544668,-0.18732533741700053,-0.2020105329694593,0.014685195552458785,1
941,2018-10-25,13.436400413513185,13.600000381469727,13.36359977722168,13.600000381469727,13.334759712219238,19918309,13.376650667190551,13.774307823181152,44.124459817662995,44.0018251909008,13.738905522753,13.520245949777475,13.30158637680195,13.356168921249388,34.615160737623064,45.28139371157968,52.00185448190936,34.615160737623064,0.1635999679565412,0.07280063629150568,0.12730026245117188,0.109100341796875,93.0048061873056,81.7472115401185,-0.17117759810441768,-0.195843945996451,0.024666347892033313,1
942,2018-10-26,13.563599586486815,13.58180046081543,13.436400413513185,13.527299880981445,13.263476371765135,15611483,13.34545612335205,13.753567237854003,41.66648902852178,42.73126959918566,13.736357349024647,13.529876142707565,13.323394936390482,13.36359977722168,39.2102013122423,39.422513334766826,36.00967519294793,39.2102013122423,0.018200874328615058,0.12719917297362926,-0.018199920654296875,0.1635999679565412,93.0087764840481,81.74319179359222,-0.1623749636608096,-0.18915014952932271,0.0267751858685131,1
943,2018-10-29,13.509099960327148,13.618200302124025,13.472700119018555,13.600000381469727,13.334759712219238,10884962,13.318713092803955,13.737787322998047,44.967889202708996,44.39629542802587,13.675130876488904,13.543026158011159,13.410921439533414,13.36359977722168,54.830597103462615,42.88531971777606,76.48026163553016,54.830597103462615,0.10910034179687678,0.03639984130859375,0.0909004211425799,0.054599761962890625,94.5140271426474,85.81244224462549,-0.1478284156827261,-0.18088580276000338,0.03305738707727729,1
944,2018-10-30,13.600000381469727,13.63640022277832,13.490900039672852,13.545499801635742,13.28132152557373,12307744,13.290190362930298,13.72306001663208,43.00304718581472,43.41499693749501,13.6480373631476,13.55209218672227,13.45614701029694,13.37269178390503,59.72290750127007,51.254568638991735,66.67878567533175,59.72290750127007,0.03639984130859375,0.109100341796875,0.03639984130859375,0.109100341796875,91.52705524009349,84.44231541020692,-0.13909451790109628,-0.17252754578822196,0.03343302788712568,1
945,2018-10-31,13.618200302124025,13.709099769592285,13.509099960327148,13.600000381469727,13.334759712219238,12793693,13.280385398864746,13.71046314239502,45.56453196267983,44.68296284345261,13.626052592427277,13.56268286459811,13.499313136768942,13.381601950454712,70.52726656317587,61.693590389302926,68.4227523786653,70.52726656317587,0.09089946746825994,0.10910034179687678,0.16359996795654297,0.03639984130859375,90.21327874819069,91.66346483555095,-0.12631897318057028,-0.16328583126669163,0.03696685808612135,1
946,2018-11-01,13.490900039672852,13.618200302124025,13.490900039672852,13.509099960327148,13.245631217956545,12835678,13.269688177108765,13.694316215515137,42.161212090467075,43.01574331523047,13.638336124610326,13.563476738831483,13.48861735305264,13.390333913673402,53.920255806327326,61.39014329025783,26.65922936498452,53.920255806327326,0.12730026245117365,0.0,0.01819992065429865,0.109100341796875,102.40859441912605,88.71595698996018,-0.12212142646013113,-0.15505295030537952,0.03293152384524839,1
947,2018-11-02,13.454500198364258,13.781800270080565,13.454500198364258,13.76360034942627,13.495168685913086,16999416,13.279493188858032,13.684573650360107,52.79259702325972,48.58565830666336,13.760074284888725,13.585874609110064,13.411674933331403,13.398891237627717,63.173786493588445,62.54043628769728,94.43937773711512,63.173786493588445,0.3273000717163068,0.0,0.2727003097534162,0.054599761962890625,114.86200891305324,95.47681407330879,-0.09713902774578109,-0.14347016579345984,0.046331138047678744,1
948,2018-11-05,13.654500007629395,13.727299690246582,13.563599586486815,13.58180046081543,13.316914558410645,7563998,13.280385494232178,13.671971817016601,46.25236549488295,45.30516262076629,13.778577513387372,13.603467521912165,13.428357530436958,13.407277415102946,53.33088660789969,56.80830963593856,38.894052721599046,53.33088660789969,0.0727996826171875,0.0909004211425799,-0.0363006591796875,0.2000007629394549,122.2085060738781,81.81382742673183,-0.09096148108958246,-0.13296842885268437,0.042006947763101904,1
949,2018-11-06,13.58180046081543,13.654500007629395,13.545499801635742,13.618200302124025,13.352603912353516,5649769,13.283949613571167,13.660791549682617,47.650711526350406,46.06134207722446,13.78197807732667,13.615525043754857,13.449072010183045,13.415495869028671,61.116242568694986,59.20697189006111,50.01529724737041,61.116242568694986,0.07269954681396484,0.0363006591796875,0.07269954681396484,0.0363006591796875,130.07622718150648,81.80994648668315,-0.08218123376350306,-0.1228109898348481,0.040629756071345044,1
950,2018-11-07,13.618200302124025,13.690899848937988,13.472700119018555,13.490900039672852,13.227787017822266,14263246,13.281272888183594,13.648528556823731,43.39819209345983,43.86198485571462,13.802489722207516,13.607906698676516,13.413323675145515,13.423549953875881,33.34353149824688,49.26355355828059,11.121244525770823,33.34353149824688,0.07269954681396307,0.14550018310547053,0.07269954681396307,0.14550018310547053,132.44113600009564,79.04665854219502,-0.08452059102534726,-0.11515291007294794,0.03063231904760068,1
951,2018-11-08,13.527299880981445,13.672699928283693,13.527299880981445,13.563599586486815,13.299068450927734,13382605,13.276816511154175,13.63274257659912,46.343218984531894,45.40582666085316,13.77523602684259,13.595036553687805,13.41483708053302,13.431442957026146,31.489893618571443,41.98322256183784,33.33313908257272,31.489893618571443,0.14540004730224787,0.0,0.18179988861084162,-0.03639984130859375,158.13384621229997,100.78580015251504,-0.07959082912253912,-0.10804049388286617,0.02844966476032705,1
952,2018-11-09,13.545499801635742,13.618200302124025,13.454500198364258,13.472700119018555,13.209941864013672,14137707,13.276816511154175,13.614466304779052,43.30896257025108,43.84244285748105,13.682688530516533,13.57237402443549,13.462059518354447,13.439178100113406,17.041973733763545,27.291799616860697,6.671537592946712,17.041973733763545,0.07270050048828303,0.09099960327148438,0.054600715637210584,0.10909938812255682,156.53521041705181,104.83456932785178,-0.08207270162780667,-0.10284693543185428,0.02077423380404761,1
953,2018-11-12,13.618200302124025,13.654500007629395,13.490900039672852,13.618200302124025,13.352603912353516,7385662,13.283949613571167,13.59868938446045,49.05839018265671,46.87856518252512,13.68531654967271,13.562292668473006,13.439268787273303,13.446758540338921,36.41728727982968,28.3163848773883,69.24718516396923,36.41728727982968,0.03629970550536932,0.12730026245117365,0.18179988861083984,-0.018199920654296875,170.61587546251496,118.41975590376292,-0.0714750349767641,-0.09657255534083624,0.02509752036407213,1
954,2018-11-13,13.490900039672852,13.690899848937988,13.490900039672852,13.690899848937988,13.4238862991333,16527164,13.299103212356567,13.584338111877441,51.69451007326595,48.32616913994674,13.735134186887237,13.57347395087254,13.411813714857843,13.454187371759925,58.63957425230544,37.36627842196629,100.0,58.63957425230544,0.19999980926513672,0.0,0.07269954681396307,0.12730026245117365,177.9854343893409,119.99532968586718,-0.05655809543335977,-0.08856966335934094,0.03201156792598117,1
955,2018-11-14,13.709099769592285,13.76360034942627,13.654500007629395,13.727299690246582,13.459575653076172,11506646,13.316041278839112,13.567873401641846,53.005738802489,49.04710978213831,13.783792801029165,13.602084354001263,13.420375906973362,13.46146762655251,85.83440180123311,60.29708777778948,88.25602023972972,85.83440180123311,0.054500579833984375,0.054599761962890625,0.07270050048828125,0.03639984130859375,179.7284692470002,114.64005378519684,-0.04132280679287703,-0.07912029204604816,0.03779748525317113,1
956,2018-11-15,13.74549961090088,13.981800079345705,13.672699928283693,13.963600158691404,13.69126796722412,18221051,13.342779493331909,13.557102222442627,60.501564557983514,53.42208964690877,13.98566515305053,13.665015189051772,13.344365225053014,13.468602276249243,94.93482963283607,79.80293522879161,96.5484686587781,94.93482963283607,0.23630046844482422,0.0727996826171875,0.25450038909912287,0.05459976196288885,188.83762585195322,124.12186488504008,-0.010065232092706822,-0.06530928005537989,0.05524404796267307,1
957,2018-11-16,13.890899658203125,13.909099578857422,13.74549961090088,13.800000190734865,13.530858993530273,8844935,13.349912643432617,13.543476772308349,54.071110212167305,50.31996754964515,13.9608840677158,13.725929884385799,13.490975701055799,13.489130188373101,82.59016514459013,87.78646552621984,62.96600653526219,82.59016514459013,0.018199920654296875,0.14540004730224432,-0.0545005798339826,0.2181005477905238,169.0348413857834,100.76577957813602,0.0014883145401540787,-0.0519497611362731,0.05343807567642718,1
958,2018-11-19,13.81820011138916,13.927300453186035,13.800000190734865,13.890899658203125,13.619985580444336,8186927,13.357933139801025,13.535168838500976,56.81740462500375,51.928387991138834,13.985228632704818,13.782924123681589,13.58061961465836,13.508836984012005,80.33246044212844,85.95248507318495,81.4829061323446,80.33246044212844,0.109100341796875,0.0181999206542951,0.1273002624511701,0.0,180.61645141170507,119.32338830353495,0.017774517260916056,-0.03800490545683527,0.055779422717751326,1
959,2018-11-20,13.76360034942627,14.018199920654295,13.76360034942627,13.890899658203125,13.619985580444336,14272813,13.380214929580688,13.528628425598145,56.81740462500375,51.928387991138834,13.995269356119202,13.831067395293388,13.666865434467574,13.527755507825352,69.81581912550332,77.5794815707407,64.99854470890277,69.81581912550332,0.25459957122802557,0.0,0.1273002624511701,0.12729930877685547,193.44878067134061,115.99355321659472,0.030331804096146442,-0.02433756354623893,0.05466936764238537,1
960,2018-11-21,13.76360034942627,13.963600158691404,13.76360034942627,13.909099578857422,13.63783073425293,12099771,13.40160937309265,13.522798805236816,57.40878050541296,52.261193742054544,13.975164111933932,13.86979120054228,13.76441828915063,13.55718217259509,71.63464239753623,73.92764065505607,68.42247635136087,71.63464239753623,0.19999980926513494,0.0,0.07270050048827947,0.12729930877685547,197.80048821032491,119.18707107935744,0.041276318174848114,-0.011214787202021521,0.052491105376869636,1
961,2018-11-22,14.0,14.090900421142578,13.909099578857422,14.072699546813965,13.798238754272461,13889090,13.424783325195312,13.52229871749878,62.394184362273684,55.15529272040124,14.094717542525695,13.917484198302347,13.740250854079,13.584843237478642,76.05050908214389,72.50032353506121,94.73050618616759,76.05050908214389,0.09090042114257812,0.09090042114257812,0.18180084228515625,0.0,187.60650302409653,124.98794530467538,0.06243140421965343,0.0035144510823134686,0.05891695313733996,1
962,2018-11-23,14.109100341796875,14.109100341796875,13.909099578857422,14.0,13.726958274841307,9691541,13.447957420349121,13.519802360534667,59.084525444781846,53.656293876044636,14.104834383758567,13.960122972975178,13.81541156219179,13.625327812171758,77.19181962962985,74.95899036977005,68.42247635136067,77.19181962962985,0.0,0.20000076293945312,0.036400794982910156,0.16359996795654297,169.50196473908946,117.68352117949338,0.07249503879131147,0.017310568624113072,0.0551844701671984,1
963,2018-11-26,14.145500183105467,14.327300071716307,14.0,14.272700309753418,13.994338989257812,14326105,13.48093638420105,13.520159244537354,66.30476719829446,58.08740267476211,14.300591382903155,14.02405816622916,13.747524949555165,13.67370506513427,84.48900560003953,79.24377810393781,90.3140342625899,84.48900560003953,0.18179988861083984,0.14550018310546697,0.3273000717163068,0.0,150.8899031784198,117.31778512347563,0.10130736934725526,0.03410992876874151,0.06719744057851375,1
964,2018-11-27,14.272700309753418,14.36359977722168,14.199999809265135,14.327300071716307,14.047874450683596,13805957,13.519264030456544,13.517307949066161,67.5398904072719,58.90329784627957,14.424111876896276,14.104936974055605,13.785762071214933,13.752136465924114,84.22885130890018,81.96989217952324,93.95004331274954,84.22885130890018,0.09089946746826172,0.07270050048828303,0.09089946746826172,0.07270050048828303,151.83304551873636,114.1651038481061,0.1270821692345958,0.05270437686191237,0.07437779237268344,1
965,2018-11-28,14.381799697875975,14.454500198364258,14.309100151062012,14.454500198364258,14.17259407043457,19194252,13.561155748367309,13.517307949066161,70.27365576116,60.749269496487166,14.534765905243288,14.20102297998232,13.86728005472135,13.837741329505773,94.75469252511328,87.8241831446844,100.0,94.75469252511328,0.07270050048828303,0.07269954681396307,0.127200126647951,0.0181999206542951,166.9708344062854,138.37953720731275,0.1559748895714126,0.07335847940381242,0.08261641016760017,1
966,2018-11-29,14.41819953918457,14.454500198364258,14.145500183105467,14.18179988861084,13.905211448669435,12743601,13.594134759902953,13.514097785949707,58.83378484519493,55.233417135507764,14.56727612879484,14.263401607267554,13.959527085740268,13.93642274852313,81.31668110424998,86.76674164608788,50.0,81.31668110424998,0.0363006591796875,0.27269935607910334,0.0,0.30900001525879084,138.2382008492805,114.059242273246,0.15508027379148004,0.08970283828134594,0.0653774355101341,1
967,2018-11-30,14.290900230407715,14.41819953918457,14.23639965057373,14.345499992370605,14.065719604492188,29061094,13.62266230583191,13.514097785949707,62.75356654587172,57.628411594035114,14.487397660576999,14.308368878850615,14.129340097124231,14.01931514049771,75.33918896801795,83.8035208657938,76.01756690405348,75.33918896801795,0.12729930877685547,0.054500579833984375,0.23639965057373047,-0.054599761962890625,137.70737385495218,127.73156433199648,0.16567076516078494,0.10489642365723374,0.060774341503551196,1
968,2018-12-03,14.527299880981445,14.527299880981445,14.381799697875975,14.472700119018555,14.190439224243164,18677659,13.666338539123535,13.516949081420899,65.50230475471092,59.379576152312595,14.564490844668653,14.355492904939169,14.146494965209685,14.088944749756358,70.5723123163217,75.74272746286327,85.69937004491122,70.5723123163217,0.0,0.14550018310547053,0.18179988861083984,-0.03629970550536932,135.63178393563996,150.91914389366173,0.18222719140596588,0.12036257720698017,0.061864614198985715,1
969,2018-12-04,14.490900039672852,14.545499801635742,14.41819953918457,14.545499801635742,14.261818885803224,13504024,13.71179928779602,13.522655563354492,67.00318188128867,60.35211337063788,14.663462536925016,14.410468765231172,14.15747499353733,14.167848673376874,87.23897898298837,77.71682675577607,100.0,87.23897898298837,0.054599761962890625,0.07270050048828125,0.0727996826171875,0.054500579833984375,130.7556133738335,150.00495389478107,0.1989294693691619,0.13607595563941652,0.06285351372974537,1
970,2018-12-05,14.381799697875975,14.509099960327148,14.381799697875975,14.472700119018555,14.190439224243164,10422790,13.759931898117065,13.528717002868653,64.00436904116977,58.88994562222519,14.712775688941104,14.45625107194492,14.199726454948735,14.243378899028647,89.16647734460047,82.32592288130358,81.80006198888977,89.16647734460047,0.12730026245117365,0.0,-0.03639984130859375,0.1637001037597674,142.3274760624922,142.33961397536547,0.2039409150931526,0.14964894753016372,0.054291967562988874,1
971,2018-12-06,14.381799697875975,14.509099960327148,14.290900230407715,14.509099960327148,14.226128578186035,14838690,13.80628490447998,13.536204051971435,64.85142202946565,59.39996838391466,14.626973711020309,14.492096551750166,14.357219392480022,14.545499801635742,90.00799828407524,88.80448487055476,88.22393286333555,90.00799828407524,0.12730026245117365,0.09089946746825994,0.03639984130859375,0.18179988861083984,145.4425991258113,126.89490593956609,0.20844683951015064,0.16140852592616112,0.04703831358398952,1
972,2018-12-07,14.81820011138916,14.81820011138916,14.454500198364258,14.490900039672852,14.20828342437744,14791328,13.856201982498169,13.542622375488282,64.03994167802539,59.02028752390872,14.56980102615143,14.51532273210659,14.46084443806175,14.290900230407715,69.31767995850079,82.8307185290589,37.92904502327667,69.31767995850079,0.0,0.36369991302490234,0.3091001510620117,0.054599761962890625,117.67906896804914,143.9665700980258,0.20814981409223776,0.17075678355937646,0.037393030532861304,1
973,2018-12-10,14.36359977722168,14.454500198364258,14.309100151062012,14.436400413513185,14.154847145080565,18378163,13.896314144134521,13.548326911926269,61.5560654184178,57.8715837672175,14.593800174723677,14.521060554289377,14.448320933855078,14.290900230407715,51.248806393760276,70.19149487877883,27.59344129466822,51.248806393760276,0.09090042114257812,0.05449962615966797,-0.03639984130859375,0.18179988861083984,105.25157417481769,121.95586055373869,0.20119747569119717,0.1768449219857406,0.02435255370545658,1
974,2018-12-11,14.509099960327148,14.509099960327148,14.381799697875975,14.436400413513185,14.154847145080565,15571155,13.932862186431885,13.554388332366944,61.556065418417816,57.871583767217494,14.572378132918672,14.514228496113951,14.45607885930923,14.301446228027343,31.038642537537836,50.535042963266356,27.59344129466822,31.038642537537836,0.0,0.12730026245117365,0.07269954681396307,0.054600715637210584,100.72511374580846,135.64967167152605,0.1934576381896278,0.18016746522651803,0.013290172963109775,1
975,2018-12-12,14.454500198364258,14.545499801635742,14.41819953918457,14.436400413513185,14.154847145080565,15923312,13.967625761032105,13.566868095397949,61.5560654184178,57.8715837672175,14.564365537794446,14.500996728826387,14.437627919858327,14.309100151062012,27.593441294668352,36.62696340865554,27.59344129466822,27.593441294668352,0.09099960327148438,0.0363006591796875,0.10909938812255682,0.018200874328615058,101.47062422953749,138.5902396606373,0.18518901748965533,0.1811717756791455,0.004017241810509831,1
976,2018-12-13,14.509099960327148,14.527299880981445,14.454500198364258,14.509099960327148,14.226128578186035,18006382,13.9943687915802,13.582199153900147,63.88955633544793,59.05710219969801,14.557905499141869,14.49453669017381,14.43116788120575,14.319282150268554,31.49062031774515,30.040901383317166,39.28497836389862,31.49062031774515,0.018199920654296875,0.054599761962890625,0.09089946746825994,-0.018099784851072442,103.06710373695107,151.419346105258,0.18239973130259024,0.18141736680383444,0.0009823644987558,1
977,2018-12-14,14.472700119018555,14.600000381469727,14.436400413513185,14.600000381469727,14.315256118774414,18880812,14.033588647842407,13.60252290725708,66.61797578352768,60.49847655428371,14.634806824678993,14.505554570582575,14.376302316486157,14.329260509490966,55.62613988618907,38.23673383286758,100.0,55.62613988618907,0.12730026245117188,0.03629970550536932,0.09090042114257812,0.07269954681396307,100.75416579250205,138.73060214275324,0.1853870793519885,0.18221130931346524,0.0031757700385232623,1
978,2018-12-17,14.63640022277832,14.690899848937988,14.563599586486815,14.690899848937988,14.404383659362793,14861795,14.07280855178833,13.62462921142578,69.12987057729903,61.8898173235116,14.735504099619135,14.538235928133972,14.340967756648809,14.33903930152893,79.761659454633,55.62613988618913,100.0,79.761659454633,0.05449962615966797,0.07280063629150568,0.09089946746826172,0.03640079498291193,100.75984793432109,145.78003560588718,0.1928661605066555,0.1843422795521033,0.008523880954552199,1
979,2018-12-18,14.690899848937988,14.709099769592285,14.563599586486815,14.600000381469727,14.315256118774414,12726266,14.107572078704834,13.645307903289796,63.94784695692015,59.70883313543429,14.744605798916066,14.570393292008859,14.396180785101652,14.348622517726135,87.49864767843282,74.29548233975169,62.495943035298055,87.49864767843282,0.018199920654296875,0.12730026245117365,0.018199920654296875,0.12730026245117365,99.99995996164333,127.81295036211287,0.18927669494082977,0.1853291626298486,0.003947532310981161,1
980,2018-12-19,14.63640022277832,14.63640022277832,14.490900039672852,14.563599586486815,14.279565811157227,10289789,14.13965883255005,13.665272789001465,61.94537884168696,58.84765085981686,14.708830077470418,14.590219453446203,14.471608829421987,14.358014069599395,69.7134714563486,78.99125952980486,46.64447133374733,69.7134714563486,0.0,0.14550018310546875,0.03639984130859375,0.109100341796875,86.32979809242649,127.1839845123004,0.18140366910069616,0.18454406392401812,-0.003140394823321957,0
981,2018-12-20,14.527299880981445,14.58180046081543,14.490900039672852,14.58180046081543,14.297411918640135,9269273,14.164617490768432,13.683457107543946,62.57642746420926,59.15314480347992,14.688168564402966,14.60028023390906,14.512391903415155,14.367217790435191,54.153074271798495,70.45506446886002,53.318808446349706,54.153074271798495,0.054500579833984375,0.03639984130859375,0.018200874328615058,0.07269954681396307,86.95597146276701,122.41123066440103,0.17461998733078588,0.18255924860537168,-0.007939261274585802,0
982,2018-12-21,14.63640022277832,14.672699928283693,14.490900039672852,14.600000381469727,14.315256118774414,21163270,14.194032382965087,13.70556339263916,63.232954206411776,59.46516608742867,14.69371634767967,14.605828017185765,14.517939686691859,14.37623743685427,49.98783277084036,57.95145949966254,50.00021853242366,49.98783277084036,0.03629970550537287,0.14550018310546875,0.0908994674682635,0.09090042114257812,76.76123370667918,112.71480977880317,0.1687670110979429,0.1798008011038859,-0.011033790005943012,0
983,2018-12-24,14.58180046081543,14.690899848937988,14.509099960327148,14.690899848937988,14.404383659362793,7060170,14.214534616470337,13.729452228546142,66.40327788755245,61.00796935952994,14.707361865094521,14.619473534600615,14.53158520410671,14.385076690344967,64.99269381089437,56.37786695117779,91.65905445390933,64.99269381089437,0.1090993881225586,0.07270050048828125,0.09089946746826172,0.09090042114257812,82.60789254643521,127.02254453907192,0.16950931474662667,0.17774250383243406,-0.00823318908580739,0
984,2018-12-27,14.727299690246582,14.81820011138916,14.58180046081543,14.74549961090088,14.457918167114258,22279644,14.23503680229187,13.756194305419921,68.17818794198023,61.91099064839055,14.785009814972558,14.645070134424259,14.50513045387596,14.39373915876585,73.14902901779709,62.70985186651066,77.78781406705785,73.14902901779709,0.09090042114257812,0.14549922943115234,0.12730026245117188,0.1090993881225586,77.92899662985933,120.50845839256152,0.17251469816361364,0.17669694269866998,-0.004182244535056334,0
985,2018-12-28,14.727299690246582,14.74549961090088,14.63640022277832,14.709099769592285,14.42222785949707,9569459,14.247518491744994,13.782222576141358,65.68670410293797,60.93532279352929,14.798650166122007,14.671396608617954,14.5441430511139,14.402228377818316,78.70447935408471,72.28206739425877,66.66656954128655,78.70447935408471,0.01819992065429865,0.09089946746826172,0.0,0.10909938812256037,66.66418405196305,115.51283448307261,0.16999967278007055,0.1753574887149501,-0.005357815934879551,0
986,2018-12-31,14.74549961090088,14.76360034942627,14.63640022277832,14.727299690246582,14.440073013305664,7390845,14.274261569976806,13.807893962860108,66.34887022484025,61.251950099107354,14.796529598952924,14.69520613932719,14.593882679701457,14.410547812489733,72.22719180417225,74.6935667253514,72.22719180417192,72.22719180417225,0.01810073852538885,0.10909938812256037,0.054500579833984375,0.07269954681396484,57.68730455399913,117.69670261932777,0.1675437386111973,0.17379473869419954,-0.006251000083002223,0
987,2019-01-02,14.81820011138916,14.81820011138916,14.545499801635742,14.781800270080565,14.493511199951172,16528080,14.295651149749755,13.830000267028808,68.3203870564612,62.2033072984613,14.783122682357263,14.72056257669147,14.658002471025679,14.418700858467721,75.70589806959795,75.54585640928502,88.22393286333497,75.70589806959795,0.0,0.27270030975341797,0.09090042114257812,0.18179988861083984,51.2010105791052,104.06441174940375,0.16805786791167243,0.1726473645376941,-0.004589496626021677,0
988,2019-01-03,14.781800270080565,14.781800270080565,14.58180046081543,14.709099769592285,14.42222785949707,13261109,14.30724058151245,13.849253311157227,63.01670428153541,60.16000683491114,14.790642868804946,14.73623348015775,14.681824091510554,14.42669084352615,73.48123690205959,73.80477559194333,59.992586038671504,73.48123690205959,0.0,0.19999980926513494,0.0,0.19999980926513494,51.20102675678401,100.79619638419778,0.1607460162658363,0.17026709488332253,-0.009521078617486245,0
989,2019-01-04,14.709099769592285,14.800000190734865,14.63640022277832,14.800000190734865,14.511356353759766,16058816,14.319717454910279,13.8759934425354,66.51670855581445,61.7876000304855,14.828989787620868,14.752731399513621,14.676473011406374,14.43452102888341,80.51418494857712,76.56710664007828,93.32603594372449,80.51418494857712,0.0909004211425799,0.07269954681396484,0.0909004211425799,0.07269954681396484,49.38045962869689,87.59313615270447,0.16043680978243025,0.16830103786314407,-0.007864228080713825,0
990,2019-01-07,14.81820011138916,14.890899658203125,14.74549961090088,14.890899658203125,14.600481986999512,16596152,14.340219593048095,13.903804244995117,69.61351571309869,63.34067150131292,14.908390600930659,14.780360643048319,14.652330685165978,14.442194610533525,84.4395406607988,79.47832083714523,100.0,84.4395406607988,0.07269954681396484,0.07270050048827947,0.09089946746825994,0.054500579833984375,48.76257050165476,88.27813025410627,0.16561745384808546,0.16776432106013234,-0.002146867212046877,0
991,2019-01-08,14.800000190734865,15.0,14.800000190734865,14.945500373840332,14.654017448425293,14465975,14.36161403656006,13.930189399719238,71.3288722425872,64.24587550067278,14.986650937233525,14.819830992760743,14.65301104828796,14.460142812440308,93.77830810345738,86.24401123761116,88.00888836664723,93.77830810345738,0.19999980926513494,0.0,0.109100341796875,0.09089946746825994,54.4277572087432,84.84989970531437,0.17214459726832487,0.16864037630177084,0.0035042209665540336,1
992,2019-01-09,15.072699546813965,15.18179988861084,14.927300453186035,15.127300262451172,14.83227252960205,22389656,14.39281349182129,13.961565322875977,76.15553151975209,67.05485170697014,15.1663770893941,14.883374044681048,14.600370999967996,14.492534243693889,92.97520289251526,90.39768388559054,90.91672031089813,92.97520289251526,0.109100341796875,0.1453990936279297,0.2362995147705078,0.018199920654296875,59.60300326691264,107.75160535670469,0.18979924949794302,0.17287215094100528,0.016927098556937747,1
993,2019-01-10,15.0,15.090900421142578,14.927300453186035,15.072699546813965,14.778736114501953,12674277,14.424007940292359,13.99044485092163,72.22302378716333,65.4532491334893,15.188659710384016,14.950314400278089,14.711969090172161,14.547675495287246,86.30728890627422,91.02026663408235,79.99625804127695,86.30728890627422,0.09090042114257812,0.07269954681396484,-0.03639984130859375,0.19999980926513672,57.893481870620334,84.60521458469879,0.1971126749318799,0.1777202557391802,0.019392419192699684,1
994,2019-01-11,15.090900421142578,15.145500183105467,15.018199920654295,15.145500183105467,14.850116729736328,11974482,14.458771419525146,14.021820755004883,74.14039294265856,66.55769890984149,15.218380682919182,15.016556097169449,14.814731511419716,14.598405446753134,87.53102927269715,88.93784035716226,91.68010946591605,87.53102927269715,0.05459976196288885,0.07270050048828303,0.07280063629150213,0.054499626159669745,61.48878726061565,77.03493036655377,0.20640372652950845,0.18345694989724587,0.022946776632262578,1
995,2019-01-14,15.145500183105467,15.145500183105467,15.0,15.109100341796875,14.814427375793455,6755489,14.49175043106079,14.051414108276367,71.48352591901165,65.47239920257019,15.212912597227575,15.070034011755823,14.92715542628407,14.64507700210175,84.21169607126068,86.01667141674407,80.95872070658871,84.21169607126068,0.0,0.14550018310546697,0.0,0.14550018310546697,57.8934818706203,71.42127672328013,0.20842717019500334,0.18845099395679737,0.019976176238205967,1
996,2019-01-15,15.18179988861084,15.23639965057373,15.109100341796875,15.23639965057373,14.939244270324707,12471961,14.527406215667725,14.08528636932373,74.87466888177335,67.4003388181634,15.231790713168921,15.12242026816655,15.01304982316418,14.688014833022478,90.8796100575017,87.54077846715323,100.0,90.8796100575017,0.054599761962890625,0.07269954681396484,0.12729930877685547,0.0,53.8464900733951,83.2024545133871,0.217792181514044,0.1943192314682467,0.023472950045797303,1
997,2019-01-16,15.23639965057373,15.23639965057373,15.109100341796875,15.199999809265135,14.90355396270752,16173609,14.55682110786438,14.11345407485962,72.2296581774768,66.30252602963381,15.284753548944161,15.166108749416097,15.047463949888032,14.742853314777603,89.72753907894055,88.27294840256769,88.22389653023262,89.72753907894055,0.0,0.12729930877685547,0.0,0.12729930877685547,48.73299789167713,83.58683114419203,0.21974378786743287,0.19940414274808393,0.020339645119348937,1
998,2019-01-17,15.25450038909912,15.25450038909912,15.145500183105467,15.18179988861084,14.885708808898926,8044265,14.580887365341187,14.144829959869385,70.8813804087578,65.74725108566756,15.283787784837605,15.195909769040142,15.10803175324268,14.792207948357216,86.55264274146622,89.05326395930287,71.43403169416567,86.55264274146622,0.0,0.10900020599365234,0.054500579833984375,0.05449962615966797,53.47395069710681,72.6507263302392,0.21731677595117027,0.2029866693887012,0.01433010656246908,1
999,2019-01-18,15.272700309753418,15.272700309753418,15.145500183105467,15.18179988861084,14.885708808898926,11515157,14.609409999847411,14.175492057800293,70.8813804087578,65.74725108566756,15.295685352773281,15.212751194697418,15.129817036621555,14.847683041246244,75.44149277311543,83.90722486450746,66.66655009494767,75.44149277311543,0.0,0.127200126647951,0.09090042114257812,0.03629970550537287,48.65098686623844,83.33031731170146,0.21293872643328626,0.2049770807976182,0.007961645635668063,1
1000,2019-01-21,15.163599967956545,15.272700309753418,15.127300262451172,15.25450038909912,14.956992149353027,8092141,14.643281316757202,14.210076160430908,73.19904800761185,66.93679170757774,15.287290495361992,15.228206330087389,15.169122164812785,14.907185458837247,75.6586445778259,79.21759336413591,88.87535194436401,75.6586445778259,0.10910034179687322,0.03629970550537287,0.09090042114257812,0.05449962615966797,54.55040670030205,84.16843119392759,0.2128814486285009,0.20655795436379473,0.006323494264706159,1
1001,2019-01-22,15.163599967956545,15.272700309753418,15.163599967956545,15.272700309753418,14.974836349487305,7343168,14.677152538299561,14.2435915184021,73.76204246208331,67.23220792635387,15.321271833459518,15.245013445353017,15.168755057246516,14.958357537965512,85.18063401310401,78.7602571213485,100.0,85.18063401310401,0.10910034179687322,0.0,0.01819992065429865,0.09090042114257457,56.028968512906296,77.42208132553452,0.2118624189632321,0.2076188472836822,0.00424357167954989,1
1002,2019-01-23,15.218199729919435,15.41819953918457,15.218199729919435,15.381799697875975,15.081808090209961,13013485,14.715480136871339,14.281028842926025,76.89539401253799,68.9565580571339,15.420925887580248,15.273665370836184,15.12640485409212,15.002365526015819,92.12082811918965,84.3200355700399,87.48713241320465,92.12082811918965,0.19999980926513494,0.0,0.14549922943115234,0.0545005798339826,64.49450160979455,77.35293852462745,0.21735273244935627,0.20956562431681702,0.007787108132539244,1
1003,2019-01-24,15.436400413513185,15.436400413513185,15.36359977722168,15.436400413513185,15.13534450531006,9169515,14.7520281791687,14.316683654785157,78.29257393582736,69.78187410931862,15.497500446974101,15.314339224467318,15.131178001960535,15.068898968122818,95.82904413773498,91.0435020900096,100.0,95.82904413773498,0.0,0.07280063629150568,0.054600715637210584,0.0181999206542951,58.56846121682483,77.6106882114012,0.22353291853690216,0.21235908316083404,0.011173835376068114,1
1004,2019-01-25,15.436400413513185,15.58180046081543,15.41819953918457,15.563599586486815,15.26006317138672,17538337,14.792135429382324,14.353407192230225,81.15204016209977,71.60559997879471,15.598967084686084,15.37244515965439,15.145923234622696,15.135049228293084,94.49418044980409,94.14801756890962,95.99540893620733,94.49418044980409,0.14540004730224432,0.018200874328615058,0.14540004730224432,0.018200874328615058,63.50176430588606,80.65490229092738,0.23597450356023408,0.21708216724071405,0.01889233631952003,1
1005,2019-01-28,15.563599586486815,15.600000381469727,15.472700119018555,15.545499801635742,15.242316246032715,10453505,14.833139848709106,14.389062004089356,79.54630832290397,70.97351671700342,15.648437475071642,15.43340913373639,15.218380792401138,15.224399474797554,94.50224842697037,94.94182433816987,87.5113363447035,94.50224842697037,0.03640079498291193,0.09089946746825994,0.03640079498291193,0.09089946746825994,65.18511063974762,82.79927108048881,0.24158915852133234,0.2219835654968377,0.019605593024494633,1
1006,2019-01-29,15.545499801635742,15.563599586486815,15.454500198364258,15.563599586486815,15.26006317138672,14400040,14.87413935661316,14.420437908172607,79.97305771006037,71.23682131813892,15.638742138858973,15.488649633388938,15.338557127918904,15.299519656131988,91.32425533597664,93.4402280709171,90.4660207270188,91.32425533597664,0.018099784851072442,0.09099960327148438,0.018099784851072442,0.09099960327148438,67.41962467340188,82.64867639446632,0.24467880939326037,0.22652261427612225,0.01815619511713812,1
1007,2019-01-30,15.63640022277832,15.63640022277832,15.472700119018555,15.527299880981445,15.22447109222412,14047156,14.910687351226807,14.454310150146485,76.52465862320199,69.91772705631782,15.623154423034682,15.528373473336927,15.433592523639172,15.359615801199535,79.32820949230721,88.38490441841815,60.007271405199056,79.32820949230721,0.0,0.16370010375976562,0.07280063629150568,0.09089946746825994,61.86699492331731,84.43216733785205,0.24141541052732407,0.22950117352636262,0.011914237000961447,1
1008,2019-01-31,15.600000381469727,15.600000381469727,15.41819953918457,15.472700119018555,15.170936584472654,18118579,14.948122787475587,14.48532917022705,71.52869507848307,67.95496693130997,15.61338296326966,15.545940385688084,15.478497808106509,15.414972685515291,58.48352161983029,76.37866214937145,24.977272727272727,58.48352161983029,0.0,0.18180084228515625,0.07270050048828125,0.109100341796875,59.574899470725825,82.93115639481425,0.23175190720765926,0.22995132026262194,0.001800586945037319,1
1009,2019-02-01,15.527299880981445,15.545499801635742,15.454500198364258,15.545499801635742,15.242316246032715,10658015,14.984670782089234,14.517775783538818,73.96894847400553,69.15236017769442,15.617745084813919,15.555162298634833,15.492579512455748,15.41819953918457,47.77515107446038,61.86229406219936,58.34090909090909,47.77515107446038,0.018199920654296875,0.0727996826171875,0.0727996826171875,0.018199920654296875,56.026817185348335,84.88131394390399,0.22734712108669797,0.22943048042743713,-0.002083359340739166,0
1010,2019-02-04,15.454500198364258,15.600000381469727,15.454500198364258,15.527299880981445,15.22447109222412,5991026,15.015870237350464,14.549508590698242,72.30055050798872,68.48886748628478,15.619272533179439,15.558411788966936,15.497551044754433,15.41819953918457,44.43939393939403,50.232688877894965,50.0,44.43939393939403,0.14550018310546875,0.0,0.054500579833984375,0.09099960327148438,61.6559655460722,82.20412329064942,0.21985338192449966,0.22751506072684963,-0.007661678802349969,0
1011,2019-02-08,15.454500198364258,15.76360034942627,15.454500198364258,15.76360034942627,15.456162452697756,15648590,15.055977487564087,14.582667064666747,78.94175215772165,72.09392137512603,15.787651955589062,15.585348756682492,15.383045557775922,15.76360034942627,69.44696969696979,53.8871715702748,100.0,69.44696969696979,0.3091001510620117,0.0,0.23630046844482422,0.0727996826171875,76.56423842687869,94.82281189465543,0.23032694693633005,0.22807743796874572,0.0022495089675843294,1
1012,2019-02-11,15.81820011138916,15.909099578857422,15.800000190734865,15.909099578857422,15.598824501037598,12998774,15.094305086135865,14.620104389190674,81.83045506545207,73.993766053902,15.977182888587505,15.645826599159172,15.314470309730838,15.454500198364258,83.33333333333343,65.73989898989915,100.0,83.33333333333343,0.09089946746826172,0.0181999206542951,0.14549922943115234,-0.036399841308595526,82.93168666015576,104.545313661548,0.24751469911462287,0.23196489019792116,0.015549808916701713,1
1013,2019-02-12,15.854499816894533,16.254499435424805,15.854499816894533,16.16360092163086,15.84836196899414,21352271,15.147786378860474,14.6571848487854,85.56139237912559,76.85233134524971,16.226996295198123,15.751251450877234,15.275506606556343,15.454500198364258,96.21255831326651,82.99762044785665,88.63767493979925,96.21255831326651,0.39999961853027166,0.0,0.3453998565673828,0.05459976196288885,114.81979210124555,125.23528722813886,0.27846230780473036,0.241264373719283,0.03719793408544736,1
1014,2019-02-13,16.272699356079098,16.309099197387695,16.16360092163086,16.290899276733402,15.973177909851074,22351191,15.203939437866211,14.69569091796875,86.99938534536965,78.10093548946207,16.436958983341405,15.889158519163246,15.341358054985086,15.48650016784668,95.50267681035928,91.6828561523198,97.87035549127829,95.50267681035928,0.0363998413085973,0.10909843444823863,0.14549827575683594,0.0,122.33689435983486,148.90633417994437,0.3096905046749079,0.254949599910408,0.05474090476449989,1
1015,2019-02-14,16.254499435424805,16.327299118041992,16.054500579833984,16.145500183105472,15.83061408996582,17663275,15.254748773574828,14.728851318359375,77.5046442528414,73.41053993910353,16.393640640690652,16.012240542511734,15.630840444332817,15.535856109619141,88.5595374901118,93.42492420457926,79.17058203925758,88.5595374901118,0.0727996826171875,0.1999988555908203,0.0363998413085902,0.23639869689941762,113.64514395495947,132.66568209269798,0.31902901606811795,0.26776548314195,0.051263532926167976,1
1016,2019-02-15,16.181800842285153,16.181800842285153,15.927300453186035,15.963600158691404,15.652261734008787,13145473,15.290399646759033,14.763792324066163,67.56954625232522,68.10424698709657,16.362010441397807,16.082787650704034,15.803564860010262,15.599171550292969,69.35565866168277,84.472624320718,31.026038454512168,69.35565866168277,0.0,0.25450038909911754,0.036300659179680395,0.21819972991943715,100.84348145363604,119.07844015110443,0.30819931203753903,0.2758522489210678,0.03234706311647123,1
1017,2019-02-18,16.127300262451172,16.145500183105472,15.963600158691404,16.036399841308597,15.723641395568848,14870104,15.3314040184021,14.796950759887695,69.26748806957488,69.03325251556257,16.340057946825276,16.115188634755675,15.890319322686075,15.65742175571289,49.55653658897857,69.15724424692442,38.47298927316568,49.55653658897857,0.018199920654300428,0.1637001037597674,0.18190002441406783,0.0,86.0542596827234,128.56053968897768,0.30200964040426825,0.2810837272177079,0.02092591318656034,1
1018,2019-02-19,16.090900421142578,16.090900421142578,15.963600158691404,15.981800079345705,15.670106887817385,14916741,15.370623922348022,14.82654411315918,66.45716900981957,67.50403670548269,16.35986787731712,16.116893548501487,15.87391921968585,15.71101194469922,27.707993248593123,48.873396166418196,13.624952018101244,27.707993248593123,0.0,0.12730026245117365,0.05450057983398082,0.07279968261719283,82.03580153528796,115.72927420756784,0.2893629407013414,0.2827395699144346,0.006623370786906779,1
1019,2019-02-20,16.090900421142578,16.290899276733402,16.036399841308597,16.236400604248047,15.919742584228516,21143158,15.422325611114502,14.859702587127686,72.1345692057922,70.64824728059882,16.33740805137054,16.130369854138642,15.923331656906743,15.76031491856664,43.12441233029898,40.12964738929027,77.27529569962974,43.12441233029898,0.19999885559082387,0.05450057983398082,0.3090991973876971,-0.0545997619628924,87.40684513030028,153.1800837681961,0.29646698775591496,0.2854850534827307,0.01098193427318428,1
1020,2019-02-21,16.200000762939453,16.345500946044922,16.181800842285153,16.290899276733402,15.973177909851074,16067877,15.473134899139405,14.895357360839844,73.1809729139511,71.26541496623993,16.433857401955112,16.163077469200502,15.892297536445891,15.80567365452467,59.281303283385434,43.37123628742589,86.94366213242506,59.281303283385434,0.14550018310546875,0.018199920654300428,0.109100341796875,0.05459976196289418,93.55124283961385,155.2946499504581,0.3030017678658119,0.2889883963593469,0.014013371506464978,1
1021,2019-02-22,16.345500946044922,16.345500946044922,16.236400604248047,16.345500946044922,16.026714324951172,12132530,15.525728797912597,14.931369075775146,74.22529097588495,71.87974740743161,16.4976720072936,16.210955062978577,15.924238118663558,15.859656383676695,88.07298594401834,63.4929005192343,100.0,88.07298594401834,0.0,0.109100341796875,0.054601669311519885,0.054498672485355115,95.08631567181351,167.4006045927827,0.30902428695265094,0.2929955744780077,0.016028712474643214,1
1022,2019-02-25,16.345500946044922,16.345500946044922,16.090900421142578,16.181800842285153,15.866206169128418,22898645,15.56494870185852,14.964527530670166,65.935533982343,67.39954562712009,16.492888224959575,16.242391749847457,15.99189527473534,15.908240839913518,81.35969969622134,76.2379963078751,57.13543695623872,81.35969969622134,0.0,0.25460052490234375,0.0,0.25460052490234375,85.60532614534701,137.84889647439962,0.297162442781131,0.29382894813863236,0.003333494642498658,1
1023,2019-02-26,16.200000762939453,16.272699356079098,16.018199920654293,16.200000762939453,15.884052276611328,14492054,15.602384090423584,14.999111633300782,66.3850584488189,67.63216471791904,16.37672656657487,16.256310828596902,16.135895090618934,15.951966850526658,70.89363050056465,80.10877204693483,55.54545454545503,70.89363050056465,0.07269859313964488,0.1818008422851598,0.09089851379394531,0.16360092163085938,86.6662444865673,139.98880143932894,0.2859343540632633,0.29225002932355854,-0.00631567526029525,0
1024,2019-02-27,16.345500946044922,16.36359977722168,16.290899276733402,16.36359977722168,16.04446029663086,17628449,15.641603946685791,15.036903896331786,70.1925879517663,69.65074739635924,16.424678662862597,16.27669269836813,16.128706733873663,15.991320260078485,70.89363050056465,74.38232023245027,100.0,70.89363050056465,0.018098831176757812,0.054601669311519885,0.16359901428222656,-0.09089851379394887,89.38440144622346,157.713148159962,0.286929540918635,0.29118593164257384,-0.004256390723938852,0
1025,2019-02-28,16.327299118041992,16.545499801635742,16.290899276733402,16.527299880981445,16.204967498779293,26990433,15.68973650932312,15.077906303405761,73.43503767503478,71.49538389208743,16.57329400670827,16.321966269313762,16.070638531919254,16.018199920654293,84.03130773474467,75.27285624529138,96.54846865877877,84.03130773474467,0.21820068359375,0.0363998413085902,0.1819000244140625,0.0727005004882777,102.3465853790476,159.57899108515886,0.2974980911375127,0.2924483635415616,0.00504972759595107,1
1026,2019-03-01,16.509099960327152,16.545499801635742,16.436399459838867,16.454500198364258,16.133586883544922,13637927,15.73341269493103,15.11605546951294,69.798679676725,69.54592311325453,16.644986497957902,16.371889787907058,16.098793077856214,16.092021903991697,93.09693731755762,82.67395851762238,82.74234329389391,93.09693731755762,0.0363998413085902,0.0727005004882848,0.018199920654296875,0.09090042114257812,97.65945839150064,152.45814987123023,0.296580620574435,0.2932748149481363,0.00330580562629873,1
1027,2019-03-04,16.600000381469727,16.600000381469727,16.36359977722168,16.436399459838867,16.115839004516598,15632014,15.777981090545655,15.152067127227783,68.88532204846963,69.060382103987,16.635262196972775,16.4129851165226,16.190708036072422,16.155508809661864,83.72368235877207,86.95064247035818,71.88023512364335,83.72368235877207,0.0,0.23640060424804688,0.14550018310546875,0.09090042114257812,84.49416524912644,159.38907119714162,0.2910380349167294,0.2928274589418549,-0.0017894240251254967,0
1028,2019-03-05,16.472700119018555,16.472700119018555,16.327299118041992,16.381799697875973,16.062305450439453,15615774,15.822549533843993,15.185225563049316,66.07661936811833,67.58442163240619,16.551080997502613,16.435137039603163,16.319193081703713,16.22662746115112,61.34352271653557,79.38804746428848,29.407989732069275,61.34352271653557,0.0,0.1454010009765625,0.0363006591796875,0.109100341796875,72.65801833853935,149.0139534039401,0.2790233439466512,0.2900666359428142,-0.011043291996162996,0
1029,2019-03-06,16.490900039672848,16.490900039672848,16.290899276733402,16.345500946044922,16.026714324951172,9221152,15.861769437789917,15.219454727172852,64.20235703979168,66.60301374772281,16.562158815558806,16.437041944693853,16.3119250738289,16.286367128402098,39.65096270813937,61.57272259448239,17.664663268705322,39.65096270813937,0.0,0.20000076293944602,0.109100341796875,0.09090042114257102,69.42074469240089,146.27290225715748,0.2635347443915883,0.284760257632569,-0.02122551324098071,0
1030,2019-03-07,16.36359977722168,16.454500198364258,16.327299118041992,16.36359977722168,16.04446029663086,10250805,15.902768898010255,15.254752616882325,64.73940727964255,66.85190739629797,16.51223352361294,16.42806550605981,16.343897488506677,16.290899276733402,23.53087577698399,41.50845373388636,23.519974330177206,23.53087577698399,0.09090042114257812,0.0363006591796875,0.10899925231933594,0.018201828002929688,67.08644198098403,144.41943182618263,0.24984033817432305,0.27777627374091984,-0.027935935566596792,0
1031,2019-03-08,16.345500946044922,16.454500198364258,16.345500946044922,16.399999618530273,16.080150604248047,15165436,15.933968305587769,15.290407390594483,65.8490878479111,67.35926162570622,16.48170770907216,16.41913472947123,16.356561749870302,16.290899276733402,25.493547577615445,29.558462020912987,35.29600513396364,25.493547577615445,0.10899925231933594,0.0,0.09090042114257812,0.018098831176757812,71.88782993841147,152.86051713809064,0.2391676102375584,0.27005454104024756,-0.030886930802689172,0
1032,2019-03-11,16.36359977722168,16.509099960327152,16.36359977722168,16.509099960327152,16.187124252319336,11565307,15.963383293151855,15.327844753265381,68.99832081592399,68.84160430392431,16.540621703376353,16.42562891945893,16.310636135541507,16.327299118041992,52.938659821380334,33.98769439199331,100.0,52.938659821380334,0.1455001831054723,0.0,0.10910034179687855,0.03639984130859375,79.05284126004857,162.35969583802387,0.2367833907126382,0.2634003109747257,-0.026616920262087507,0
1033,2019-03-12,16.600000381469727,16.600000381469727,16.509099960327152,16.600000381469727,16.276250839233402,21983822,15.984777736663819,15.365282096862792,71.36739417114198,70.01805355706666,16.64715033887415,16.453913138795443,16.260675938716734,16.345500946044922,78.43200171132126,52.28806970343907,100.0,78.43200171132126,0.0,0.09090042114257457,0.09090042114257457,0.0,81.25083546015303,171.85065727907215,0.23946834188012645,0.25861391715580584,-0.019145575275679394,0
1034,2019-03-13,16.618200302124027,16.618200302124027,16.509099960327152,16.618200302124027,16.294095993041992,8133435,16.000823640823363,15.402005653381348,71.83153962800453,70.25127781134249,16.70058447179106,16.49536706082148,16.290149649851898,16.36359977722168,100.00000000000006,77.12355384423394,100.0,100.00000000000006,0.0,0.109100341796875,0.018199920654300428,0.09090042114257457,83.57129557581742,170.50629424367767,0.2402947976688985,0.2549500932584244,-0.014655295589525885,0
1035,2019-03-14,16.618200302124027,16.63640022277832,16.545499801635742,16.63640022277832,16.311941146850586,9842057,16.024889993667603,15.439799919128419,72.31484855425417,70.48933818203908,16.71672076351457,16.54064872171314,16.36457667991171,16.409427871704104,100.00000000000006,92.81066723710718,100.0,100.00000000000006,0.018199920654293322,0.0727005004882848,0.018199920654293322,0.0727005004882848,83.57455181542385,162.22759176159184,0.23965574903515474,0.25189122441377043,-0.01223547537861569,0
1036,2019-03-15,16.63640022277832,16.63640022277832,16.563600540161133,16.600000381469727,16.276250839233402,22295677,16.056089448928834,15.476523475646973,69.73767395106843,69.33849157427946,16.665129659012837,16.577240981463547,16.489352303914256,16.45482234191895,95.55232381991159,98.51744127330396,86.65697145973459,95.55232381991159,0.0,0.0727996826171875,0.0,0.0727996826171875,75.69380071265932,160.8116006598602,0.2335202592144725,0.24821703137391085,-0.014696772159438348,0
1037,2019-03-18,16.618200302124027,16.709100723266598,16.600000381469727,16.709100723266598,16.383222579956055,13697374,16.089068508148195,15.51431770324707,72.8596867106237,70.81931258026042,16.69592354185567,16.614932059115517,16.533940576375365,16.49113791809082,95.55232381991159,97.03488254660779,100.00000000000001,95.55232381991159,0.09090042114257102,0.018199920654300428,0.10910034179687145,0.0,66.89518866719938,160.2125601685133,0.23475521315397785,0.24552466772992426,-0.010769454575946413,0
1038,2019-03-19,16.763599395751953,16.763599395751953,16.600000381469727,16.690900802612305,16.365379333496097,14893181,16.123832130432127,15.55318073272705,71.53401957057625,70.23257122926938,16.732934199583834,16.64875500383164,16.564575808079443,16.534730479125976,86.03054852031842,92.37839872004724,71.43467410122047,86.03054852031842,0.0,0.16359901428222656,0.054498672485355115,0.10910034179687145,60.131318093450204,142.56433850734723,0.2315956510526327,0.24273886439446596,-0.011143213341833269,0
1039,2019-03-20,16.600000381469727,16.672700881958008,16.399999618530273,16.399999618530273,16.080150604248047,19390655,16.131852531433104,15.584556617736816,54.47217490530074,61.75140641517562,16.86277189903548,16.64145577205319,16.420139645070904,16.763599395751953,57.14489136707356,79.57592123576791,0.0,57.14489136707356,0.07270050048828125,0.20000076293945312,-0.018199920654296875,0.29090118408203125,45.12205145590235,108.77044462530998,0.20327515151879538,0.23484612181933184,-0.03157097030053646,0
1040,2019-03-21,16.436399459838867,16.763599395751953,16.436399459838867,16.727300643920902,16.401069641113278,23996316,16.153247117996216,15.620568370819091,64.67977618922713,66.47509225671158,16.883074066986108,16.641197467412468,16.399320867838828,16.399999618530273,53.817170971825114,65.66420361973908,90.0168388142547,53.817170971825114,0.32719993591308594,0.0,0.3635997772216797,-0.03639984130859375,56.958122825415266,121.42479482046006,0.2048796835218063,0.22885283415982674,-0.02397315063802044,0
1041,2019-03-22,16.763599395751953,16.763599395751953,16.472700119018555,16.654499053955078,16.329687118530273,13736210,16.16839575767517,15.654081764221191,61.383097013354735,64.633828124844,16.886658020396425,16.645442153763227,16.40422628713003,16.399999618530273,53.337075292056774,54.76637921031854,69.99438706191543,53.337075292056774,0.0,0.29089927673339844,0.036298751831051135,0.2546005249023473,52.7547782536964,120.3441683132879,0.19799445003946303,0.222681157335754,-0.024686707296290966,0
1042,2019-03-25,16.63640022277832,16.63640022277832,16.472700119018555,16.563600540161133,16.24056053161621,15456004,16.18711347579956,15.682247524261475,57.44606853753653,62.39601583115573,16.874626903212878,16.640532764142947,16.406438625073015,16.407271614074705,68.33533545610844,58.49652723999683,44.994780492155,68.33533545610844,0.0,0.16370010375976562,-0.018098831176757812,0.18179893493652344,54.42213047002726,119.81928342788777,0.1830925258399425,0.2147634310365917,-0.031670905196649196,0
1043,2019-03-26,16.654499053955078,16.709100723266598,16.58180046081543,16.690900802612305,16.365379333496097,12071200,16.2111798286438,15.713980388641357,61.199389747212194,64.19636956253898,16.87681616677596,16.64272202770603,16.408627888636097,16.41439816970825,64.99834759299387,62.223586113719755,80.00587522491095,64.99834759299387,0.054601669311519885,0.07269859313964844,0.1455001831054652,-0.018199920654296875,57.51090146175528,119.08964417559342,0.17948571128268753,0.20770788708581087,-0.028222175803123334,0
1044,2019-03-27,16.63640022277832,16.745500564575195,16.63640022277832,16.745500564575195,16.418912887573242,11875338,16.229902458190917,15.745356311798096,62.71820049130484,64.94288785594117,16.787118285823677,16.658186060036357,16.529253834249037,16.421382194229125,73.1564090041321,68.83003068441154,94.46857129533014,73.1564090041321,0.109100341796875,0.0,0.054599761962890625,0.054500579833984375,64.37865809058584,120.19432426839664,0.17896997477723176,0.20196030462409503,-0.022990329846863278,0
1045,2019-03-28,16.745500564575195,16.818199157714847,16.690900802612305,16.818199157714847,16.490192413330078,15246564,16.244163703918456,15.778871612548828,64.6995831005805,65.92394804426908,16.86069739192255,16.68946601701873,16.518234642114912,16.42822653825958,91.49148217341376,76.54874625684664,100.0,91.49148217341376,0.07269859313965199,0.054599761962890625,0.07269859313965199,0.054599761962890625,59.58098330974275,102.6109317601942,0.18232568181370112,0.19803338006201626,-0.01570769824831514,0
1046,2019-03-29,16.854499816894528,17.109100341796875,16.78179931640625,17.109100341796875,16.775421142578125,36693988,16.276255416870118,15.815595149993896,71.27772780455894,69.46944375267626,17.125203378705507,16.761253116723694,16.39730285474188,16.44382544303779,98.15619043177678,87.60136053644095,100.0,98.15619043177678,0.2546005249023473,0.0727005004882777,0.2909011840820277,0.0363998413085973,62.40942717705644,112.28311531754527,0.20608280392786327,0.19964326483518566,0.00643953909267761,1
1047,2019-04-01,17.109100341796875,17.399999618530273,17.109100341796875,17.381799697875973,17.042802810668945,25425777,16.322603607177733,15.858380126953126,75.82554786842329,72.27390256345373,17.406172045126894,16.88610764598795,16.366043246849003,16.483741936963337,99.25853746476064,96.30207002331713,97.77561239428171,99.25853746476064,0.29089927673339844,0.0,0.29089927673339844,0.0,76.21610558654443,127.02344342145832,0.24410120659424095,0.20853485318699672,0.03556635340724423,1
1048,2019-04-02,17.36359977722168,17.545499801635742,17.181800842285153,17.399999618530273,17.06064796447754,14886428,16.37252073287964,15.901878910064697,76.09756730344806,72.44906205340534,17.580988857460724,17.03387791570131,16.486766973941897,16.557042551488692,93.92358162899704,97.1127698418449,83.99513249270923,93.92358162899704,0.1819000244140625,0.181798934936527,0.16370010375976918,0.1999988555908203,85.60898391363216,138.89227242483022,0.2725577697999313,0.22133943650958363,0.05121833329034767,1
1049,2019-04-03,17.36359977722168,17.527299880981445,17.309099197387695,17.509099960327152,17.167621612548828,16657936,16.42956609725952,15.947517166137695,77.71628836720241,73.49018588459008,17.687045284435456,17.186560517135334,16.68607574983521,16.655888276503397,92.50381862318243,95.22864590564677,95.74071098255617,92.50381862318243,0.16370010375976562,0.054500579833984375,0.12730026245117188,0.09090042114257812,93.94155415312649,146.1574231449331,0.3004498876708084,0.23716152674182858,0.0632883609289798,1
1050,2019-04-04,17.454500198364258,17.527299880981445,17.272699356079098,17.36359977722168,17.024957656860348,18093920,16.478590965270996,15.988876476287842,70.82733921256899,69.84010406997379,17.569066501334255,17.305241422065876,17.041416342797497,16.744849429016632,85.30586739032219,90.57775588083395,76.18175869570105,85.30586739032219,0.0727996826171875,0.1818008422851598,0.018199920654293322,0.23640060424805398,91.37776966026681,118.03688461862532,0.30727190401512416,0.2511836021964877,0.056088301818636443,1
1051,2019-04-08,17.490900039672848,17.527299880981445,17.236400604248047,17.254499435424805,16.917985916137695,26155296,16.520482730865478,16.02773946762085,66.09628968975342,67.24311486425812,17.53297281274447,17.37031196837441,17.207651124004347,16.824914466278543,68.41345335121746,82.07437978824076,33.317890375395,68.41345335121746,0.0363998413085973,0.25449943542480113,0.16370010375976562,0.1271991729736328,77.49604155825375,114.40559405346428,0.30041195332655946,0.26102927242250207,0.03938268090405739,1
1052,2019-04-09,17.36359977722168,17.381799697875973,17.236400604248047,17.254499435424805,16.917985916137695,14968108,16.557025814056395,16.064463024139403,66.09628968975342,67.24311486425812,17.583811038030827,17.391899655731635,17.199988273432442,16.896972999814263,43.16277379004942,65.62736484386308,19.988672299052087,43.16277379004942,0.018199920654293322,0.1271991729736328,0.12730026245116832,0.018098831176757812,75.3375225321581,123.15095952598463,0.29161385004262286,0.2671461879465262,0.024467662096096632,1
1053,2019-04-10,17.345500946044922,17.345500946044922,17.127300262451172,17.16360092163086,16.828859329223633,17697878,16.584656238555908,16.098333320617677,62.08875666679601,65.07488451197354,17.61234686894469,17.375530269998848,17.138713671053004,16.961825679996412,20.793912041376313,44.123379727547785,9.07517344968171,20.793912041376313,0.0,0.21820068359375,0.09100151062011719,0.1271991729736328,75.8304533859952,118.71482148355506,0.27414635092728545,0.26854622054267807,0.0056001303846073824,1
1054,2019-04-11,17.236400604248047,17.36359977722168,17.090900421142578,17.090900421142578,16.757575988769528,16101782,16.607830238342284,16.12828357696533,59.00719778599597,63.37982987749219,17.514594310672216,17.329765755500546,17.144937200328876,17.020193092160344,9.68794858291131,24.54821147144574,0.0,9.68794858291131,0.1271991729736328,0.14550018310546875,0.1999988555908203,0.07270050048828125,80.4004629693118,128.12068369042936,0.2515373433087724,0.26514444509589696,-0.013607101787124543,0
1055,2019-04-12,17.145500183105472,17.200000762939453,17.090900421142578,17.200000762939453,16.86454963684082,8070144,16.635460662841798,16.160728244781495,62.05109642658648,64.80647543408806,17.407714138733265,17.284745680357048,17.16177722198083,17.072723763107884,11.35842757196456,13.94676273208412,25.00010926621183,11.35842757196456,0.05450057983398082,0.05459976196289418,0.109100341796875,0.0,86.9021400975266,133.64309998181983,0.2396603720893573,0.260047630494589,-0.0203872584052317,0
1056,2019-04-15,17.309099197387695,17.345500946044922,16.981800079345707,17.0,16.668447494506836,16792794,16.655070495605468,16.188895931243895,54.11781201439065,60.33774071798682,17.40377647688188,17.226549438620964,17.049322400360047,17.545499801635742,9.85003125632958,10.298802470401876,4.549984502776772,9.85003125632958,0.03640174865722656,0.32729911804198863,0.14550018310546875,0.21820068359374645,76.40158280159498,123.64769753363738,0.2116694036107205,0.25037198511781533,-0.038702581507094824,0
1057,2019-04-16,16.945499420166016,17.036399841308597,16.799999237060547,16.963600158691403,16.632759094238278,20424384,16.66754732131958,16.21706169128418,52.794917824511245,59.562603034649065,17.341196879562066,17.159226550010573,16.97725622045908,17.53422580718994,19.525969559729273,13.578142796007862,29.027814910199073,19.525969559729273,0.09090042114258168,0.14550018310546875,0.0363998413085973,0.20000076293945312,72.19488638021222,112.42969391919824,0.18442327967138183,0.23718224402852864,-0.052758964357146804,0
1058,2019-04-17,17.018199920654293,17.018199920654293,16.83639907836914,16.872699737548828,16.543630599975586,13524259,16.676459884643556,16.24451557159424,49.53806530724829,57.64467307902238,17.307095988550767,17.083386401736888,16.85967681492301,17.504856744384764,15.492365052213856,14.95612195609096,12.899295743665585,15.492365052213856,0.0,0.1818008422851527,0.054599761962890625,0.12720108032226207,63.69150002900912,106.36415286851913,0.15372359592780427,0.22049051440838377,-0.0667669184805795,0
1059,2019-04-18,16.872699737548828,16.909099578857422,16.727300643920902,16.78179931640625,16.45450210571289,15776268,16.695177459716795,16.26875928878784,46.45206688074878,55.78195524266765,17.280562542630527,16.999814078715957,16.719065614801387,17.476662444091794,16.914269595233396,17.3108680690589,8.815698131835399,16.914269595233396,0.03639984130859375,0.14539909362792613,0.03639984130859375,0.14539909362792613,63.742535678878355,98.69444246272357,0.1206679856566133,0.20052600865802966,-0.07985802300141637,0
1060,2019-04-23,16.78179931640625,17.0,16.745500564575195,17.0,16.668447494506836,13265192,16.708546352386474,16.297638816833498,53.87924900594586,59.07401465996679,17.115750567807478,16.946110475113443,16.776470382419408,17.43170073608154,21.94226868031197,18.11630110925313,44.111812165434785,21.94226868031197,0.21820068359375,0.03629875183105469,0.21820068359375,0.03629875183105469,71.91874352807196,108.19487733627713,0.11080090409940979,0.18258098774630568,-0.07178008364689589,0
1061,2019-04-24,17.054500579833984,17.072700500488278,16.818199157714847,16.927299499511722,16.597166061401367,11985991,16.72192029953003,16.32045888900757,51.3249705206696,57.592513745148025,17.067303695393456,16.914739636249067,16.762175577104678,17.389436730551903,36.94369419129563,25.26674415561372,57.90357227661656,36.94369419129563,0.018199920654293322,0.23630142211913707,0.0727005004882777,0.1818008422851527,68.45805809175181,105.91048386930848,0.09600812615553522,0.1652664154281516,-0.06925828927261637,0
1062,2019-04-25,16.890899658203125,17.054500579833984,16.890899658203125,16.927299499511722,16.597166061401367,9237595,16.739750576019286,16.340425720214842,51.3249705206696,57.592513745148025,17.043681263163993,16.898931337110184,16.754181411056376,17.349708565354042,53.30631890622268,37.39742725927681,57.90357227661656,53.30631890622268,0.16360092163085938,0.0,0.12720108032226207,0.0363998413085973,74.87320542755864,111.94860004321725,0.08332423316639748,0.14887797897580077,-0.06555374580940329,0
1063,2019-04-26,16.890899658203125,17.054500579833984,16.890899658203125,17.0,16.668447494506836,9660543,16.754903984069824,16.356827430725097,53.861719439608926,58.70623985879673,17.06106710372354,16.90171585180815,16.742364599892756,17.312364090068055,64.91964356384717,51.72321888712188,78.95178613830828,64.91964356384717,0.16360092163085938,0.0,0.12720108032226207,0.0363998413085973,77.48215227560313,111.13434962596973,0.07823661638289892,0.1347497064572204,-0.05651309007432148,0
1064,2019-04-29,17.054500579833984,17.254499435424805,17.0,17.181800842285153,16.846704483032227,7054080,16.776293563842774,16.37429796218872,59.54040266516888,61.33935231841874,17.12380007051236,16.937558760146842,16.751317449781325,17.277260283299224,74.19089848851156,64.13895365286054,85.71733705060973,74.19089848851156,0.1999988555908203,0.054500579833984375,0.2544994354248047,0.0,86.37429542875157,123.15533360407065,0.08786163775894096,0.1253720927175645,-0.03751045495862354,0
1065,2019-04-30,17.181800842285153,17.272699356079098,17.018199920654293,17.018199920654293,16.686294555664062,11627831,16.786098670959472,16.391411571502687,53.195427831598906,57.89427074880263,17.159638822068686,16.973397511701947,16.787156201335208,16.727300643920902,69.55789076228713,69.55614427154869,44.00454909794322,69.55789076228713,0.09089851379394531,0.16360092163085938,0.09089851379394531,0.16360092163085938,87.94343431420106,133.60190052946425,0.08135055092621357,0.11656778435929431,-0.03521723343308074,0
1066,2019-05-02,17.090900421142578,17.145500183105472,17.036399841308597,17.090900421142578,16.757575988769528,7230104,16.785206413269044,16.4135178565979,55.466519374398004,58.95656175762647,17.18100782768863,17.008013665848637,16.835019504008642,16.738208618164066,60.70185808611287,68.15021577897059,52.383688109785524,60.70185808611287,0.05459976196289418,0.05450057983398082,0.12730026245117898,-0.01819992065430398,77.9825926764535,123.43473171878668,0.08112167038765605,0.10947856156496666,-0.028356891177310606,0
1067,2019-05-03,17.072700500488278,17.236400604248047,17.018199920654293,17.21820068359375,16.882392883300778,10072493,16.777185916900635,16.43669288635254,59.19979724050886,60.75453414790187,17.226125428038266,17.053104583240355,16.880083738442444,16.748898432922367,60.70469478331722,63.65481454390581,85.72584714222278,60.70469478331722,0.16370010375976918,0.054500579833984375,0.14550018310546875,0.0727005004882848,89.65624230327639,137.44873007571218,0.0901728912394475,0.10561742749986283,-0.015444536260415337,0
1068,2019-05-06,17.090900421142578,17.181800842285153,16.909099578857422,17.0,16.668447494506836,16571361,16.757575893402098,16.456659698486327,51.266533871795495,56.3654295643412,17.249537201995558,17.076516357197647,16.903495512399736,16.7593744513855,54.36988879847396,58.59214722263474,25.000131143413437,54.36988879847396,0.09090042114257457,0.18180084228515625,-0.0363998413085973,0.3091011047363281,92.14563906260487,129.74449585716178,0.07883036995357884,0.10026001599060604,-0.021429646037027197,0
1069,2019-05-07,17.090900421142578,17.127300262451172,17.018199920654293,17.109100341796875,16.775421142578125,11209254,16.737965869903565,16.47377326965332,54.54641676739712,57.940952782538616,17.2461274951067,17.09115829579288,16.936189096479062,16.769640949479374,55.24390745571154,56.7728303458343,55.0057440814983,55.24390745571154,0.03639984130859375,0.0727005004882848,0.12730026245117188,-0.018199920654293322,91.53877262414723,129.01902405719792,0.07774858857717959,0.09575773050792075,-0.018009141930741157,0
1070,2019-05-08,16.909099578857422,17.090900421142578,16.909099578857422,17.0,16.668447494506836,14838912,16.720140361785887,16.487678661346436,50.860097798764336,55.84968754787627,17.25060361344262,17.088618874683533,16.926634135924445,16.779702117611368,35.92620083254638,48.51333236224402,27.772727272727273,35.92620083254638,0.18180084228515625,0.0,-0.018199920654296875,0.20000076293945312,93.96244315349377,119.20354478335875,0.06731185409532614,0.09006855522540183,-0.02275670113007569,0
1071,2019-05-09,16.927299499511722,17.018199920654293,16.872699737548828,16.909099578857422,16.579320907592773,16475039,16.703207111358644,16.498730792999268,47.95238158263689,54.16067721090951,17.27651038701959,17.063718920410608,16.850927453801624,16.78956206238072,30.928884142891153,40.69966414371641,10.008181074447778,30.928884142891153,0.09090042114257102,0.05459976196289418,0.018199920654293322,0.12730026245117188,94.56925099958298,114.02696543706855,0.05111652306716863,0.0822781487937552,-0.031161625726586567,0
1072,2019-05-10,17.090900421142578,17.127300262451172,16.872699737548828,17.018199920654293,16.686294555664062,13253911,16.69162254333496,16.51513256072998,51.53389944066426,55.82357636328455,17.166911398467406,17.039688700598944,16.912466002730483,16.79922480825469,28.284314761641742,31.713133245693147,47.07203593775007,28.284314761641742,0.03639984130859375,0.21820068359375,0.21820068359375,0.03639984130859375,83.25645566242542,111.36091802232906,0.0465485100908154,0.07513222105316723,-0.028583710962351835,0
1073,2019-05-14,16.872699737548828,17.345500946044922,16.83639907836914,17.309099197387695,16.971519470214847,32292337,16.698755550384522,16.53688190460205,59.53025447007717,59.8508319174371,17.32850582770459,17.056968861626174,16.78543189554776,16.808694299211176,49.97667581314949,36.396624905894186,92.84981042725053,49.97667581314949,0.47280120849609375,0.0363006591796875,0.32730102539062855,0.1818008422851527,88.02413949394821,105.65207298632511,0.06564475550299775,0.07323472794313333,-0.007589972440135581,0
1074,2019-05-15,17.290899276733402,17.327299118041992,17.200000762939453,17.290899276733402,16.953676223754886,16238264,16.70856056213379,16.555066223144532,58.875826124397626,59.49894060029235,17.42895951775635,17.10258525883735,16.77621099991835,16.830166565084525,76.39891644357614,51.553302339455854,89.27490296572775,76.39891644357614,0.0363998413085902,0.09089851379394887,0.018199920654296875,0.10909843444824219,85.90520109065255,103.89673331799018,0.07840626743466927,0.07426903584144053,0.004137231593228749,1
1075,2019-05-16,17.236400604248047,17.36359977722168,17.236400604248047,17.36359977722168,17.024957656860348,15132979,16.716580963134767,16.57146602630615,60.73294590329725,60.46199306745679,17.526615954120466,17.16636730198624,16.806118649852017,16.83639907836914,94.04157113099279,73.47238779590622,100.0,94.04157113099279,0.1271991729736328,0.0,0.0727005004882777,0.054498672485355115,86.24505258396447,103.2934569056847,0.09331055440089031,0.07807733955333049,0.015233214847559823,1
1076,2019-05-17,17.399999618530273,17.436399459838867,17.21820068359375,17.236400604248047,16.900239944458008,14209564,16.728170585632324,16.586799087524415,55.97041655508348,57.961259852128734,17.457127136109044,17.217486852121397,16.97784656813375,16.868031120300294,85.31392718662855,85.2514715870659,66.6668785941578,85.31392718662855,0.03639984130859375,0.18179893493652344,0.0727996826171875,0.1453990936279297,85.04616648835001,108.81674020803311,0.09377739159418397,0.08121734996150118,0.012560041632682789,1
1077,2019-05-20,17.36359977722168,17.545499801635742,17.272699356079098,17.545499801635742,17.203310012817386,22860765,16.75669813156128,16.60854850769043,63.46749942300107,61.92937352428862,17.498391988111486,17.285842383881928,17.07329277965237,16.913500587463382,88.88895953138596,89.4148192830025,100.0,88.88895953138596,0.1819000244140625,0.09090042114258168,0.3090991973876953,-0.036298751831051135,94.95546380197113,121.61154991153518,0.1177319448381553,0.088520268936832,0.0292116759013233,1
1078,2019-05-21,17.545499801635742,17.7273006439209,17.454500198364258,17.654499053955078,17.310182571411133,24229803,16.795025730133055,16.63350605010986,65.68632331034588,63.19966564409169,17.690817547612856,17.375501630977922,17.06018571434299,16.97670050888062,84.28679716978904,86.16322796260125,86.19351291520923,84.28679716978904,0.18180084228515625,0.09099960327148438,0.18180084228515625,0.09099960327148438,101.93572640513968,120.29778914122413,0.14385317967485278,0.09958685108443616,0.044266328590416626,1
1079,2019-05-22,17.7273006439209,17.909099578857422,17.7091007232666,17.909099578857422,17.559818267822266,26698658,16.850291538238526,16.664168128967287,70.23399538826001,65.95164084084018,17.96572081505108,17.498689463388914,17.03165811172675,17.06677252508545,95.39783763840312,89.52453144652611,100.0,95.39783763840312,0.18179893493652344,0.018199920654296875,0.25460052490234375,-0.05460166931152344,116.565530424439,136.10842695875846,0.1829891955114853,0.11626731996984599,0.0667218755416393,1
1080,2019-05-23,17.85449981689453,17.945499420166016,17.7091007232666,17.945499420166016,17.59550666809082,26665788,16.896644496917723,16.695189056396483,70.8292121094704,66.324989972751,18.15369806106145,17.635145215177502,17.116592369293553,17.184698312613527,95.39783763840312,91.69415748219849,100.0,95.39783763840312,0.09099960327148438,0.1453990936279297,0.03639984130859375,0.1999988555908203,115.19677644355262,122.8737251493101,0.214469660268378,0.1359077880295524,0.0785618722388256,1
1081,2019-05-24,18.0,18.036399841308594,17.890899658203125,17.981800079345703,17.631101608276367,28961653,16.948341274261473,16.72620807647705,71.44257775993772,66.70263543708042,18.113566025770954,17.765083621539503,17.416601217308052,17.306426489821924,97.61687716502793,96.13751748061145,92.85063149508369,97.61687716502793,0.03639984130859375,0.109100341796875,0.09090042114257812,0.054599761962890625,112.19062134477002,119.59326415747668,0.23958552244531006,0.15664333491270394,0.08294218753260613,1
1082,2019-05-27,17.981800079345703,17.981800079345703,17.818199157714844,17.85449981689453,17.506284713745114,20123074,16.99379720687866,16.752591285705567,66.18707498968568,64.08903239598868,18.088668931411444,17.858182706396306,17.627696481381168,17.437821693089525,87.19698050302667,93.40389843548597,68.7403100139962,87.19698050302667,0.0,0.16360092163085938,0.0,0.16360092163085938,118.01800237767223,116.44225797507598,0.24637786620668223,0.1745902411714996,0.07178762503518263,1
1083,2019-05-28,17.78179931640625,17.85449981689453,17.381799697875973,17.381799697875973,17.042802810668945,70834272,17.012514972686766,16.76792232513428,51.14241232496772,55.68666750131898,18.29851685478373,17.85767332347136,17.41682979215899,18.036399841308594,53.86364716969333,79.55916827924936,0.0,53.86364716969333,0.07270050048828125,0.399999618530277,0.0,0.47270011901855824,106.56496527358657,103.88238327976053,0.211183506483124,0.18190889423382448,0.02927461224929953,1
1084,2019-05-29,17.436399459838867,17.672700881958008,17.41819953918457,17.58180046081543,17.238903045654293,61818278,17.03212490081787,16.786818466186524,55.72774571488508,58.097134268568475,18.27487670860216,17.81294179864088,17.351006888679596,18.02330783843994,33.09780978042248,58.05281248438089,30.553119327271144,33.09780978042248,0.23630142211914062,0.018199920654296875,0.2909011840820348,-0.0363998413085973,122.25151222383899,119.18732112305396,0.19715740509393243,0.18495859640584605,0.012198808688086371,1
1085,2019-05-30,17.540000915527347,17.540000915527347,17.020000457763672,17.079999923706055,16.94844627380371,42248709,17.045232486724853,16.799548568725587,48.47147889392399,53.61722965709569,18.344907107618486,17.6962165319012,17.047525956183915,18.01047767562866,12.152086028301404,33.03784765947247,5.903138757632965,12.152086028301404,0.0,0.5200004577636754,-0.041799545288082385,0.5618000030517578,105.73115488045215,100.47894915660565,0.14389181380770566,0.176745239886218,-0.03285342607851233,0
1086,2019-05-31,17.059999465942386,17.379999160766598,17.0,17.319999694824222,17.18659782409668,27590305,17.06668357849121,16.817755508422852,53.78498799355509,56.471246062658096,18.091619416065093,17.57066693978888,17.049714463512665,17.970858586914062,23.01647351261418,22.755456440446082,32.593162452938316,23.01647351261418,0.31999969482421164,0.059999465942386365,0.2999992370605433,0.07999992370605469,108.27549615602668,101.69545500476103,0.11966500107940092,0.16532919212485458,-0.04566419104545366,0
1087,2019-06-03,17.319999694824222,17.34000015258789,16.860000610351562,17.020000457763672,16.888910293579098,31634854,17.067009449005127,16.827869262695312,47.229049511280046,52.299669465457924,17.839794192594308,17.429338178635007,17.018882164675706,17.912607071699217,18.19492846007879,17.78782933366485,16.08848416966498,18.19492846007879,0.020000457763668322,0.4599990844726598,0.020000457763668322,0.4599990844726598,100.85500377077548,91.80318099610285,0.07538861320960777,0.1473410763418052,-0.07195246313219744,0
1088,2019-06-04,17.020000457763672,17.079999923706055,16.860000610351562,17.0,16.869062423706055,17572374,17.077040195465088,16.83794292449951,46.81928296823732,52.033898980509875,17.7339905502251,17.289494679588998,16.844998808952894,17.828398554791406,21.96936487273665,21.060255615143266,17.22644799560655,21.96936487273665,0.05999946594238281,0.15999984741210938,0.05999946594238281,0.15999984741210938,93.06133325852977,86.66509723343962,0.038244527926380556,0.12552176665872028,-0.08727723873233972,0
1089,2019-06-05,17.020000457763672,17.059999465942386,16.819999694824222,16.860000610351562,16.73014259338379,21170200,17.074776268005373,16.850942764282227,43.94535865000741,50.18289183010077,17.45301798904893,17.152193039300073,16.851368089551215,17.75092671923622,12.956868486065673,17.707053939627098,5.555673292925374,12.956868486065673,0.03999900817871449,0.20000076293944957,0.059999465942386365,0.1800003051757777,84.4573798052587,81.42852899224064,-0.002460840947549059,0.09992524513746641,-0.10238608608501547,0
1090,2019-06-06,16.899999618530273,16.979999542236328,16.700000762939453,16.920000076293945,16.789678573608402,17870650,17.08083782196045,16.858714942932128,45.48965085870073,50.95824094887808,17.3557821202638,17.038393274070543,16.721004427877286,17.657834016795018,18.37834590520367,17.76819308800206,32.35291642707897,18.37834590520367,0.07999992370605469,0.1999988555908203,0.11999893188476562,0.15999984741210938,77.97237341720499,74.49677364912944,-0.029538185762802982,0.07403255895741252,-0.1035707447202155,0
1091,2019-06-10,17.200000762939453,17.200000762939453,16.799999237060547,17.040000915527347,16.908756256103516,21315647,17.097309589385986,16.870296325683594,48.543142336926664,52.491909429806746,17.1044719035315,16.969179508227924,16.833887112924348,17.542894026332352,30.34455474196068,20.55992304441007,53.12507450587758,30.34455474196068,0.0,0.40000152587890625,0.2800006866455078,0.12000083923339844,71.06010946761646,80.36449904741126,-0.04084329568476619,0.051057388028976775,-0.09190068371374296,0
1092,2019-06-11,17.100000381469727,17.360000610351562,17.040000915527347,17.239999771118164,17.107213973999027,24054721,17.118355560302735,16.88762939453125,53.24400294805337,54.928057147111645,17.2219961789572,16.962027338800496,16.702058498643794,17.441746834725205,55.76534713033647,34.82941592583367,81.81805045805277,55.76534713033647,0.26000022888183594,0.05999946594237926,0.3199996948242152,0.0,76.11360473699006,85.05742908701532,-0.033280800212565964,0.034189750380668224,-0.06747055059323419,0
1093,2019-06-12,17.299999237060547,17.34000015258789,17.100000381469727,17.180000305175778,17.047676086425778,19881857,17.122163391113283,16.901275329589843,51.71755428340398,54.06552329415775,17.281218732017752,16.989904840821893,16.698590949626034,17.360000610351562,69.22344838238367,51.77778341822701,72.72722018322057,69.22344838238367,0.04000091552734375,0.1999988555908203,0.10000038146972656,0.1399993896484375,70.44072064554511,82.39694492105934,-0.03176278195240201,0.020999243914054177,-0.05276202586645619,0
1094,2019-06-13,17.200000762939453,17.239999771118164,16.959999084472653,17.200000762939453,17.067523956298828,10383035,17.12785577774048,16.914247550964355,52.209433921604365,54.313541837038514,17.27175669659225,17.033899695169694,16.79604269374714,17.360000610351562,76.76762130451101,67.25213893907711,75.75759327225963,76.76762130451101,0.03999900817871094,0.24000167846680043,0.059999465942386365,0.220001220703125,68.24790942082659,86.89809805963642,-0.02861600426938793,0.011076194277365755,-0.03969219854675368,0
1095,2019-06-14,17.120000839233402,17.200000762939453,17.040000915527347,17.180000305175778,17.047676086425778,17946398,17.12899169921875,16.92539722442627,51.642849712355655,54.01111329564058,17.213056793947462,17.07776512046084,16.942473446974216,17.34000015258789,72.11399354699643,72.70168774463043,67.857167185509,72.11399354699643,0.07999992370605113,0.07999992370605469,0.0,0.15999984741210582,69.16778922930405,79.75661965194689,-0.027419949960204804,0.003376965429851643,-0.030796915390056447,0
1096,2019-06-17,17.299999237060547,17.299999237060547,17.100000381469727,17.139999389648438,17.007984161376953,11963111,17.134378910064697,16.930048484802246,50.46343847005308,53.3945269268922,17.174780135883754,17.109787561930645,17.044794987977536,16.700000762939453,62.871555030233786,70.58438996058048,44.99990463293265,62.871555030233786,0.0,0.1999988555908203,0.11999893188476918,0.07999992370605113,61.8889971126509,85.86243516905479,-0.029361348535417164,-0.0031706973632021187,-0.026190651172215047,0
1097,2019-06-18,17.180000305175778,17.260000228881836,17.0,17.180000305175778,17.047676086425778,13706196,17.126597213745118,16.93014595031738,51.652525228581005,53.93982087760786,17.173414260804527,17.134221527893658,17.095028794982788,16.712000732421874,56.917322388509156,63.967623655246534,57.89489534708574,56.917322388509156,0.07999992370605824,0.1800003051757777,0.12000083923339844,0.1399993896484375,59.93237670702602,88.22733383255176,-0.027356828818255963,-0.008007923654212889,-0.019348905164043074,0
1098,2019-06-19,17.299999237060547,17.360000610351562,17.239999771118164,17.360000610351562,17.22629165649414,17377142,17.122402667999268,16.933458824157714,56.690673557802675,56.32456827947853,17.326669822140204,17.173620258448082,17.02057069475596,16.723760702514646,67.63159999333949,62.473492470694225,100.0,67.63159999333949,0.060001373291015625,0.05999946594238281,0.1800003051757848,-0.059999465942386365,62.64496608373613,89.4776062424608,-0.011115578725902964,-0.008629454668550904,-0.00248612405735206,0
1099,2019-06-20,17.520000457763672,17.760000228881836,17.399999618530273,17.6200008392334,17.484289169311527,25471751,17.118626213073732,16.93979217529297,62.73178245703805,59.468008307707954,17.610708300817198,17.25257908304539,16.894449865273582,16.74921029882812,79.82464285752903,68.12452174645931,81.57903322550123,79.82464285752903,0.23999977111816406,0.12000083923339844,0.39999961853027344,-0.03999900817871094,56.23388070348684,97.16921771789917,0.02247647967578459,-0.002408267799683805,0.024884747475468393,1
1100,2019-06-21,17.600000381469727,17.68000030517578,17.440000534057614,17.5,17.365211486816403,24532410,17.10711145401001,16.94659725189209,58.66444908987955,57.48761528404294,17.704141438974307,17.337534734077707,16.970928029181106,16.809857694631344,82.45616236551318,76.63746840546065,65.78945387103818,82.45616236551318,0.07999992370605469,0.15999984741211293,0.05999946594238281,0.1800003051757848,56.338827872073594,96.41579722258778,0.03896618521203976,0.005866622802660909,0.03309956240937885,1
1101,2019-06-24,17.6200008392334,17.719999313354492,17.600000381469727,17.65999984741211,17.523979187011722,16716959,17.101755332946777,16.958717117309572,62.184941274447745,59.358980841224586,17.782138971539773,17.429412560015166,17.07668614849056,16.866866246686374,78.07018204298731,80.11699575534327,86.8420590324224,78.07018204298731,0.09999847412109375,0.020000457763671875,0.2199993133544922,-0.10000038146972656,55.491162822365524,105.023513516809,0.0642049316768869,0.017534284577506106,0.04667064709938079,1
1102,2019-06-25,17.65999984741211,17.719999313354492,17.600000381469727,17.65999984741211,17.523979187011722,14392416,17.102640056610106,16.97083698272705,62.184941274447745,59.358980841224586,17.747599285826038,17.51573761062619,17.28387593542634,16.920454285618103,77.8002290807694,79.44219116309006,80.76917433884752,77.8002290807694,0.05999946594238281,0.05999946594238281,0.05999946594238281,0.05999946594238281,57.5559120954103,107.31434546405151,0.08324719820430815,0.030676867302866513,0.052570330901441635,1
1103,2019-06-26,17.579999923706055,17.579999923706055,17.299999237060547,17.379999160766598,17.246135711669922,21018751,17.112806701660155,16.979182510375978,53.02005205905924,54.81758221357771,17.77244639302863,17.554234854855522,17.336023316682414,16.970827042213926,61.66749454520078,72.51263522298592,17.3912502643323,61.66749454520078,0.0,0.2800006866455078,-0.07999992370605469,0.3600006103515625,51.24305891473868,85.61302570019282,0.07488142976028911,0.03951777979435103,0.035363649965938077,1
1104,2019-06-27,17.440000534057614,17.559999465942386,17.399999618530273,17.540000915527347,17.404905319213867,15604640,17.121106815338134,16.992129096984865,56.926681144377355,56.777226542825076,17.78136412414616,17.570309251705936,17.35925437926571,17.018177433414,51.767890333596746,63.74520465318906,57.1432463976103,51.767890333596746,0.11999893188477273,0.0400009155273402,0.18000030517578836,-0.020000457763675428,50.45990778392451,88.17309389467098,0.08023737589178026,0.04766169901383688,0.03257567687794338,1
1105,2019-06-28,17.520000457763672,17.520000457763672,17.299999237060547,17.319999694824222,17.18659782409668,22004056,17.133014392852782,16.998570060729982,50.685595274890815,53.47036164632449,17.831074606304362,17.549819846793937,17.268565087283513,17.06268680114207,26.43216985005614,46.62251824295131,4.762012888225694,26.43216985005614,0.0,0.220001220703125,-0.020000457763675428,0.24000167846680043,44.496710072535535,74.59786912794004,0.06596928900547283,0.051323217012164066,0.014646071993308765,1
1106,2019-07-02,17.379999160766598,17.559999465942386,17.34000015258789,17.540000915527347,17.404905319213867,19622011,17.143929767608643,17.01329921722412,55.89316261755033,56.12067073138118,17.776832153376134,17.532078527449357,17.28732490152258,17.104525606806458,39.682835227815474,39.29429847048954,57.1432463976103,39.682835227815474,0.18000030517578836,0.039999008178707385,0.23999977111816406,-0.020000457763668322,47.418729894702075,84.49250749199523,0.07158875661211539,0.05537632493215433,0.01621243167996106,1
1107,2019-07-03,17.420000076293945,17.65999984741211,17.420000076293945,17.600000381469727,17.464441299438473,14021774,17.17270631790161,17.029932861328124,57.21993992535993,56.81632203904198,17.745548173940314,17.531780851218357,17.3180135284964,17.143854084130982,48.41292307507498,38.175976050982285,83.3335099393888,48.41292307507498,0.23999977111816406,0.0,0.11999893188476207,0.12000083923340199,53.040594453580894,83.80074262294615,0.07996192929520518,0.0602934458047645,0.01966848349044068,1
1108,2019-07-04,17.639999389648438,18.0,17.639999389648438,17.84000015258789,17.702592849731445,18082645,17.21438283920288,17.05311210632324,62.12759057707932,59.481079366120504,17.904722194353603,17.572360757058576,17.239999319763548,17.180822852816032,72.53988673012809,53.54521501100627,77.142903853385,72.53988673012809,0.3600006103515625,0.0,0.39999961853027344,-0.03999900817871094,63.245141014481874,99.7482351674375,0.10475614115269138,0.06918598487434988,0.03557015627834151,1
1109,2019-07-05,17.899999618530273,17.979999542236328,17.84000015258789,17.899999618530273,17.762130737304688,9688168,17.265982246398927,17.079264678955077,63.26226006764433,60.119103670887085,18.065304903189066,17.64425873530611,17.223212567423154,17.24635702459075,82.0635535272066,67.6721211108033,85.71424678884584,82.0635535272066,0.07999992370605469,0.05999946594238281,0.1399993896484375,0.0,68.75088561199348,119.44001877004654,0.12777428571845917,0.08090364504317174,0.04687064067528743,1
1110,2019-07-08,17.860000610351562,17.899999618530273,17.540000915527347,17.6200008392334,17.484289169311527,21398976,17.30071277618408,17.095581512451172,54.98346669300659,55.86218511268998,17.977646513551903,17.692550899278515,17.407455285005128,17.30664846262349,68.42716897063953,74.34353640932483,42.4243562696876,68.42716897063953,0.03999900817871094,0.3199996948242152,0.0,0.35999870300292613,59.44691286405548,97.61241164670368,0.12201624239196462,0.08912616451293032,0.03289007787903431,1
1111,2019-07-09,17.600000381469727,17.65999984741211,17.479999542236328,17.520000457763672,17.385059356689453,14065129,17.324527931213378,17.111339378356934,52.34860925652579,54.43461573580356,17.99368993668734,17.69931666837914,17.40494340007094,17.36211658561361,48.46001680249435,66.31691310011358,17.241447348949478,48.46001680249435,0.05999946594238281,0.12000083923339844,0.03999900817871094,0.1400012969970703,67.00495474888626,113.63597800111368,0.10813721798881204,0.09292837520810666,0.015208842780705376,1
1112,2019-07-10,17.600000381469727,17.65999984741211,17.520000457763672,17.600000381469727,17.464441299438473,9555126,17.34238929748535,17.128684883117675,54.237884909641124,55.38058493406606,17.98054578610519,17.68617251779699,17.39179924948879,17.41314725876452,27.58095592383947,48.15604723232453,23.077064152881192,27.58095592383947,0.05999946594238281,0.07999992370605469,0.1399993896484375,0.0,60.100877524647935,111.33294253928851,0.10241276579778003,0.09482525332604133,0.007587512471738694,1
1113,2019-07-11,17.65999984741211,17.920000076293945,17.600000381469727,17.760000228881836,17.62320899963379,14748664,17.37116594314575,17.147780113220215,57.83837945041922,57.2225913098294,17.95383790490313,17.68491477752613,17.415991650149135,17.46009547806336,32.106216276977456,36.04906300110384,56.00013732910156,32.106216276977456,0.26000022888183594,0.05999946594238281,0.31999969482421875,0.0,73.59534007048694,143.30649533601644,0.10952421967759207,0.09776504659635148,0.011759173081240595,1
1114,2019-07-12,17.6200008392334,17.81999969482422,17.6200008392334,17.780000686645508,17.643056869506836,11412436,17.39994258880615,17.163707160949706,58.28028940857378,57.45031573550447,17.897127964816335,17.69889579742714,17.50066363003795,17.50328783981829,49.08639899990635,36.25785706690784,68.18199551773615,49.08639899990635,0.1999988555908203,0.0,0.05999946594238281,0.1399993896484375,81.17627259365725,144.44387257721806,0.11544321043434635,0.10130067936395046,0.014142531070395897,1
1115,2019-07-15,17.700000762939453,17.799999237060547,17.520000457763672,17.65999984741211,17.523979187011722,13359891,17.42375774383545,17.180460853576662,54.583864195902386,55.6084963838561,17.90182612002503,17.706849149479282,17.511872178933533,18.0,55.03041448663989,45.407676587841316,40.90911061308179,55.03041448663989,0.09999847412109375,0.18000030517578125,0.019998550415039062,0.26000022888183594,83.43174797725246,138.46096287205205,0.1091922876931335,0.10287900102978706,0.006313286663346435,1
1116,2019-07-16,17.65999984741211,17.700000762939453,17.579999923706055,17.68000030517578,17.543825149536133,8345521,17.450549793243407,17.196185836791994,55.09505248247443,55.853115690386424,17.84088106647425,17.70845728422249,17.57603350197073,17.990400009155273,49.69703537693937,51.27128295449529,40.0,49.69703537693937,0.04000091552734375,0.07999992370605469,0.04000091552734375,0.07999992370605469,85.27586327946807,139.6820182741859,0.10464596265831005,0.10323239335549166,0.0014135693028183988,1
1117,2019-07-17,17.600000381469727,17.700000762939453,17.579999923706055,17.68000030517578,17.543825149536133,8455733,17.475357246398925,17.2094144821167,55.09505248247443,55.85311569038643,17.802515611561837,17.705850862397668,17.6091861132335,17.98099201812744,40.30303687102732,48.34349557820227,40.0,40.30303687102732,0.10000038146972656,0.020000457763671875,0.020000457763671875,0.10000038146972656,99.99980131792529,130.3995050056386,0.09989148050671659,0.10256421078573665,-0.0026727302790200552,0
1118,2019-07-18,17.600000381469727,17.68000030517578,17.540000915527347,17.68000030517578,17.543825149536133,7431719,17.491233921051027,17.226922035217285,55.09505248247443,55.853115690386424,17.78664353555279,17.701226455077247,17.615809374601703,17.971772186920166,44.44447270153314,44.81484831650002,53.33341810459927,44.44447270153314,0.07999992370605469,0.05999946594237926,0.0,0.13999938964843395,93.74979303950546,111.36323243182392,0.09502809442775373,0.10105698751414006,-0.006028893086386336,0
1119,2019-07-19,17.68000030517578,17.799999237060547,17.65999984741211,17.760000228881836,17.62320899963379,11875281,17.49817991256714,17.243877792358397,57.485722100950085,56.91233675698815,17.77523851916132,17.705496027545962,17.635753535930604,17.962736752337037,59.68266525375839,48.14339160877302,85.71457765667574,59.68266525375839,0.11999893188476562,0.020000457763671875,0.11999893188476562,0.020000457763671875,102.96260399455015,117.45977923233963,0.09651656825779398,0.10014890366287085,-0.0036323354050768752,0
1120,2019-07-22,17.760000228881836,17.780000686645508,17.5,17.579999923706055,17.444595336914062,17586694,17.50214910507202,17.25940074920654,50.91734175292587,53.895078756529415,17.80980962088057,17.69554655449481,17.58128348810905,17.95388202644557,55.238234937858266,53.121790964383344,26.666709052299634,55.238234937858266,0.020000457763671875,0.26000022888183594,0.020000457763671875,0.26000022888183594,101.47034074207153,114.0620587864963,0.0822238488427196,0.09656389269884061,-0.014340043856121004,0
1121,2019-07-23,17.6200008392334,17.639999389648438,17.520000457763672,17.6200008392334,17.484289169311527,11965950,17.500164604187013,17.27750011444092,52.223821697671966,54.45160003975163,17.800730607747777,17.678354131439917,17.555977655132057,17.935726745387747,50.79388939322407,55.238263194946995,40.000381470696695,50.79388939322407,0.019998550415039062,0.10000038146972656,0.05999946594238281,0.05999946594238281,98.5398350214066,121.13773987206868,0.07327978160695992,0.09190707048046447,-0.018627288873504552,0
1122,2019-07-24,17.68000030517578,17.700000762939453,17.520000457763672,17.540000915527347,17.404905319213867,10820479,17.49421091079712,17.291872329711914,49.39225166774664,53.121727325448795,17.805255356221416,17.650543004995924,17.495830653770433,17.918297675572237,26.666920980464905,44.23301510384917,13.333672418398246,26.666920980464905,0.020000457763671875,0.15999984741210938,0.07999992370605469,0.10000038146972656,100.74040374998619,118.54794052771973,0.059055464000035585,0.0853367491843787,-0.02628128518434311,0
1123,2019-07-25,17.6200008392334,17.6200008392334,17.520000457763672,17.540000915527347,17.404905319213867,11389570,17.502149391174317,17.300540046691893,49.39225166774664,53.121727325448795,17.78179544723707,17.618627202847136,17.455458958457204,17.901565768549347,22.222575435831107,33.227795269840115,13.333672418398246,22.222575435831107,0.0,0.10000038146972656,0.07999992370605113,0.020000457763675428,100.7630114528167,122.88078608478614,0.0472380588778023,0.07771701112306342,-0.03047895224526112,0
1124,2019-07-26,17.5,17.6200008392334,17.440000534057614,17.5,17.365211486816403,13103359,17.500164699554443,17.308770751953126,47.88657179807178,52.43309981126314,17.665758297728438,17.584173764062044,17.50258923039565,17.885503137807373,14.771412888281494,21.220303101525925,17.646893828047848,14.771412888281494,0.12000083923339844,0.059999465942386365,0.07999992370605113,0.10000038146973367,103.05306500412128,111.11058970275596,0.03425012645930536,0.06902363419031181,-0.034773507731006445,0
1125,2019-07-29,17.440000534057614,17.5,17.239999771118164,17.379999160766598,17.246135711669922,21847949,17.503141593933105,17.313194313049316,43.593387735571376,50.4005458890357,17.694924822933537,17.53815622729087,17.381387631648202,17.858772981582387,20.471716849666688,19.155235057926518,30.434584302553827,20.471716849666688,0.059999465942386365,0.20000076293944957,0.0,0.26000022888183594,93.33297541147576,85.10599299016364,0.014111364580507768,0.058041180268351,-0.04392981568784323,0
1126,2019-07-30,17.379999160766598,17.579999923706055,17.360000610351562,17.520000457763672,17.385059356689453,13623115,17.502149295806884,17.322890701293947,49.30393166378849,52.62260075651357,17.6245642298253,17.504829931281463,17.385095632737627,17.809271124745248,36.31702045860804,23.853383398852163,60.86958324522231,36.31702045860804,0.20000076293945668,0.01999855041503551,0.20000076293945668,0.01999855041503551,103.12469732032716,95.48840641126817,0.00934051369995359,0.048301046954671516,-0.038960533254717926,0
1127,2019-07-31,17.5,17.540000915527347,17.319999694824222,17.34000015258789,17.206443786621097,10193685,17.489249420166015,17.32295337677002,43.24236696150999,49.656464559795644,17.627120713513218,17.46632194593832,17.30552317836342,17.76372941645508,39.20666114631911,31.998466151531364,26.315815891181046,39.20666114631911,0.0400009155273473,0.1800003051757777,0.020000457763675428,0.20000076293944957,94.85275555655453,79.05378846751123,-0.008862775735583028,0.03686828241662061,-0.04573105815220364,0
1128,2019-08-01,17.200000762939453,17.440000534057614,17.200000762939453,17.299999237060547,17.166751861572266,11378138,17.462457370758056,17.32008476257324,42.0064571531104,49.01971785894933,17.595476231370274,17.42093616472593,17.246396098081586,17.72183104482813,36.99818510547967,37.507288903469025,23.80915618003551,36.99818510547967,0.2399997711181605,0.0,0.10000038146972301,0.1399993896484375,103.75919524281913,78.28924789674205,-0.02621456811904821,0.024251712309486848,-0.05046628042853506,0
1129,2019-08-02,17.15999984741211,17.319999694824222,17.139999389648438,17.319999694824222,17.18659782409668,22823738,17.433680725097656,17.31262035369873,42.88543689859255,49.35644595549689,17.53567448468472,17.3784987768733,17.22132306906188,17.66964801663926,30.34469422809977,35.5165134932996,40.9091106130826,30.34469422809977,0.15999984741211293,0.020000457763671875,0.020000457763675428,0.15999984741210938,121.66643354642855,87.32372988470613,-0.037915057622161186,0.01181835832315724,-0.049733415945318424,0
1130,2019-08-05,17.139999389648438,17.219999313354492,16.819999694824222,16.899999618530273,16.769832611083984,27456944,17.39795789718628,17.296106872558592,31.93802870415504,43.14964385854616,17.702823357795662,17.29537228950946,16.887921221223255,17.60609018140036,25.08152312460332,30.80813415272767,10.526302580691699,25.08152312460332,0.07999992370605469,0.3199996948242152,-0.10000038146973012,0.5,107.46257184583084,65.475993821557,-0.08015430696432446,-0.006576174734339102,-0.07357813222998535,0
1131,2019-08-06,16.5,16.899999618530273,16.319999694824222,16.860000610351562,16.73014259338379,32816552,17.365212059020998,17.27808769226074,31.12321113221744,42.62031596323402,17.616666124782782,17.18407435062703,16.751482576471275,17.496037513279703,31.899246343710207,29.108487898804515,44.262325837356194,31.899246343710207,0.39999961853027344,0.1800003051757777,0.0,0.5799999237060511,124.24233447967123,59.99986597012352,-0.11552510061173393,-0.02836595990981807,-0.08715914070191585,0
1132,2019-08-07,16.620000839233402,16.959999084472653,16.520000457763672,16.819999694824222,16.690448760986328,20832800,17.32651243209839,17.261770973205568,30.290890346407373,42.08487740968283,17.509705347103743,17.065723857637153,16.621742368170562,17.307871462326826,33.14381736978139,30.041528946031722,44.642823691296144,33.14381736978139,0.3399982452392507,0.10000038146973012,0.0999984741210902,0.3400001525878906,127.40717925822622,51.231366948383936,-0.145111691738105,-0.05171510627547546,-0.09339658546262955,0
1133,2019-08-08,16.819999694824222,17.180000305175778,16.819999694824222,17.020000457763672,16.888910293579098,17123947,17.289797496795654,17.258693122863768,39.06514290822905,45.62669569976243,17.345129695777867,16.983444926179814,16.62176015658176,16.319999694824222,52.96840860753247,39.337157440341436,70.00007629394496,52.96840860753247,0.3600006103515554,0.0,0.3600006103515554,0.0,131.85165352951307,58.88313618418957,-0.1506838980927938,-0.07150886463893913,-0.07917503345385468,0
1134,2019-08-09,17.020000457763672,17.15999984741211,17.0,17.040000915527347,16.908756256103516,12516082,17.253082466125488,17.252090187072753,39.880071509159315,45.96935658220977,17.11702802818728,16.942487961542938,16.767947894898594,16.337199707031253,64.88102317580469,50.3310830510396,80.00016954217288,64.88102317580469,0.1399993896484375,0.020000457763671875,0.1399993896484375,0.020000457763671875,122.79385777917469,51.49989128112766,-0.1517369133001587,-0.08755447437118305,-0.06418243892897565,0
1135,2019-08-12,17.020000457763672,17.079999923706055,16.899999618530273,16.899999618530273,16.769832611083984,11333503,17.2153751373291,17.24851791381836,36.22763685240661,43.95832802313059,17.090450475232178,16.915910408587834,16.74137034194349,16.354055718994143,72.48068318854912,63.44337165729551,67.44180372952943,72.48068318854912,0.05999946594238281,0.12000083923339844,0.039999008178707385,0.14000129699707387,119.42413219148729,47.34286608067122,-0.16200092425384227,-0.10244376434771489,-0.05955715990612738,0
1136,2019-08-13,16.799999237060547,16.84000015258789,16.479999542236328,16.5,16.372913360595707,27897183,17.15682954788208,17.23224422454834,28.263150475981075,38.91428144026789,17.240291752766492,16.84968148616788,16.45907121956927,16.370574610717775,50.09972613651636,62.4871441669568,2.857205137846675,50.09972613651636,0.04000091552734375,0.31999969482421875,-0.05999946594238281,0.4200000762939453,119.42420080108616,45.237966567832345,-0.2001051653766197,-0.12197604455349585,-0.07812912082312386,0
1137,2019-08-14,16.520000457763672,16.600000381469727,16.120000839233402,16.200000762939453,16.075225830078125,38181820,17.08339958190918,17.21597053527832,24.00132092704821,35.725875890397916,17.38122201274266,16.72220463045501,16.06318724816736,17.180000305175778,25.948725094542656,49.5097114732028,7.547166416251774,25.948725094542656,0.07999992370605469,0.3999996185302699,0.10000038146972656,0.379999160766598,109.15015813533743,44.14407525606331,-0.25161007786936196,-0.14790285121666907,-0.10370722665269289,0
1138,2019-08-15,16.0,16.399999618530273,15.84000015258789,16.34000015258789,16.214147567749027,23766426,17.016915702819823,17.20287223815918,29.354986800129325,38.17728852676178,17.230179628097403,16.58450485009689,15.93883007209638,17.15880031585693,16.094389396742788,30.714280209267354,37.87879663612981,16.094389396742788,0.39999961853027344,0.15999984741210938,0.1999988555908203,0.3600006103515625,117.19729205200919,42.08325336378699,-0.27792753574363616,-0.17390778812206248,-0.10401974762157368,0
1139,2019-08-16,16.399999618530273,16.65999984741211,16.219999313354492,16.620000839233402,16.49199104309082,23167171,16.960354804992676,17.19810920715332,38.66161260080497,42.70927721909404,16.979325477208903,16.498260528005076,16.01719557880125,17.10604830932617,36.10975194809827,26.050955479794656,62.903292791913124,36.10975194809827,0.26000022888183594,0.18000030517578125,0.31999969482421875,0.12000083923339844,112.88325395803886,41.05682578548196,-0.273043124194853,-0.19373485533662058,-0.07930826885823242,0
1140,2019-08-19,16.719999313354492,16.920000076293945,16.65999984741211,16.920000076293945,16.789678573608402,20469782,16.927608966827393,17.19810920715332,46.75507066421984,47.02419974728981,16.993440786244616,16.49938030385998,16.005319821475343,17.05540638305664,66.92736314268102,39.71050149584078,100.0,66.92736314268102,0.20000076293945312,0.05999946594238281,0.2999992370605433,-0.039999008178707385,110.84327174476978,47.67921317502039,-0.24217314040456728,-0.20342251235020992,-0.03875062805435736,0
1141,2019-08-20,17.0,17.180000305175778,16.920000076293945,17.100000381469727,16.968294143676758,15009211,16.901809215545654,17.199299964904785,50.93808733777357,49.395730700009416,17.258961777431544,16.581366255091893,15.903770732752243,15.84000015258789,85.64438330386321,62.89383279821425,94.02985711967641,85.64438330386321,0.1800003051757777,0.07999992370605469,0.2600002288818324,0.0,116.77014917593137,55.8034870394049,-0.20086844909724988,-0.20291169969961792,0.002043250602368041,1
1142,2019-08-21,16.680000305175778,16.700000762939453,16.100000381469727,16.200000762939453,16.075225830078125,71077381,16.835325241088867,17.178660202026368,35.79575147119514,40.09006119155708,17.27522886692912,16.597633344589468,15.920037822249817,15.866800155639648,73.63185708361696,75.40120117672048,26.865714131174403,73.63185708361696,0.020000457763675428,0.5799999237060511,-0.39999961853027344,1.0,100.53759526485524,38.148078683025595,-0.23801296594325194,-0.2099319529483447,-0.02808101299490723,0
1143,2019-08-22,16.100000381469727,16.120000839233402,15.579999923706055,15.619999885559082,15.4996919631958,55998805,16.740064573287963,17.147700519561766,29.673748456002702,35.607005510798636,17.5421264151596,16.47821645729762,15.41430649943564,17.180000305175778,41.13185609020646,66.80269882589563,2.4999970197684775,41.13185609020646,0.020000457763675428,0.5200004577636719,-0.07999992370605113,0.6200008392333984,86.72982911607568,33.108038663735265,-0.3106702731669735,-0.23007961699207047,-0.08059065617490302,0
1144,2019-08-23,15.65999984741211,15.859999656677244,15.600000381469727,15.84000015258789,15.717997550964355,28823078,16.65770387649536,17.12070999145508,34.266050383275214,38.32012627140083,17.470148926547896,16.303300015337868,15.136451104127838,17.148000297546382,15.20524052725112,43.322984567024925,16.250010430810388,15.20524052725112,0.19999980926513494,0.05999946594238281,0.2399997711181623,0.01999950408935547,89.57342747738335,37.93095567143927,-0.34650523304460634,-0.25336474020257765,-0.09314049284202869,0
1145,2019-08-26,15.5,15.5600004196167,15.239999771118164,15.520000457763672,15.400463104248047,25584912,16.56542024612427,17.087765731811523,31.08630235165085,36.030220145658944,17.23539340868259,16.091812870412582,14.948232332142574,17.116640290069576,11.061009520723223,22.466035379393677,14.433021111590707,11.061009520723223,0.06000041961669922,0.26000022888183594,-0.2799997329711914,0.6000003814697266,83.40808057049412,28.213121862910068,-0.3961593199085627,-0.2819236561437747,-0.114235663764788,0
1146,2019-08-27,15.579999923706055,15.699999809265135,15.31999969482422,15.4399995803833,15.321078300476074,25227155,16.4622211933136,17.054027614593505,30.32857685059559,35.480525398095054,16.421802769865153,15.875454282470471,15.32910579507579,17.04157466931152,14.793879769828445,13.686709939267672,13.69860776708415,14.793879769828445,0.11999988555908025,0.26000022888183416,0.17999935150146307,0.20000076293945135,85.65021970855236,31.012591660938437,-0.43692929476498676,-0.3129247838680171,-0.12400451089696968,0
1147,2019-08-28,15.520000457763672,15.520000457763672,15.220000267028807,15.300000190734865,15.182156562805176,21723363,16.361006832122804,17.016717224121095,28.996568471036415,34.52462907435785,16.031913225200764,15.669344561175528,15.306775897150292,16.969511673383785,12.340167879688257,12.731685723413385,8.888874760389823,12.340167879688257,0.0,0.30000019073486506,0.0800008773803711,0.21999931335449396,81.54509538276432,30.555513448049474,-0.4750603740145962,-0.3453519018973329,-0.12970847211726333,0
1148,2019-08-29,15.300000190734865,15.420000076293945,15.199999809265135,15.420000076293945,15.30123233795166,19153682,16.26773085594177,16.978216037750244,31.76295603615567,36.05595740003965,15.873309865530842,15.508980256235617,15.144650646940391,16.864540989002485,18.64028800872944,15.258111886082125,33.33338149871425,18.64028800872944,0.11999988555908025,0.10000038146973012,0.11999988555908025,0.10000038146973012,84.78261725888802,31.172796399351586,-0.48994871732493905,-0.3742712649828541,-0.11567745234208493,0
1149,2019-08-30,15.479999542236328,15.5,15.079999923706055,15.140000343322756,15.02338981628418,24169849,16.159570455551147,16.928998050689696,28.930580637586527,34.12474801438336,15.632760147760674,15.368154918238382,15.10354968871609,16.731377694623497,17.299915026782475,16.09345697173347,9.67748882124326,17.299915026782475,0.020000457763671875,0.39999961853027344,0.07999992370605469,0.3400001525878906,80.00003114038233,29.705843537759023,-0.518366073633306,-0.4030902267129445,-0.11527584692036152,0
1150,2019-09-02,15.079999923706055,15.079999923706055,14.800000190734865,14.899999618530273,14.785237312316895,29372315,16.060340690612794,16.877398567199705,26.73031507483195,32.57388786753267,15.623940955165903,15.222344069477991,14.820747183790079,16.566239917531753,18.040640854086217,17.99361462986612,11.111052242301044,18.040640854086217,0.0,0.27999973297118963,-0.060000419616700995,0.3400001525878906,74.21876018633917,26.704505661692867,-0.5538684354123884,-0.43324586845283325,-0.12062256695955514,0
1151,2019-09-03,14.899999618530273,15.119999885559082,14.84000015258789,15.0,14.884467124938965,13015967,15.968056917190552,16.824608325958252,29.148226457984105,33.87246222093172,15.477538950080334,15.09755970709731,14.717580464114288,16.354291150316126,16.188760682781677,17.1764388545502,27.77774098480064,16.188760682781677,0.2200002670288086,0.05999946594238281,0.2200002670288086,0.05999946594238281,79.51811866467207,30.701718551034435,-0.5673945467128032,-0.46007560410482723,-0.10731894260797598,0
1152,2019-09-04,15.31999969482422,15.699999809265135,15.039999961853027,15.520000457763672,15.400463104248047,38368194,15.903557634353637,16.78213800430298,40.199443557602166,40.09412583302511,15.542727889355172,15.06580398080039,14.588880072245606,16.167776235166375,39.62961893513887,24.619673490668998,80.00006357831484,39.62961893513887,0.3800001144409144,0.2799997329711932,0.6999998092651349,-0.039999961853027344,79.00764741136595,38.348020564467525,-0.530044374642662,-0.47406935821239415,-0.05597501643026781,0
1153,2019-09-05,15.5,15.640000343322756,15.140000343322756,15.359999656677244,15.241694450378418,21806118,15.821196842193604,16.74204917907715,38.22385285451654,38.92551148501839,15.545928105522414,15.08957703607642,14.633225966630427,16.003643109834595,56.66666460626803,37.49501474139627,62.22218925568853,56.66666460626803,0.14000034332275568,0.3599996566772443,0.11999988555908381,0.3800001144409162,78.22879455919993,38.79303812653483,-0.5075046242510961,-0.48075641142013453,-0.02674821283096157,0
1154,2019-09-06,15.399999618530273,15.460000038146973,15.239999771118164,15.460000038146973,15.340924263000488,17045864,15.742805242538452,16.70076955795288,40.2018549020838,40.05789651678227,15.651494911800707,15.150232143347452,14.648969374894197,15.859205959542628,71.85186676528376,56.04938343556362,73.33334746184781,71.85186676528376,0.06000041961669922,0.15999984741210938,0.10000038146972834,0.11999988555908025,72.75988223660201,38.90483078337804,-0.47608450876438013,-0.4798220308889837,0.003737522124603543,1
1155,2019-09-09,15.399999618530273,15.600000381469727,15.380000114440918,15.579999923706055,15.460000038146973,17220832,15.677313613891602,16.66623760223389,42.57788024249791,41.40976679956807,15.649056994116645,15.238476802794409,14.827896611472173,15.732101267285696,73.86735202737437,67.46196113297545,86.04651936458669,73.86735202737437,0.20000076293945312,0.01999950408935547,0.1400003433227539,0.07999992370605469,73.47675708970655,41.10779904899508,-0.4364695042357223,-0.4711515255583314,0.03468202132260911,1
1156,2019-09-10,15.479999542236328,15.539999961853027,15.399999618530273,15.479999542236328,15.479999542236328,15389441,15.632667922973633,16.627739486694335,42.98762460269055,41.63902015133965,15.466957325313349,15.321629826926277,15.176302328539204,15.620249138099597,75.34882844257359,73.68934907841064,66.6666185012862,75.34882844257359,0.06000041961669922,0.07999992370605469,-0.039999961853027344,0.18000030517578125,76.40455799242571,44.036623400409,-0.40843533448879477,-0.45860828734442405,0.05017295285562928,1
1157,2019-09-11,15.479999542236328,15.68000030517578,15.359999656677244,15.5600004196167,15.5600004196167,28504352,15.606906652450562,16.5896506690979,44.68788042774648,42.57117948879403,15.554145457386,15.396970040820158,15.239794624254316,14.800000190734865,76.83031175552688,75.34883074182501,77.77779740070767,76.83031175552688,0.20000076293945135,0.11999988555908381,0.20000076293945135,0.11999988555908381,73.48493988960458,50.65782301731924,-0.3754348712836375,-0.4419736041322667,0.06653873284862921,1
1158,2019-09-12,15.68000030517578,15.68000030517578,15.5600004196167,15.619999885559082,15.619999885559082,11630310,15.577199268341065,16.54799880981445,45.98884631023415,43.275844199145865,15.588026276207966,15.466700133273712,15.345373990339457,14.817600193023683,76.93599114988903,76.3717104493299,86.36355754767317,76.93599114988903,0.0,0.11999988555908025,0.11999988555908025,0.0,66.79258170697304,54.00691596092285,-0.3405150652638653,-0.42168189635858644,0.08116683109472111,1
1159,2019-09-13,15.619999885559082,15.960000038146973,15.600000381469727,15.960000038146973,15.960000038146973,17662708,15.550599718093872,16.5119561958313,52.768312229616384,47.09096636779629,15.898843191491947,15.566096900761927,15.233350610031907,14.834848195266725,88.04711831612697,80.60447374051436,100.0,88.04711831612697,0.3400001525878906,0.01999950408935547,0.3400001525878906,0.01999950408935547,66.16553928691658,53.47216680281871,-0.2821532100246813,-0.3937761590918054,0.11162294906712411,1
1160,2019-09-16,15.800000190734865,15.84000015258789,15.640000343322756,15.699999809265135,15.699999809265135,14706029,15.496115779876709,16.47627040863037,47.82470839722189,44.70645431960755,15.97832806847346,15.649062096835898,15.319796125198337,14.879854268981935,81.0100712059884,81.9977268906682,56.66665607029194,81.0100712059884,0.03999996185302557,0.15999984741210938,-0.11999988555908203,0.319999694824217,62.6375012182933,46.53462323747361,-0.2539534475683194,-0.3658116167871082,0.11185816921878883,1
1161,2019-09-17,15.699999809265135,15.699999809265135,15.5,15.600000381469727,15.600000381469727,16404011,15.427701091766357,16.440569229125977,46.03823089524445,43.82140740630189,15.979780378497878,15.692893840398995,15.406007302300111,14.923060099748536,65.5555838125544,78.20425777822332,40.00009536737119,65.5555838125544,0.0,0.19999980926513494,0.0,0.19999980926513494,60.64997597737478,45.42483451340088,-0.236942722532703,-0.34003783793622716,0.10309511540352417,1
1162,2019-09-18,15.68000030517578,15.699999809265135,15.579999923706055,15.65999984741211,15.65999984741211,8687328,15.406939792633057,16.40448040008545,47.30999914772991,44.504994882117145,15.972300204768056,15.711103000080783,15.44990579539351,14.964537697284474,43.81644135919288,63.460698792578626,34.782572639915415,43.81644135919288,0.01999950408935547,0.10000038146972479,0.09999942779540838,0.020000457763671875,62.78208475122259,51.398574524200654,-0.21612874725830977,-0.31525601980064366,0.09912727254233389,1
1163,2019-09-19,15.65999984741211,15.68000030517578,15.5,15.539999961853027,15.539999961853027,8621056,15.408955192565918,16.362816219329833,45.02446110735331,43.409437535849655,15.989266358187455,15.700157425683294,15.411048493179132,15.004356190918974,27.826103722421852,45.73270963138978,8.695643159978854,27.826103722421852,0.0200004577636701,0.15999984741210938,0.0200004577636701,0.15999984741210938,64.5670738495404,51.9999667081136,-0.20693113644965777,-0.2935910431304465,0.08665990668078871,1
1164,2019-09-20,15.539999961853027,15.699999809265135,15.4399995803833,15.619999885559082,15.619999885559082,20224478,15.404055309295654,16.32235507965088,46.867314166933916,44.35642534926482,15.789636735323029,15.681119643449641,15.572602551576253,15.042581944808095,29.49274257360209,33.71176255173901,45.000011920911895,29.49274257360209,0.1599998474121076,0.10000038146972656,0.1599998474121076,0.10000038146972656,60.55791114068797,53.81677923597222,-0.19098508123043345,-0.2730698507504439,0.08208476952001043,1
1165,2019-09-23,15.619999885559082,15.619999885559082,15.420000076293945,15.460000038146973,15.460000038146973,11875760,15.407032155990601,16.281075496673584,43.711363230163634,42.86856030379468,15.78356520459408,15.6440805057874,15.50459580698072,15.07927866854165,22.66045645553508,26.65976758385308,14.285714285714375,22.66045645553508,0.0,0.19999980926513672,0.0,0.19999980926513672,55.15887012235028,46.99248497694476,-0.18907878555331337,-0.2562716377110178,0.06719285215770443,1
1166,2019-09-24,15.4399995803833,15.579999923706055,15.380000114440918,15.5,15.5,15600462,15.415978240966798,16.24019899368286,44.71367445863248,43.36111669605472,15.75098337975206,15.602605625327904,15.454227870903747,15.114507523325864,32.26190873554219,28.138369254893192,37.500000000000206,32.26190873554219,0.1400003433227539,0.05999946594238281,0.11999988555908203,0.07999992370605469,53.96838492134059,42.647084088471274,-0.182239624911416,-0.24146523515109744,0.05922561023968145,1
1167,2019-09-25,15.4399995803833,15.5,15.199999809265135,15.220000267028807,15.220000267028807,19731622,15.417870426177979,16.193722496032716,39.42189125168686,40.80718246890464,15.802067318699534,15.532430783103464,15.262794247507395,15.148327223918708,18.59526861281635,24.505877934631282,4.000091552734375,18.59526861281635,0.06000041961669922,0.23999977111816584,0.0,0.30000019073486506,50.00012837931014,35.88852113543036,-0.19714066436163158,-0.23260032099320427,0.03545965663157269,1
1168,2019-09-26,15.260000228881836,15.359999656677244,15.18000030517578,15.31999969482422,15.31999969482422,10034999,15.418808794021606,16.149245986938478,42.059256783445406,42.070872053262576,15.73931682030482,15.459431254525015,15.17954568874521,15.960000038146973,22.80769225875711,24.55495653570529,26.922985223536653,22.80769225875711,0.09999942779540838,0.07999992370605646,0.1399993896484375,0.039999961853027344,57.021401277193654,54.39330560628717,-0.1985914883305533,-0.22579855446067407,0.027207066130120777,1
1169,2019-09-27,15.199999809265135,15.300000190734865,15.140000343322756,15.300000190734865,15.300000190734865,10020602,15.43263931274414,16.102781810760497,41.66853355793256,41.88541209178205,15.603576899676638,15.394962548516844,15.18634819735705,15.94440004348755,21.418803369868197,20.940588080480627,33.33333333333346,21.418803369868197,0.10000038146973012,0.05999946594237926,-0.01999950408935547,0.17999935150146484,65.09449706902288,61.290352351960934,-0.19906042494774212,-0.22045092855808768,0.021390503610345557,1
1170,2019-09-30,15.300000190734865,15.34000015258789,15.199999809265135,15.279999732971193,15.279999732971193,9266609,15.457377433776855,16.05948989868164,41.25577341074603,41.69479341374418,15.530600439809875,15.342302885405992,15.154005331002109,15.912224055480957,30.6914640009558,24.972653209860443,31.818073445997186,30.6914640009558,0.03999996185302557,0.10000038146973012,0.03999996185302557,0.10000038146973012,60.74780599041569,55.656130075995826,-0.19875480867229633,-0.2161117045809294,0.01735689590863307,1
1171,2019-10-02,15.359999656677244,15.380000114440918,15.199999809265135,15.199999809265135,15.199999809265135,11942143,15.473154067993164,16.013804111480713,39.56742657732239,40.92227937431459,15.386371294799918,15.293764720847015,15.201158146894112,15.881335106994628,27.272646997034673,26.46097145595296,16.666534211773275,27.272646997034673,0.02000045776367365,0.15999984741210938,0.10000038146972479,0.07999992370605824,61.24417185864408,72.82054830898801,-0.20263211395244696,-0.2134157864552329,0.010783672502785946,1
1172,2019-10-03,15.140000343322756,15.479999542236328,15.140000343322756,15.380000114440918,15.380000114440918,13550687,15.472130918502808,15.973306007385254,45.019411779345106,43.37047117176079,15.389754438415213,15.272724352472302,15.155694266529391,15.851681716447754,39.6909806498184,32.551697215936365,70.58833429168463,39.6909806498184,0.33999919891357244,0.0,0.2799997329711932,0.05999946594237926,70.91852548186111,78.19156383381261,-0.18900169216130713,-0.20853296759644774,0.019531275435140605,1
1173,2019-10-04,15.380000114440918,15.399999618530273,15.020000457763672,15.15999984741211,15.15999984741211,14213672,15.468046188354492,15.928407897949219,40.24096634377075,41.206120298962745,15.404173998419765,15.249461134337203,15.094748270254641,15.823214461522754,39.229859666843545,35.39782910456561,30.434710497072633,39.229859666843545,0.01999950408935547,0.3599996566772461,0.01999950408935547,0.3599996566772461,70.3519109928572,73.84618206137958,-0.1937186001829545,-0.2055700941137491,0.011851493930794599,1
1174,2019-10-08,15.239999771118164,15.239999771118164,15.020000457763672,15.119999885559082,15.119999885559082,16322551,15.456999969482421,15.883503665924072,39.42166654605914,40.82200772484943,15.402666571171864,15.217453044297528,15.032239517423193,15.77502162129721,40.92069803265469,39.947179449772285,21.73904930920671,40.92069803265469,0.0,0.2199993133544922,0.07999992370605469,0.1399993896484375,65.36601602733168,72.08126471811983,-0.1983974441633123,-0.20413556412366174,0.005738119960349453,1
1175,2019-10-09,15.0600004196167,15.220000267028807,14.979999542236328,15.039999961853027,15.039999961853027,17651787,15.435999965667724,15.839380950927735,37.76557176114752,40.04772615210186,15.399701095752413,15.173426804389543,14.947152513026673,15.729720351485197,21.391281243206432,33.8472796475683,12.000083923339844,21.391281243206432,0.1599998474121076,0.0800008773803711,0.10000038146972479,0.1400003433227539,74.60332277646657,76.47064823371223,-0.2061840258775991,-0.2045452564744492,-0.0016387694031498867,0
1176,2019-10-10,15.0600004196167,15.100000381469727,14.960000038146973,14.960000038146973,14.960000038146973,17223233,15.409999990463257,15.790879764556884,36.13096081230505,39.27519294341678,15.400798589711224,15.117277804073282,14.83375701843534,15.669742686745288,11.24637774418222,24.519452340014524,0.0,11.24637774418222,0.039999961853027344,0.10000038146972656,0.06000041961669922,0.07999992370605469,79.4445901448259,85.63228376105259,-0.21631670887386178,-0.20689954695433171,-0.00941716191953007,0
1177,2019-10-11,15.15999984741211,15.460000038146973,15.100000381469727,15.359999656677244,15.359999656677244,21465571,15.399999952316284,15.753950881958009,48.20293231140264,44.79682684778234,15.376535678709663,15.106899143113594,14.837262607517525,15.598768421885456,30.666669209798098,21.101442732395657,79.99992370605433,30.666669209798098,0.3000001907348633,0.05999946594238281,0.5,-0.1400003433227539,81.66681236704811,99.3903458438232,-0.18988147146539802,-0.20349593185654496,0.013614460391146943,1
1178,2019-10-14,15.380000114440918,15.479999542236328,15.18000030517578,15.279999732971193,15.279999732971193,16339763,15.38299994468689,15.716215839385987,46.31734705529518,43.96762786027589,15.423743245464166,15.12698773661662,14.830232227769073,15.534891583511607,47.17946174817211,29.697502900717552,61.53846153846188,47.17946174817211,0.09999942779541016,0.1999998092651385,0.11999988555908381,0.17999935150146484,75.56830373688948,76.57152713083012,-0.17338797200836176,-0.19747433988690832,0.024086367878546566,1
1179,2019-10-15,15.300000190734865,15.359999656677244,15.199999809265135,15.220000267028807,15.220000267028807,9810496,15.345999956130981,15.676883888244628,44.8987803754045,43.34362182722545,15.45260222525942,15.15369778198172,14.854793338704019,15.479999542236328,63.84615898135231,47.23076331310758,50.00009169954061,63.84615898135231,0.05999946594237926,0.10000038146973012,0.07999992370605113,0.07999992370605824,79.14119510700272,82.50011920940271,-0.16327606547750229,-0.19063468500502712,0.02735861952752483,1
1180,2019-10-16,15.18000030517578,15.380000114440918,15.140000343322756,15.279999732971193,15.279999732971193,14986475,15.324999952316285,15.647087230682374,46.658156847813025,44.16539781438153,15.459263241967461,15.184454479448355,14.90964571692925,15.479999542236328,57.692338258821486,56.23931966278204,61.53846153846188,57.692338258821486,0.1999998092651385,0.03999996185302379,0.15999984741211115,0.07999992370605113,86.62428178243657,85.4431436032682,-0.14870665349948808,-0.18224907870391932,0.03354242520443124,1
1181,2019-10-17,15.34000015258789,15.4399995803833,15.239999771118164,15.380000114440918,15.380000114440918,12989208,15.313999938964844,15.620084381103515,49.54951486280887,45.530933671390606,15.342926354757466,15.225896581735263,15.10886680871306,14.960000038146973,61.740952075340466,61.09314977183815,73.68430298801881,61.740952075340466,0.09999942779541016,0.10000038146972656,0.1599998474121076,0.03999996185302912,81.36646790543655,87.17957887902753,-0.1276199709094481,-0.17132325714502508,0.04370328623557698,1
1182,2019-10-18,15.260000228881836,15.479999542236328,15.199999809265135,15.220000267028807,15.220000267028807,18926392,15.291999959945679,15.590675411224366,45.317007956197735,43.75534260973173,15.369148627849071,15.252118854826868,15.135089081804665,14.9696000289917,52.91740309679161,57.45023114365125,23.529444763894006,52.91740309679161,0.2199993133544922,0.060000419616700995,0.09999942779541016,0.18000030517578303,86.87496311961243,91.66674308295013,-0.12240822769474669,-0.1615402512549694,0.03913202356022272,1
1183,2019-10-21,15.260000228881836,15.359999656677244,15.220000267028807,15.279999732971193,15.279999732971193,8717449,15.278999948501587,15.558497200012207,47.140459195788466,44.59558168973944,15.385710430348539,15.268680657326335,15.151650884304132,14.990016009521485,46.13004528072528,53.59613348428585,41.1763880902629,46.13004528072528,0.09999942779540838,0.03999996185302912,0.1399993896484375,0.0,85.89735281926966,93.33336512250695,-0.11214370535512153,-0.15166094207499983,0.03951723671987831,1
1184,2019-10-22,15.300000190734865,15.34000015258789,15.220000267028807,15.300000190734865,15.300000190734865,6848544,15.262999963760375,15.526322078704833,47.76573924533726,44.880234698879875,15.384180177182035,15.281107396841662,15.17803461650129,15.009615350830078,37.25490746064904,45.434118612722045,47.0588895277901,37.25490746064904,0.03999996185302557,0.07999992370605824,0.06000041961669744,0.059999465942386365,88.31160265951303,89.54254436226633,-0.10122823161665906,-0.14157439998333168,0.040346168366672625,1
1185,2019-10-23,15.300000190734865,15.34000015258789,15.220000267028807,15.220000267028807,15.220000267028807,9131649,15.250999975204468,15.49532543182373,45.4498491130877,43.94372526899587,15.400037425929272,15.281378363297279,15.162719300665286,15.028430718486328,31.79276835335256,38.39257369824236,7.1430274420045805,31.79276835335256,0.03999996185302557,0.07999992370605824,0.03999996185302557,0.07999992370605824,77.06995961765473,78.2051587716411,-0.0979043844919456,-0.13284039688505447,0.03493601239310887,1
1186,2019-10-24,15.279999732971193,15.4399995803833,15.220000267028807,15.420000076293945,15.420000076293945,9740121,15.246999979019165,15.476267166137696,51.74836430246064,46.82068667811893,15.442744264395898,15.296101961194971,15.149459657994043,15.046493471436328,44.25783861345699,37.76850480915292,78.5715988705762,44.25783861345699,0.1599998474121076,0.059999465942386365,0.21999931335449396,0.0,83.55253210024787,99.28573131562808,-0.07823011054126816,-0.12191833961629721,0.04368822907502905,1
1187,2019-10-25,15.300000190734865,15.399999618530273,15.300000190734865,15.300000190734865,15.300000190734865,11224973,15.250999975204468,15.46076265335083,48.15562902234865,45.37177765775039,15.438801188286627,15.30881662734091,15.178832066395193,15.063833714268329,40.69278049750792,38.91446248810589,36.363715179942886,40.69278049750792,0.09999942779540838,0.0,-0.020000457763671875,0.11999988555908025,92.95761688809824,101.47058823529314,-0.07149692255566364,-0.1118340562041705,0.04033713364850686,1
1188,2019-10-28,15.380000114440918,15.420000076293945,15.260000228881836,15.359999656677244,15.359999656677244,16005381,15.252999973297118,15.443679695129395,50.02390963155477,46.234493745732564,15.456646010513383,15.32278064791771,15.188915285322038,15.080480347387049,59.523866290192366,48.15816180038582,63.63628482005792,59.523866290192366,0.039999961853027344,0.11999988555908203,0.11999988555908025,0.03999996185302912,93.00689646893468,101.45988907432472,-0.06062057089569173,-0.10159135914247475,0.04097078824678302,1
1189,2019-10-29,15.399999618530273,15.460000038146973,15.34000015258789,15.34000015258789,15.34000015258789,14725044,15.25499997138977,15.420639877319337,49.38506877220601,45.98346777352219,15.467100185027196,15.334194421816044,15.201288658604891,15.09646111518102,50.000000000000426,50.0722155959003,50.00000000000037,50.000000000000426,0.06000041961669922,0.05999946594238281,0.10000038146972834,0.019999504089353692,97.82600132408655,110.00005868772679,-0.053003782076393335,-0.09187384372925847,0.038870061652865134,1
1190,2019-10-30,15.31999969482422,15.359999656677244,15.15999984741211,15.239999771118164,15.239999771118164,19704885,15.252999973297118,15.389646301269531,46.20750218653591,44.7243304551459,15.450627410519242,15.330360951186051,15.21009449185286,15.111802652263233,46.76763636707562,52.09716755242287,26.666624281168442,46.76763636707562,0.03999996185302379,0.15999984741211115,0.019999504089353692,0.18000030517578125,91.48929550467209,101.49257342945917,-0.05440941919189157,-0.08438095882178509,0.029971539629893518,1
1191,2019-10-31,15.199999809265135,15.380000114440918,15.199999809265135,15.220000267028807,15.220000267028807,16303299,15.253999996185303,15.354680423736573,45.57591021397401,44.471768683423186,15.422056990018119,15.312951696433394,15.20384640284867,15.126530527862156,32.22225047922101,42.99662894876575,20.000127156494084,32.22225047922101,0.18000030517578303,0.0,0.1400003433227539,0.03999996185302912,105.34345587814951,113.49212536443925,-0.05648605350669733,-0.07880197775876754,0.022315924252070213,1
1192,2019-11-01,15.199999809265135,15.5,15.199999809265135,15.420000076293945,15.420000076293945,16035049,15.255999994277953,15.34157590866089,52.55935539192158,47.54379717584042,15.463340097570608,15.312821058238669,15.162302018906729,15.140669288437124,41.04579089068442,40.01189257899375,76.4706212343906,41.04579089068442,0.30000019073486506,0.0,0.2799997329711932,0.020000457763671875,114.06242025545677,122.76427082210589,-0.04151492975490534,-0.0713445681579951,0.02982963840308976,1
1193,2019-11-04,15.5,15.539999961853027,15.420000076293945,15.5,15.5,18713572,15.273000001907349,15.341582069396972,55.04425272261805,48.72061295421223,15.550383014795168,15.33811904373939,15.125855072683612,15.162229131130896,61.981481936730894,45.08317443554551,89.47369741930788,61.981481936730894,0.039999961853027344,0.07999992370605469,0.11999988555908203,0.0,120.83322571377447,145.37045662961185,-0.022930551935724353,-0.06166176491354095,0.0387312129778166,1
1194,2019-11-05,15.420000076293945,15.460000038146973,15.300000190734865,15.4399995803833,15.4399995803833,18997480,15.288999986648559,15.336022109985352,52.8100437402072,47.88506629365949,15.595850760810286,15.37042684970615,15.145002938602012,15.192450797588666,79.8761455728478,60.96780613342111,73.68411806484481,79.8761455728478,0.039999961853027344,0.11999988555908025,-0.039999961853027344,0.19999980926513494,116.39335804549691,127.5863004497475,-0.012895183392277687,-0.051908448609288296,0.03901326521701061,1
1195,2019-11-06,15.359999656677244,15.399999618530273,15.31999969482422,15.34000015258789,15.34000015258789,16074014,15.303999996185302,15.334812850952149,49.22399196790407,46.50655715685853,15.581641480781494,15.388313040073335,15.194984599365176,15.220254730729815,68.11145619004321,69.9896945665407,41.17655308597681,68.11145619004321,0.03999996185302912,0.03999996185302379,-0.039999961853027344,0.11999988555908025,114.87590604018784,130.08854412162393,-0.012862923834598305,-0.044099343654350295,0.03123641981975199,1
1196,2019-11-07,15.34000015258789,15.600000381469727,15.34000015258789,15.520000457763672,15.520000457763672,16108724,15.332000017166138,15.3387912940979,55.130270084264374,49.23457720213936,15.540102456355873,15.412603318988332,15.28510418162079,15.245834349219672,64.95357294482315,70.98039156923812,80.0000476836477,64.95357294482315,0.26000022888183594,0.0,0.26000022888183594,0.0,129.31025056572943,146.29640504017507,0.0016679354777160427,-0.034945887827937026,0.03661382330565307,1
1197,2019-11-08,15.479999542236328,15.5600004196167,15.359999656677244,15.420000076293945,15.420000076293945,14659074,15.335000038146973,15.343548164367675,51.543200358000085,47.82929461309966,15.557803796517893,15.430304659150352,15.30280552178281,15.281250952444678,53.72551239712565,62.2635138439974,39.99993642175231,53.72551239712565,0.0800008773803711,0.11999988555908381,0.039999961853027344,0.16000080108642756,134.2104492644978,138.3928784302501,0.005056265642453539,-0.026945457133858913,0.032001722776312455,1
1198,2019-11-11,15.34000015258789,15.399999618530273,15.119999885559082,15.220000267028807,15.220000267028807,27410110,15.332000064849854,15.34192352294922,45.20777933778835,45.156091320582874,15.619559091742268,15.416226895132652,15.212894698523037,15.600000381469727,46.944458462544475,55.20784793483116,20.83339128223329,46.944458462544475,0.05999946594238281,0.2200002670288086,-0.020000457763671875,0.3000001907348633,111.19991729733067,112.90318238993164,-0.00830108172703703,-0.023216582052494536,0.014915500325457506,1
1199,2019-11-12,15.34000015258789,15.34000015258789,15.140000343322756,15.239999771118164,15.239999771118164,21452890,15.333000040054321,15.346255722045898,45.92357067269325,45.472130158468055,15.606321737381649,15.382035942744587,15.157750148107525,15.590400371551514,28.611092677833245,43.09368784583452,24.999950329514004,28.611092677833245,0.0,0.19999980926513494,0.11999988555908381,0.07999992370605113,117.948645843139,131.81814635093625,-0.017076238664927246,-0.02198851337498108,0.004912274710053833,1
1200,2019-11-13,15.119999885559082,15.15999984741211,15.0,15.020000457763672,15.020000457763672,30384571,15.320000076293946,15.350950984954833,39.76898498050056,42.66731808487487,15.662066903360198,15.315749152063148,14.969431400766098,15.580992361831665,16.38891637323422,30.648155837870718,3.3334075079552283,16.38891637323422,0.039999961853027344,0.11999988555908203,-0.07999992370605469,0.23999977111816406,124.99989356312228,119.13038142009573,-0.041306563386253714,-0.025852123377235605,-0.015454440009018109,0
1201,2019-11-14,14.9399995803833,15.0600004196167,14.920000076293945,14.920000076293945,14.920000076293945,26641556,15.297000074386597,15.351661643981934,37.32061534252942,41.46177979685362,15.574987195112778,15.223169213636467,14.871351232160157,15.557752667358399,9.444452612489789,18.14815388785249,0.0,9.444452612489789,0.12000083923339844,0.01999950408935547,0.039999961853027344,0.10000038146972656,126.60552064093848,118.5839957363145,-0.06779694437192951,-0.03424108757617439,-0.033555856795755123,0
1202,2019-11-15,15.0,15.039999961853027,14.899999618530273,14.899999618530273,14.899999618530273,20050363,15.28100004196167,15.341652374267579,36.83220687774399,41.22021786632036,15.412888739633933,15.123337269751019,14.833785799868105,15.519487511894532,1.1111358359851213,8.981501607236448,0.0,1.1111358359851213,0.039999961853027344,0.10000038146972656,0.11999988555908203,0.020000457763671875,126.60552064093848,124.54532489302552,-0.08937437973077955,-0.04526774600709542,-0.04410663372368413,0
1203,2019-11-18,14.899999618530273,15.0600004196167,14.899999618530273,15.0,15.0,16050778,15.26700005531311,15.33681848526001,40.99038931862716,42.943828504854494,15.286919536199385,15.045060114259954,14.803200692320523,15.469928480425391,7.575777279748507,6.043788576074544,22.727331839245384,7.575777279748507,0.16000080108642578,0.0,0.16000080108642578,0.0,123.58491754311665,102.56399806330737,-0.09728402794618596,-0.05567100239491353,-0.04161302555127243,0
1204,2019-11-19,15.0,15.18000030517578,14.960000038146973,15.18000030517578,15.18000030517578,12788640,15.261000061035157,15.333600006103516,47.66814101556667,45.90481002023095,15.212884670763318,15.014652103108098,14.816419535452878,15.424334171473783,40.90911061308184,16.53200790960523,100.0,40.90911061308184,0.18000030517577947,0.039999961853027344,0.18000030517577947,0.039999961853027344,137.75515665567542,111.81805807701126,-0.08801339718416479,-0.06213948135276378,-0.025873915831401008,0
1205,2019-11-20,15.079999923706055,15.239999771118164,15.039999961853027,15.119999885559082,15.119999885559082,14028335,15.25600004196167,15.326800003051758,45.8073054731032,45.09581724236525,15.234122084585579,15.014449324366659,14.794776564147739,15.382387407238301,62.47775456361048,36.98754748548035,64.7059318515859,62.47775456361048,0.15999984741210938,0.039999961853027344,0.05999946594238459,0.14000034332275213,147.36853464826618,107.9644423139165,-0.08453343906728605,-0.06661827289566824,-0.017915166171617813,0
1206,2019-11-21,15.039999961853027,15.079999923706055,14.899999618530273,14.979999542236328,14.979999542236328,20288055,15.23400001525879,15.316800003051759,41.715313395249936,43.25141414821617,15.214576574536878,15.013141277343308,14.811705980149739,15.343796384141658,62.745103539065155,55.37732290525256,23.529378765609398,62.745103539065155,0.039999961853027344,0.1400003433227539,-0.039999961853027344,0.2200002670288086,132.00008010867964,93.33318498408933,-0.09201175067590661,-0.07169696845171591,-0.020314782224190697,0
1207,2019-11-22,15.0,15.020000457763672,14.920000076293945,15.0,15.0,13424339,15.219000005722046,15.305599994659424,42.505485991555894,43.59320161458122,15.167038244299007,15.008242449353375,14.849446654407743,15.308292642892747,39.215724773455754,54.81286095871053,29.411863703171807,39.215724773455754,0.020000457763671875,0.07999992370605469,0.04000091552734375,0.05999946594238281,129.29309081731276,87.60322436360978,-0.09522678165107479,-0.07640293109158769,-0.0188238505594871,0
1208,2019-11-25,15.0,15.18000030517578,15.0,15.100000381469727,15.100000381469727,17043365,15.20600004196167,15.295200004577637,46.41696674313198,45.30138085692616,15.163896755926343,15.013377229997388,14.862857704068434,15.275629200943749,37.254989958375,46.40527275696537,58.823727406343615,37.254989958375,0.18000030517577947,0.0,0.18000030517577947,0.0,131.25024835292226,98.21424542034238,-0.08868323666650291,-0.07885899220657074,-0.009824244459932172,0
1209,2019-11-26,15.199999809265135,15.199999809265135,15.0,15.039999961853027,15.039999961853027,50347651,15.191000032424927,15.276800003051758,44.46242370681031,44.4635563034658,15.129011694733183,15.019905925646889,14.910800156560594,15.24557883435067,43.13738139849736,39.8693653767761,41.17655308597651,43.13738139849736,0.0,0.19999980926513494,0.09999942779540838,0.10000038146972656,116.34640601989075,92.30764214733105,-0.08733225071734019,-0.08055364390872463,-0.006778606808615556,0
1210,2019-11-27,15.0600004196167,15.140000343322756,15.039999961853027,15.119999885559082,15.119999885559082,19034086,15.185000038146972,15.265200004577636,47.62892684297892,45.848343197298064,15.143703980024522,15.034598210938228,14.925492441851933,15.21793249708504,57.77788540371743,46.05675225352999,73.33337571883199,57.77788540371743,0.07999992370605646,0.020000457763671875,0.10000038146972834,0.0,121.78240913412883,96.49115028516111,-0.07889678632230179,-0.08022227239144006,0.0013254860691382653,1
1211,2019-11-28,15.0,15.100000381469727,15.0,15.039999961853027,15.039999961853027,9962657,15.176000022888184,15.253999996185303,44.8736270643936,44.69266894853903,15.132436995987304,15.044801296245389,14.957165596503474,15.199999809265135,52.455690553983935,51.1236524520663,42.857142857143124,52.455690553983935,0.10000038146972656,0.0,-0.01999950408935547,0.11999988555908203,129.89717023983445,92.2413304076383,-0.07777045586601972,-0.079731909086356,0.001961453220336279,1
1212,2019-11-29,15.0,15.0600004196167,14.899999618530273,14.920000076293945,14.920000076293945,31014840,15.151000022888184,15.23920000076294,41.038615287219564,43.00638668681873,15.174497054961403,15.035012268639292,14.895527482317181,15.175999794006346,40.9524445306286,50.39534016277671,6.666815015910496,40.9524445306286,0.06000041961669922,0.10000038146972656,0.020000457763671875,0.1400003433227539,122.22244699399883,78.8617867268026,-0.085574370671468,-0.0809004014033784,-0.004673969268089606,0
1213,2019-12-02,14.920000076293945,14.979999542236328,14.899999618530273,14.899999618530273,14.899999618530273,15830108,15.121000003814697,15.226399993896484,40.41860255364506,42.727737838483606,15.173884111523007,15.009153945529995,14.844423779536983,15.15391977996826,16.5079859576846,36.638707014099104,0.0,16.5079859576846,0.05999946594238281,0.020000457763671875,0.05999946594238281,0.020000457763671875,119.00019645690949,85.59318883297078,-0.092308820546668,-0.08318208523203632,-0.009126735314631679,0
1214,2019-12-03,14.899999618530273,14.9399995803833,14.539999961853027,14.880000114440918,14.880000114440918,22234796,15.093000030517578,15.21159999847412,39.7715428949524,42.44257066192169,15.16010789215102,14.974894530046797,14.789681167942573,15.133606167053221,21.11115702873421,26.190529172349198,56.66665607029194,21.11115702873421,0.039999961853027344,0.3599996566772461,0.039999961853027344,0.3599996566772461,106.25018626453422,72.38805545255748,-0.09812854860363451,-0.08617137790635596,-0.011957170697278557,0
1215,2019-12-04,14.68000030517578,14.800000190734865,14.579999923706055,14.739999771118164,14.739999771118164,32389715,15.063000011444093,15.197199993133545,35.48856329943194,40.48125393182053,15.116049050631359,14.924382554084417,14.732716057537475,15.074245546533202,30.793626987852438,22.804256658090477,35.71422489326519,30.793626987852438,0.11999988555908558,0.10000038146972479,-0.07999992370605291,0.3000001907348633,107.01766053722012,59.459441173173076,-0.11273800910018217,-0.09148470414512119,-0.021253304955060975,0
1216,2019-12-05,14.739999771118164,14.84000015258789,14.720000267028807,14.84000015258789,14.84000015258789,15050969,15.028999996185302,15.183999996185303,40.423754007017294,42.45117724377236,15.007272292993942,14.87977317956188,14.752274066129818,15.020820988065184,50.024391516089736,33.976391844225525,57.69229358471188,50.024391516089736,0.10000038146972656,0.019999504089357245,0.10000038146972656,0.019999504089357245,116.8225894214369,65.71431004269414,-0.11492216556456292,-0.09617219642900954,-0.01874996913555338,0
1217,2019-12-06,14.880000114440918,14.920000076293945,14.739999771118164,14.800000190734865,14.800000190734865,14829614,14.998000001907348,15.175599994659423,39.134123090285385,41.87624656635619,14.957883624045548,14.843062053056578,14.728240482067607,14.972738885443968,50.832511980357175,43.88351016143318,59.09101746309426,50.832511980357175,0.039999961853027344,0.1400003433227539,0.07999992370605469,0.10000038146972656,103.50889301032282,62.23776480277989,-0.11851462510111865,-0.10064068216343136,-0.017873942937687293,0
1218,2019-12-09,14.859999656677244,14.859999656677244,14.720000267028807,14.739999771118164,14.739999771118164,17394636,14.973999977111816,15.163999996185304,37.21616208956656,41.012218238337866,14.918797371216318,14.808524671242864,14.69825197126941,14.929464993084874,55.59443701593545,52.150446837460855,50.0,55.59443701593545,0.0,0.1399993896484375,0.05999946594237926,0.07999992370605824,85.12409982211256,53.42466827179958,-0.124764994392903,-0.1054655446093257,-0.01929944978357731,0
1219,2019-12-10,14.699999809265135,14.779999732971193,14.699999809265135,14.739999771118164,14.739999771118164,11615095,14.948999977111816,15.152799987792969,37.21616208956656,41.01221823833787,14.860484403049071,14.778118995850733,14.695753588652394,14.920000076293945,52.049924998104416,52.82562466479908,47.058757531218795,52.049924998104416,0.07999992370605824,0.0,0.03999996185302912,0.03999996185302912,89.74372245959984,50.00001610935286,-0.12824018407287063,-0.11002047250203469,-0.018219711570835948,0
1220,2019-12-11,14.699999809265135,14.899999618530273,14.699999809265135,14.859999656677244,14.859999656677244,29919698,14.940999937057494,15.14439998626709,43.624832296834384,43.51878536419683,14.86736802182431,14.768090542895443,14.668813063966576,14.539999961853027,56.59529087552135,54.74655096318714,72.72711509534506,56.59529087552135,0.1999998092651385,0.0,0.15999984741210938,0.03999996185302912,101.80192874163612,59.99999999999992,-0.11992884398753034,-0.11200214679913381,-0.007926697188396531,0
1221,2019-12-12,14.859999656677244,15.039999961853027,14.859999656677244,14.960000038146973,14.960000038146973,33658976,14.942999935150146,15.139599990844726,48.355771482349795,45.51944802027138,14.95228259711993,14.786390948557447,14.620499299994963,14.547199954986572,65.41883128698493,58.021349053536966,76.47062123439073,65.41883128698493,0.18000030517578303,0.0,0.18000030517578303,0.0,110.09188519512749,70.89552079470889,-0.10407316142180179,-0.1104163497236674,0.0063431883018656154,1
1222,2019-12-13,15.039999961853027,15.140000343322756,15.0,15.140000343322756,15.140000343322756,25202366,14.954999971389771,15.134799995422362,55.581471877070484,48.898313656221696,15.143611728802263,14.842573082443181,14.541534436084099,14.566911955261231,83.06591210991199,68.36001142413949,100.0,83.06591210991199,0.10000038146972834,0.039999961853027344,0.18000030517578303,-0.039999961853027344,100.90105028741306,68.9393958550604,-0.07610560046401105,-0.10355419987173613,0.02744859940772508,1
1223,2019-12-16,15.0600004196167,15.220000267028807,15.020000457763672,15.15999984741211,15.15999984741211,18538664,14.962999963760376,15.134799995422362,56.31285094923204,49.26090082239589,15.242526213196001,14.919936392930666,14.59734657266533,14.601297258544923,88.31069638598355,78.93181326096021,88.46146792355974,88.31069638598355,0.1599998474121076,0.039999961853027344,0.07999992370605113,0.11999988555908381,108.4113169928253,71.53848495707904,-0.051730991404893345,-0.09318955817836758,0.04145856677347423,1
1224,2019-12-17,15.15999984741211,15.239999771118164,15.119999885559082,15.220000267028807,15.220000267028807,17718949,14.964999961853028,15.136800003051757,58.51954257423173,50.356789362364076,15.27671121819094,15.005889893887165,14.73506856958339,14.650793499223633,94.9192852645093,88.76529792013501,96.29638786996794,94.9192852645093,0.07999992370605469,0.039999961853027344,0.07999992370605469,0.039999961853027344,119.38790653408067,83.7607273026637,-0.027258190247787084,-0.08000328459225148,0.052745094344464394,1
1225,2019-12-18,15.15999984741211,15.239999771118164,15.0600004196167,15.119999885559082,15.119999885559082,14925884,14.964999961853028,15.138400001525879,53.65512133380738,48.54458946362277,15.247381323560534,15.073945357913423,14.900509392266313,14.709714126413086,84.39298268381722,89.20765477810342,68.42109225792379,84.39298268381722,0.07999992370605469,0.09999942779541016,0.019999504089357245,0.1599998474121076,130.10770881754166,76.85953604946472,-0.01575094694851842,-0.06715281706350487,0.05140187011498645,1
1226,2019-12-19,15.020000457763672,15.079999923706055,15.020000457763672,15.079999923706055,15.079999923706055,11303245,14.969999980926513,15.14079999923706,51.800287425071204,47.83057686396759,15.206969418216827,15.114362514724988,15.021755611233148,14.762742690883593,66.01693782040842,81.77640192291172,33.333333333333336,66.01693782040842,0.05999946594238281,0.0,-0.039999961853027344,0.09999942779541016,140.23004381421612,83.33337516114138,-0.009746682665873863,-0.05567159018397867,0.04592490751810481,1
1227,2019-12-20,15.100000381469727,15.100000381469727,15.020000457763672,15.100000381469727,15.100000381469727,16575987,14.975,15.13560001373291,52.681119953762746,48.225448567696844,15.233524777589613,15.134247298660746,15.034969819731879,14.81046839890705,46.03938025706629,65.48310025376405,36.363715179941565,46.03938025706629,0.0,0.07999992370605469,0.020000457763671875,0.05999946594238281,128.88896424092627,83.92867026281367,-0.0033359355838964433,-0.04520445926396223,0.041868523680065786,1
1228,2019-12-23,15.199999809265135,15.199999809265135,15.100000381469727,15.119999885559082,15.119999885559082,8262646,14.975999975204468,15.132400016784668,53.59435729823234,48.62866146882545,15.23975016541148,15.143085637243871,15.046421109076261,14.853421536128161,38.38382524778758,50.14671444175416,45.454427230087646,38.38382524778758,0.0,0.09999942779540838,0.09999942779540838,0.0,126.66681148393981,83.78388014973515,0.003320147904368298,-0.03549953783029612,0.03881968573466442,1
1229,2019-12-24,15.100000381469727,15.140000343322756,15.079999923706055,15.100000381469727,15.100000381469727,4294732,14.978999996185303,15.130000019073487,52.50312049404986,48.23906837173147,15.173380787396738,15.143447658798486,15.113514530200234,14.89207935962716,39.39395252999032,41.2723860116148,36.363715179941565,39.39395252999032,0.03999996185302912,0.020000457763671875,0.02000045776367365,0.039999961853027344,118.68138259743282,76.10627311131259,0.0069017896512431065,-0.027019272333988275,0.033921061985231385,1
1230,2019-12-27,15.18000030517578,15.239999771118164,15.140000343322756,15.18000030517578,15.18000030517578,8652002,14.982000017166138,15.128000030517578,56.333188200926365,49.90396363000472,15.216973070017643,15.148154356130988,15.079335642244333,14.92687140077626,51.5151909233039,43.097656233694,72.72743035988232,51.5151909233039,0.05999946594238459,0.03999996185302379,0.1399993896484375,-0.03999996185302912,112.0879287867177,77.06425710717237,0.01601102664712606,-0.018413212537765407,0.034424239184891466,1
1231,2019-12-30,15.199999809265135,15.260000228881836,15.15999984741211,15.260000228881836,15.260000228881836,12557544,14.993000030517578,15.125600032806396,59.822272228584715,51.52104671196426,15.289296388187896,15.166398074100599,15.043499760013301,14.958184237810451,69.69704851327468,53.5353973221897,100.0,69.69704851327468,0.060000419616700995,0.03999996185302557,0.07999992370605646,0.0200004577636701,106.59345381071692,82.52433027509332,0.029347191692851382,-0.008861131691642049,0.03820832338449343,1
1232,2019-12-31,15.279999732971193,15.34000015258789,15.199999809265135,15.220000267028807,15.220000267028807,7412220,15.008000040054322,15.125600032806396,57.354624983995095,50.672903810299985,15.307328018374758,15.187594917767655,15.067861817160551,14.994402156739017,75.52455628387017,65.57893190681632,53.84623849172803,75.52455628387017,0.06000041961669744,0.07999992370605824,0.07999992370605469,0.060000419616700995,111.36373857825639,95.78952704771459,0.0362704329718202,0.00016518124105040222,0.0361052517307698,1
1233,2020-01-02,15.300000190734865,15.300000190734865,15.199999809265135,15.260000228881836,15.260000228881836,8686707,15.0260000705719,15.12520004272461,59.16847133051565,51.50086993768911,15.330488347701992,15.2107554255117,15.091022503321406,15.04278587615786,74.35902138429356,73.19354206047954,69.23082566115248,74.35902138429356,0.0,0.10000038146973012,0.07999992370605824,0.020000457763671875,108.98881039826716,99.99994872720403,0.04447216673738552,0.009026578340317426,0.035445588397068094,1
1234,2020-01-03,15.300000190734865,15.34000015258789,15.199999809265135,15.239999771118164,15.239999771118164,12410287,15.044000053405762,15.124000034332276,57.84367392789025,51.05649186964871,15.289768699630546,15.22990228951047,15.170035879390394,15.084395874858064,57.692275244691245,69.19195097095172,49.99976158119308,57.692275244691245,0.03999996185302557,0.10000038146973012,0.07999992370605469,0.060000419616700995,95.74468516828613,91.66657974327295,0.04879574309407708,0.016980411291069357,0.031815331803007725,1
1235,2020-01-06,15.279999732971193,15.279999732971193,15.119999885559082,15.199999809265135,15.199999809265135,10585442,15.06700005531311,15.123600025177002,55.18254936196318,50.15885725076489,15.285249732597205,15.23860190023764,15.191954067878076,15.34000015258789,51.8647149300059,61.3053371863303,36.363557547672016,51.8647149300059,0.0,0.15999984741211115,0.03999996185302912,0.11999988555908203,97.82608921000578,87.62883202457151,0.048436203475356265,0.02327156972792674,0.025164633747429527,1
1236,2020-01-07,15.31999969482422,15.31999969482422,15.15999984741211,15.220000267028807,15.220000267028807,9924412,15.086000061035156,15.1196000289917,56.2659621398988,50.60912410336306,15.281819671886058,15.241027405053558,15.200235138221057,15.34000015258789,43.939327602451726,51.16543925904969,45.454663678489965,43.939327602451726,0.0,0.15999984741211115,0.11999988555908558,0.03999996185302557,86.86872043849793,86.86863043251077,0.04919801147630487,0.028456858077602364,0.020741153398702507,1
1237,2020-01-08,15.140000343322756,15.220000267028807,15.100000381469727,15.199999809265135,15.199999809265135,10752856,15.10600004196167,15.117600021362305,54.838331947612595,50.139386563659386,15.284316359610546,15.237668527250982,15.191020694891417,15.335600147247314,41.161563070163105,45.65520186754031,41.6664679843272,41.161563070163105,0.07999992370605113,0.03999996185302912,0.0,0.11999988555908025,84.15842706018496,87.87870614363624,0.04763873038505828,0.032293232539093546,0.015345497845964735,1
1238,2020-01-09,15.199999809265135,15.300000190734865,15.199999809265135,15.300000190734865,15.300000190734865,11283696,15.134000062942505,15.116400032043456,60.266719015907725,52.428811645269235,15.316958565844331,15.242769400686733,15.168580235529134,15.32617615661621,56.81815499871713,47.30634855711072,83.33333333333408,56.81815499871713,0.10000038146973012,0.0,0.10000038146973012,0.0,90.62502949189523,98.91296685982084,0.053851418303919374,0.036604869692058714,0.01724654861186066,1
1239,2020-01-10,15.300000190734865,15.300000190734865,15.15999984741211,15.279999732971193,15.279999732971193,12832921,15.161000061035157,15.115200023651123,58.745818679745554,51.93421074644976,15.336472061815297,15.252567252119057,15.168662442422818,15.31712912561035,68.93931457589692,55.63967754825912,81.81814241002935,68.93931457589692,0.0,0.14000034332275568,0.0,0.14000034332275568,82.35299617501633,89.79587964046529,0.056509739349754895,0.04058584362359795,0.015923895726156947,1
1240,2020-01-13,15.300000190734865,15.479999542236328,15.239999771118164,15.460000038146973,15.460000038146973,17254727,15.191000080108642,15.1196000289917,66.85323306054536,55.823775914293336,15.46779303800455,15.284315477695415,15.100837917386281,15.100000381469727,86.62947890931973,70.79564949464465,94.73696098459561,86.62947890931973,0.17999935150146307,0.060000419616700995,0.19999980926513494,0.03999996185302912,104.59769736950267,117.0730927244553,0.0723074825837351,0.046930171415625374,0.02537731116810972,1
1241,2020-01-14,15.5,15.539999961853027,15.4399995803833,15.520000457763672,15.520000457763672,14523395,15.219000101089478,15.125600032806396,69.03754902291811,57.02589401991525,15.574122641088326,15.335996223154197,15.097869805220068,15.107600364685059,90.6699190737851,82.07957085300065,95.45465382673022,90.6699190737851,0.039999961853027344,0.06000041961669922,0.07999992370605469,0.020000457763671875,102.35293919652324,152.94103209954105,0.08864697320560744,0.055273531773621785,0.03337344143198565,1
1242,2020-01-15,15.5600004196167,15.600000381469727,15.4399995803833,15.5,15.5,13268282,15.23700008392334,15.127200031280518,67.44212595119812,56.49446609687787,15.594643048886343,15.391310552102603,15.187978055318862,15.124896348571777,89.15476099069353,88.8180529912662,77.27266816075462,89.15476099069353,0.039999961853027344,0.12000083923339844,0.07999992370605469,0.0800008773803711,93.33323796596208,145.07011511235893,0.09884286839309908,0.06398739909751724,0.03485546929558184,1
1243,2020-01-16,15.479999542236328,15.619999885559082,15.479999542236328,15.619999885559082,15.619999885559082,13530311,15.260000085830688,15.1296000289917,71.67203865157919,58.878831843014744,15.676322944389822,15.453755901404058,15.231188858418294,15.153402590545655,90.90910732916166,90.24459579788017,100.0,90.90910732916166,0.1400003433227539,0.0,0.11999988555908203,0.020000457763671875,107.22884782984583,156.71606312460244,0.11527733135219442,0.07424538554845268,0.04103194580374174,1
1244,2020-01-17,15.65999984741211,15.979999542236328,15.640000343322756,15.899999618530273,15.899999618530273,24869001,15.294000053405762,15.13880002975464,78.64402148855699,63.69367079340142,15.865040671025307,15.547047359626895,15.229054048228482,15.19073037414673,88.8206214387191,89.62816325285819,89.18919615540257,88.8206214387191,0.31999969482421875,0.019999504089353692,0.3599996566772461,-0.02000045776367365,136.36351813961736,193.54801743683555,0.14917579434802342,0.08923146730836683,0.05994432703965659,1
1245,2020-01-20,15.979999542236328,16.0,15.899999618530273,15.899999618530273,15.899999618530273,13371700,15.333000040054321,15.150000019073486,78.64402148855699,63.69367079340142,16.00876326025818,15.653146007280043,15.297528754301904,15.26965729095569,90.44399951978045,90.05790942922049,82.14280240393867,90.44399951978045,0.020000457763671875,0.07999992370605469,0.10000038146972656,0.0,125.92585833587388,204.99963045173223,0.17403441014990584,0.10619205587667463,0.06784235427323121,1
1246,2020-01-21,15.600000381469727,15.800000190734865,15.600000381469727,15.640000343322756,15.640000343322756,14883810,15.361000061035156,15.152400016784668,62.16681774463638,57.02575069141449,16.043150162470504,15.721554534696978,15.39995890692345,15.357298416041008,69.01546458382144,82.76002851410708,35.71439519212297,69.01546458382144,0.1999998092651385,0.0,-0.09999942779540838,0.2999992370605469,125.92585833587388,150.6848160781555,0.1707865525975052,0.11911095522084074,0.05167559737666445,1
1247,2020-01-22,15.619999885559082,15.699999809265135,15.479999542236328,15.699999809265135,15.699999809265135,12446036,15.391000032424927,15.158000011444091,64.03925146073193,58.07608005265092,16.004544517140662,15.757190928422268,15.509837339703875,15.434422606116087,53.3883013371165,70.9492551469062,42.307706415287775,53.3883013371165,0.07999992370605291,0.1400003433227539,0.05999946594237926,0.16000080108642756,110.2271748230143,128.39485605126353,0.17108193154077078,0.12950515048482675,0.041576781055944034,1
1248,2020-01-23,15.520000457763672,15.579999923706055,15.380000114440918,15.5,15.5,21915651,15.410000038146972,15.163600006103515,54.37818314113269,53.55162455146652,16.055856519260374,15.746431649147226,15.43700677903408,16.0,32.45897514381007,51.62091368824941,19.35482382401937,32.45897514381007,0.05999946594238281,0.1400003433227539,-0.11999988555908025,0.319999694824217,102.1503799568584,89.89886243113622,0.1534093014091802,0.13428598066969744,0.019123320739482752,1
1249,2020-01-24,15.420000076293945,15.5,15.380000114440918,15.5,15.5,7774365,15.430000019073486,15.168800010681153,54.37818314113267,53.55162455146652,16.00257400309612,15.70581850453192,15.409063005967717,15.987600002288819,27.005784687775535,37.61768705623411,19.35482382401937,27.005784687775535,0.07999992370605469,0.039999961853027344,0.0,0.11999988555908203,97.84931240652277,85.85846520199183,0.13781496952364058,0.13499177844048607,0.0028231910831545137,1
1250,2020-01-29,15.100000381469727,15.199999809265135,15.020000457763672,15.100000381469727,15.100000381469727,31325728,15.426000022888184,15.170400009155273,40.282294286141266,45.86601125091763,16.02583767232528,15.607383634248613,15.188929596171944,15.975448004531861,16.32201721146627,25.2622590143507,10.256403986359985,16.32201721146627,0.09999942779540838,0.07999992370605469,-0.30000019073486506,0.4799995422363281,96.84193513413607,54.54537931197609,0.0921178456904066,0.12641699189047018,-0.03429914620006358,0
1251,2020-01-30,15.0,15.100000381469727,14.84000015258789,14.899999618530273,14.899999618530273,29359577,15.407999992370605,15.17,35.34835560695504,42.689207996401116,16.043429570684143,15.455552022033721,14.8676744733833,15.937230102661134,12.195970893960961,18.507924264400994,6.976684871503438,12.195970893960961,0.10000038146972656,0.15999984741210938,0.0,0.26000022888183594,94.89779881481695,51.587242418199274,0.03931100295762491,0.10899579410390112,-0.06968479114627621,0
1252,2020-01-31,14.979999542236328,15.0600004196167,14.920000076293945,14.960000038146973,14.960000038146973,23509185,15.394999980926514,15.171200008392335,37.809357304804834,43.898117202323775,15.814725074335092,15.295279111880497,14.775833149425901,15.87139630565674,11.149764874919887,13.222584326782446,16.21620576689615,11.149764874919887,0.0800008773803711,0.05999946594238281,0.16000080108642578,-0.020000457763671875,93.069247565653,62.4999602635959,0.002276490097004924,0.08765193330252188,-0.08537544320551696,0
1253,2020-02-03,14.899999618530273,14.979999542236328,14.800000190734865,14.859999656677244,14.859999656677244,24514740,15.374999952316283,15.168400001525878,35.39132961844818,42.35395512363447,15.608927872953196,15.143550361911423,14.67817285086965,15.809512536472608,10.588081750463745,11.31127250644827,8.57135461299156,10.588081750463745,0.07999992370605469,0.09999942779540838,0.01999950408935547,0.1599998474121076,96.0783901236779,59.99991607672469,-0.03474233519704306,0.0631730796026089,-0.09791541479965196,0
1254,2020-02-04,14.800000190734865,14.979999542236328,14.800000190734865,14.899999618530273,14.899999618530273,16689893,15.35799994468689,15.162799987792969,37.12350903787012,43.18299893883783,15.189567949609472,15.020996908071112,14.852425866532752,15.72875154881359,16.59581372349478,12.777886782959543,24.99988079059654,16.59581372349478,0.17999935150146307,0.0,0.11999988555908381,0.05999946594237926,110.30916229607159,59.3749487772866,-0.06015888415200088,0.03850668685168694,-0.09866557100368782,0
1255,2020-02-05,14.81999969482422,14.920000076293945,14.81999969482422,14.859999656677244,14.859999656677244,23909774,15.340999937057495,15.157599983215333,36.08173351595861,42.548419972831326,15.001849487899985,14.928528013731494,14.855206539563003,15.654451440167291,17.857014889615034,15.013636787857925,19.999809265256918,17.857014889615034,0.10000038146972479,0.0,0.020000457763671875,0.07999992370605291,114.58326193197324,58.46148936708771,-0.08257744357618968,0.014289860766111617,-0.0968673043423013,0
1256,2020-02-06,14.899999618530273,15.239999771118164,14.899999618530273,15.18000030517578,15.18000030517578,22922135,15.338999938964843,15.161599998474122,48.52645478937742,48.79152017138979,15.141559063352327,14.90209247981877,14.662625896285212,15.586095340212697,43.78781159722473,26.08021340344492,86.36374473582066,43.78781159722473,0.3400001525878906,0.0,0.38000011444091975,-0.03999996185302912,131.9148450483011,67.69228173432266,-0.0736736712382644,-0.0033028456347635876,-0.07037082560350082,0
1257,2020-02-07,15.020000457763672,15.140000343322756,15.020000457763672,15.140000343322756,15.140000343322756,14510950,15.335999965667725,15.164400005340577,47.28709827767747,48.11376836000789,15.204463868969919,14.920942491323622,14.637421113677325,15.523207728254471,61.21212988199667,40.952318789612214,77.27283564491235,61.21212988199667,0.11999988555908381,0.0,-0.03999996185302379,0.1599998474121076,138.04339319190805,59.8540112958176,-0.06904907538072003,-0.016452091583954876,-0.052596983796765154,0
1258,2020-02-10,15.0,15.119999885559082,15.0,15.0600004196167,15.0600004196167,9861480,15.323999977111816,15.163600006103515,44.82151917622773,46.7664054411003,15.207547109590111,14.952548427951804,14.697549746313497,15.465351125252903,74.24253261460892,59.74749136461018,59.091017463093685,74.24253261460892,0.11999988555908203,0.0,-0.02000045776367365,0.14000034332275568,147.72714095676082,54.609915166969735,-0.07102069276368894,-0.027365811819901692,-0.04365488094378725,0
1259,2020-02-11,15.18000030517578,15.199999809265135,15.0,15.100000381469727,15.100000381469727,13326182,15.315000009536742,15.16480001449585,46.32838852235127,47.5283168639022,15.210694131942462,14.98783941995147,14.764984707960478,15.412123050491461,67.67689038384026,67.71051762681536,66.66681804351465,67.67689038384026,0.01999950408935547,0.18000030517577947,0.13999938964843572,0.06000041961669922,142.39116068832345,55.94402399790906,-0.06856517446561838,-0.03560568434904503,-0.032959490116573356,0
1260,2020-02-12,15.039999961853027,15.199999809265135,15.039999961853027,15.18000030517578,15.18000030517578,12710904,15.301000022888184,15.166000022888184,49.309946686435055,49.04105374032673,15.123244949077433,15.029949807733466,14.936654666389499,15.363153221710933,69.37031389285364,70.42991229710101,82.35310617195249,69.37031389285364,0.1599998474121076,0.0,0.09999942779540838,0.06000041961669922,157.47113081062759,56.64330720844294,-0.05947820553797811,-0.04038018858683164,-0.01909801695114647,0
1261,2020-02-13,15.199999809265135,15.199999809265135,15.119999885559082,15.140000343322756,15.140000343322756,8811035,15.282000017166137,15.168000030517579,47.87779992854868,48.318752462924955,15.149716925872625,15.068132691460505,14.986548457048386,15.318100979232847,73.00672087809174,70.01797505159529,70.00023841880798,73.00672087809174,0.0,0.07999992370605291,0.01999950408935547,0.06000041961669744,165.06009007047376,57.1427792919248,-0.05487185127767091,-0.0432785211249995,-0.011593330152671416,0
1262,2020-02-14,15.199999809265135,15.300000190734865,15.15999984741211,15.220000267028807,15.220000267028807,12490573,15.268000030517578,15.174000034332275,50.94638846129135,49.8507131272848,15.220736504318609,15.107599527224693,14.994462550130777,14.800000190734865,75.22890676986371,72.53531384693645,73.33337571883054,75.22890676986371,0.10000038146973012,0.03999996185302557,0.15999984741210938,-0.019999504089353692,184.41542276233477,59.85392085204161,-0.04425580372648952,-0.0434739776452975,-0.0007818260811920177,0
1263,2020-02-17,15.199999809265135,15.300000190734865,15.18000030517578,15.260000228881836,15.260000228881836,8454032,15.250000047683717,15.181200046539306,52.45364721549405,50.60984854676454,15.262663870671403,15.149526893577487,15.036389916483571,14.810000190734865,76.6667673323513,74.96746499343567,86.66668785941526,76.6667673323513,0.10000038146973012,0.01999950408935547,0.07999992370605824,0.039999961853027344,188.1578154841536,64.66154981295843,-0.03224316776248415,-0.04122781566873483,0.008984647906250684,1
1264,2020-02-18,15.239999771118164,15.359999656677244,15.119999885559082,15.15999984741211,15.15999984741211,10994805,15.213000059127808,15.18680004119873,48.44589746292455,48.698641718688165,15.263275367645535,15.177112671227661,15.090949974809787,14.819800190734865,65.83335452608203,72.57634287609909,37.500000000000206,65.83335452608203,0.11999988555908025,0.11999988555908203,0.09999942779540838,0.1400003433227539,175.60966816211342,61.42843275664479,-0.030441353289553774,-0.039070523192898624,0.00862916990334485,1
1265,2020-02-19,15.15999984741211,15.199999809265135,15.079999923706055,15.18000030517578,15.18000030517578,10562975,15.177000093460084,15.195600051879882,49.2805815476206,49.09734119425696,15.278504640869118,15.192341944451243,15.106179248033369,14.84140816937256,53.293714624282785,65.26461216090544,35.71445601343279,53.293714624282785,0.03999996185302557,0.07999992370605469,0.03999996185302557,0.07999992370605469,184.81007997585695,64.23344123072654,-0.02708728716249631,-0.036673875986818164,0.009586588824321854,1
1266,2020-02-20,15.18000030517578,15.199999809265135,15.0600004196167,15.140000343322756,15.140000343322756,12200319,15.152000093460083,15.20160005569458,47.62002804394506,48.31850840325396,15.2803283872154,15.194165690797526,15.108002994379651,14.862151828864747,33.293721688577826,50.80693027964762,26.666709052300384,33.293721688577826,0.01999950408935547,0.11999988555908025,0.01999950408935547,0.11999988555908025,168.2927013649188,56.02823280191409,-0.027341650690399177,-0.03480743092753437,0.007465780237135192,1
1267,2020-02-21,15.140000343322756,15.140000343322756,15.020000457763672,15.079999923706055,15.079999923706055,19525843,15.12100009918213,15.207200050354004,45.16177038276972,47.154912521894175,15.297437942740789,15.180407856797878,15.063377770854967,14.882065741977247,26.67603613070038,37.7544908145204,17.646943326367847,26.67603613070038,0.0,0.11999988555908381,0.0,0.11999988555908381,160.00006731823308,51.36974691386873,-0.03201571085187993,-0.034249086912403484,0.0022333760605235536,1
1268,2020-02-24,15.0600004196167,15.079999923706055,14.960000038146973,15.0,15.0,19572731,15.09600009918213,15.21240005493164,42.04521866320556,45.635346544073364,15.27932320321553,15.148846995531024,15.018370787846518,14.901183098565246,18.104550792889462,26.02476953738929,10.000000000000044,18.104550792889462,0.01999950408935547,0.10000038146972656,0.0,0.11999988555908203,160.7143708638602,47.972878276040554,-0.04169463268882723,-0.03573819606768823,-0.005956436621138997,0
1269,2020-02-25,15.0,15.0,14.9399995803833,14.960000038146973,14.960000038146973,21224748,15.069000101089477,15.216800060272217,40.5388559533329,44.88534618980374,15.269833662620824,15.104715273955101,14.939596885289378,14.919535760889726,11.779806769941828,18.853464564510624,7.692476983457485,11.779806769941828,0.0,0.06000041961669922,0.0,0.06000041961669922,147.12645127132063,43.333244323730625,-0.05199356119677567,-0.03898926909350572,-0.013004292103269956,0
1270,2020-02-26,14.9399995803833,14.979999542236328,14.899999618530273,14.960000038146973,14.960000038146973,18954813,15.06200008392334,15.218800067901611,40.5388559533329,44.88534618980375,15.200809818114879,15.058598542629724,14.91638726714457,15.359999656677244,12.564201379984146,14.149519647605212,20.000127156494795,12.564201379984146,0.039999961853027344,0.039999961853027344,0.01999950408935547,0.06000041961669922,129.54543853593634,31.168730638172132,-0.059470003062585874,-0.043085415887321746,-0.01638458717526413,0
1271,2020-02-27,15.0,15.119999885559082,14.9399995803833,15.119999885559082,15.119999885559082,18031182,15.07300009727478,15.222000064849853,49.01309898835209,48.52456889909779,15.166804779798955,15.036820289287995,14.906835798777035,15.350799655914305,39.786368412886894,21.376792187604355,91.66650109870828,39.786368412886894,0.11999988555908203,0.06000041961669922,0.15999984741210938,0.020000457763671875,136.78152414714694,32.903103347180156,-0.05188637278711106,-0.04484560726727961,-0.007040765519831446,0
1272,2020-02-28,15.0,15.100000381469727,14.9399995803833,15.0,15.0,25154263,15.075000095367432,15.219200057983398,43.953594367562125,46.15423962003011,15.140483087908741,15.022907692383349,14.905332296857956,15.341783655166624,52.37376397789799,34.90811125692307,45.45466367849077,52.37376397789799,0.10000038146972656,0.06000041961669922,-0.01999950408935547,0.18000030517578125,126.66658542775234,36.91260670022877,-0.05492612486332149,-0.04686171078648799,-0.008064414076833504,0
1273,2020-03-02,15.0,15.039999961853027,14.880000114440918,14.920000076293945,14.920000076293945,22412657,15.078000116348267,15.214400062561035,40.920862354184635,44.646462806954304,15.140478186310824,15.002841113299326,14.865204040287827,15.332947974433898,51.26261048128861,47.80758095735789,16.666666666666668,51.26261048128861,0.039999961853027344,0.11999988555908203,0.039999961853027344,0.11999988555908203,125.84264907190908,36.73457537996948,-0.06306351855356063,-0.05010207233990251,-0.012961446213658114,0
1274,2020-03-03,15.039999961853027,15.079999923706055,14.979999542236328,15.0,15.0,17168062,15.083000135421752,15.210000057220459,45.00716415372189,46.4602893252369,15.121952113834844,14.988086637253751,14.854221160672658,15.31483006003418,37.37377678171918,47.00338374696866,50.0,37.37377678171918,0.039999961853027344,0.06000041961669922,0.15999984741210938,-0.05999946594238281,130.5882095548084,53.12482654132833,-0.062338536578723236,-0.05254936518766666,-0.009789171391056575,0
1275,2020-03-04,15.0,15.079999923706055,14.9399995803833,15.020000457763672,15.020000457763672,17277191,15.091000175476074,15.208000068664552,46.012530422590245,46.91131057401653,15.110756532072058,14.982756630300123,14.854756728528189,15.297436862210448,41.66673289411295,43.43437338570698,58.33353201567206,41.66673289411295,0.07999992370605469,0.06000041961669922,0.07999992370605469,0.06000041961669922,129.06970748262776,57.59980285667113,-0.059464641972517995,-0.05393242054463693,-0.005532221427881068,0
1276,2020-03-05,15.0600004196167,15.300000190734865,15.039999961853027,15.260000228881836,15.260000228881836,23240832,15.095000171661377,15.211600074768066,56.32968800904153,51.948550479597586,15.243113125277445,15.012635249398372,14.782157373519299,14.880000114440918,66.2699111014981,48.43680692577681,90.4762012888221,66.2699111014981,0.23999977111816584,0.020000457763671875,0.2799997329711932,-0.01999950408935547,142.1685854086758,100.9996395117966,-0.03739007451979681,-0.050623951339668904,0.013233876819872092,1
1277,2020-03-06,15.18000030517578,15.260000228881836,15.079999923706055,15.119999885559082,15.119999885559082,19089409,15.094000148773194,15.212000064849853,50.292021254361515,49.12862408473812,15.282914070309364,15.049127818106925,14.815341565904486,14.888400115966796,68.65084185718638,58.86249528426587,57.14279226706485,68.65084185718638,0.07999992370605646,0.10000038146972479,0.0,0.18000030517578125,146.24982789173288,105.20794528304766,-0.03083720633022402,-0.04666660233777993,0.01582939600755591,1
1278,2020-03-09,14.979999542236328,15.039999961853027,14.880000114440918,14.9399995803833,14.9399995803833,29325670,15.088000106811524,15.208400058746339,43.792773823776734,45.81281352215894,15.283739093359987,15.059453312328955,14.835167531297923,15.300000190734865,53.968192696672396,62.962981885119014,14.285584534130122,53.968192696672396,0.06000041961669922,0.09999942779541016,-0.07999992370605469,0.23999977111816406,141.46322599853792,81.65103460343897,-0.03971077034010584,-0.04527543593824511,0.005564665598139271,1
1279,2020-03-10,14.920000076293945,15.199999809265135,14.920000076293945,15.140000343322756,15.140000343322756,24646220,15.090000104904174,15.209200057983399,51.3203404376544,49.722830200709396,15.288522390672311,15.070311188149134,14.852099985625957,15.291600189208985,44.44439398549506,55.687809513118005,61.9048051552901,44.44439398549506,0.27999973297118963,0.0,0.26000022888183416,0.01999950408935547,163.63607089135706,99.0192599781501,-0.030255971647946467,-0.04227154308018538,0.012015571432238914,1
1280,2020-03-11,15.199999809265135,15.34000015258789,15.079999923706055,15.279999732971193,15.279999732971193,26411219,15.095000076293946,15.211200046539307,55.78428021161679,52.22529939026902,15.345208944544469,15.101766702933922,14.858324461323376,14.880000114440918,54.382273763069755,50.93162014841246,86.95643159978893,54.382273763069755,0.14000034332275568,0.11999988555908025,0.19999980926513494,0.060000419616700995,149.3974048595986,102.94076948249264,-0.011335525958227066,-0.03608433965579372,0.02474881369756665,1
1281,2020-03-12,15.079999923706055,15.119999885559082,14.880000114440918,14.979999542236328,14.979999542236328,38767976,15.087000036239624,15.205600032806396,46.041177362859464,47.02405080801926,15.354372825193852,15.110930583583539,14.867488341973225,15.34000015258789,56.86674699826103,51.897804915608674,21.73900423970395,56.86674699826103,0.039999961853027344,0.19999980926513672,-0.15999984741211115,0.3999996185302752,130.10737030681213,81.35562125299617,-0.02031427431170485,-0.03293032658697594,0.012616052275271093,1
1282,2020-03-13,14.520000457763672,14.720000267028807,14.15999984741211,14.699999809265135,14.699999809265135,74922199,15.06100001335144,15.195200023651124,39.165575299677066,42.889676474217524,15.456501252574531,15.064909479862948,14.673317707151364,15.34000015258789,51.48604421193151,54.24502165775416,45.76269679630153,51.48604421193151,0.19999980926513494,0.3600006103515625,-0.2599992752075213,0.8199996948242188,102.70254712413842,39.751405261017396,-0.04945356554575753,-0.03623497437873226,-0.01321859116702527,0
1283,2020-03-16,14.5,14.68000030517578,14.300000190734865,14.399999618530273,14.399999618530273,34741889,15.017999982833862,15.178000011444091,33.40886210074221,39.07268495987618,15.580809967443075,14.949366955683516,14.317923943923956,15.292800140380859,29.2802198099846,45.877670340059105,20.33895839394821,29.2802198099846,0.18000030517577947,0.19999980926513494,-0.01999950408935547,0.3999996185302699,96.69410251438836,37.57213532127317,-0.09565156032569355,-0.04811829156812451,-0.04753326875756904,0
1284,2020-03-17,14.279999732971193,14.899999618530273,14.279999732971193,14.68000030517578,14.68000030517578,45423520,14.994000005722047,15.166800022125244,41.980542946448466,43.904684168129904,15.432244324566724,14.834328032895371,14.236411741224018,15.24748812866211,36.72315973232464,39.16314125141364,44.06782400672406,36.72315973232464,0.6199998855590803,0.0,0.5,0.11999988555908025,117.35524260351352,52.90686021061188,-0.10842028709807394,-0.060178690674114396,-0.048241596423959546,0
1285,2020-03-18,14.920000076293945,14.979999542236328,14.520000457763672,14.539999961853027,14.539999961853027,39207484,14.961999988555908,15.153600025177003,39.2594202428343,42.170528307863,15.114742146054853,14.72858164937049,14.342421152686127,15.20398859741211,34.663375360677975,33.55558496766247,39.58334368136153,34.663375360677975,0.05999946594238281,0.39999961853027344,0.29999923706054865,0.1599998474121076,109.09082370688728,55.93209197723459,-0.12835683503838524,-0.07381431954696857,-0.05454251549141667,0
1286,2020-03-19,14.5600004196167,14.800000190734865,14.199999809265135,14.579999923706055,14.579999923706055,68423158,14.933999967575073,15.140800018310546,40.447150395248286,42.839485219896225,14.862192873046308,14.64604448764424,14.429896102242171,15.16222904741211,44.95690274983257,38.7811459476118,51.219540561411996,44.95690274983257,0.23999977111816584,0.3600006103515643,0.2600002288818377,0.3400001525878924,98.66657341857092,56.02086398341505,-0.1393230014530502,-0.0869160559281849,-0.052406945524865314,0
1287,2020-03-20,13.739999771118164,13.800000190734865,13.020000457763672,13.34000015258789,13.34000015258789,141386700,14.846999979019165,15.103600025177002,24.47177591161389,31.226799152615225,15.428763119107362,14.44421050913818,13.459657899168999,15.12213987941211,35.709802303679616,38.44336013806346,16.326522668265206,35.709802303679616,0.060000419616700995,0.7199993133544922,-0.7799997329711896,1.5599994659423828,82.96698978049281,25.187947281186485,-0.24524436142321981,-0.11858171702719188,-0.12666264439602792,0
1288,2020-03-23,12.699999809265135,12.800000190734865,11.739999771118164,11.960000038146973,11.960000038146973,85539397,14.694999980926514,15.036800022125243,16.609332931955322,23.785451087326507,16.107133401812103,14.004639631906862,11.902145862001621,14.996011514113203,24.778731802589846,35.14847895203408,6.7901321780922155,24.778731802589846,0.10000038146973012,0.9600000381469709,-0.5399999618530256,1.6000003814697266,66.22803935494846,9.221891245697673,-0.4355218535897425,-0.181969744339702,-0.25355210925004046,0
1289,2020-03-24,12.0,12.380000114440918,11.920000076293945,12.359999656677244,12.359999656677244,43697150,14.564999961853028,14.978400020599365,24.210276090651714,28.879834520072194,15.655912491620478,13.49422420781815,11.33253592401582,14.7355305746736,14.084151711722589,24.857561939330754,19.135800288810223,14.084151711722589,0.38000011444091797,0.07999992370605469,0.4200000762939453,0.039999961853027344,71.4285271950861,14.121027840825448,-0.5477276473577959,-0.2551213249433208,-0.2926063224144751,0
1290,2020-03-25,12.600000381469727,12.720000267028807,12.380000114440918,12.600000381469727,12.600000381469727,44982628,14.446999979019164,14.92120002746582,28.425732552362724,31.719691468607298,14.901433216195272,13.055772374682185,11.210111533169098,14.495888110389165,18.010174574152746,18.957686029488467,28.104591255555682,18.010174574152746,0.11999988555908025,0.2200002670288086,0.3600006103515625,-0.02000045776367365,69.9152058652561,18.28909438364655,-0.610250902066042,-0.326147240367865,-0.284103661698177,0
1291,2020-03-26,12.68000030517578,12.68000030517578,12.260000228881836,12.34000015258789,12.34000015258789,33507238,14.307999992370606,14.857600021362305,26.693576897345366,30.35783917789393,13.621392207903591,12.704702370068986,11.788012532234381,14.275417043247485,25.455539240536524,19.183288508804026,29.12622617724355,25.455539240536524,0.0,0.42000007629394354,0.07999992370605291,0.3400001525878906,64.42683351813136,18.18182557082278,-0.6730226907987902,-0.39552233045405005,-0.2775003603447401,0
1292,2020-03-27,12.4399995803833,12.600000381469727,12.300000190734865,12.479999542236328,12.479999542236328,29968974,14.181999969482423,14.797200012207032,29.195495819494084,31.988376970981108,12.894929375181393,12.464413376753058,12.033897378324722,14.07258366147714,42.3473629863548,28.60435893368143,69.81127152626506,42.3473629863548,0.16000080108642578,0.13999938964843572,0.26000022888183594,0.03999996185302557,66.92912099794864,21.839097626913354,-0.7033650504231606,-0.45709087444787216,-0.2462741759752884,0
1293,2020-03-30,12.31999969482422,12.31999969482422,12.039999961853027,12.119999885559082,12.119999885559082,25738184,14.041999959945679,14.727200012207032,26.674415182562587,30.108546709678137,12.600885908489566,12.280885736827656,11.960885565165746,13.885976950248422,41.312489300397836,36.37179717576313,24.999970197684775,41.312489300397836,0.0,0.2799997329711932,-0.1599998474121076,0.4399995803833008,64.88548631914607,18.681338403177346,-0.7478399196025691,-0.5152406834788116,-0.23259923612375755,0
1294,2020-03-31,12.18000030517578,12.779999732971193,12.18000030517578,12.779999732971193,12.779999732971193,35755860,13.930999946594238,14.66480001449585,37.35476245348094,37.13260216365881,12.669947102425228,12.220663262303347,11.771379422181466,13.714298775918001,64.93708057464998,49.53231095380094,100.0,64.93708057464998,0.5999994277954137,0.0,0.6599998474121112,-0.06000041961669744,77.43189672414836,28.45072257615633,-0.721512949854386,-0.5564951367539265,-0.1650178131004595,0
1295,2020-04-01,12.65999984741211,13.199999809265135,12.520000457763672,12.880000114440918,12.880000114440918,38694365,13.823999929428101,14.604400024414062,38.80908026932612,38.10992258865118,12.827372793155464,12.267944501568536,11.708516209981608,13.556354855534014,65.80459532688938,57.351388400645796,72.41381578298326,65.80459532688938,0.5399999618530256,0.1399993896484375,0.42000007629394176,0.2599992752075213,86.59004265408666,33.42468140742487,-0.6846867983976335,-0.5821334690826678,-0.10255332931496564,0
1296,2020-04-02,13.199999809265135,13.199999809265135,12.760000228881836,12.9399995803833,12.9399995803833,27656900,13.707999897003173,14.550400009155274,39.713400944601354,38.70283680247088,12.990270163988358,12.381533771846954,11.77279737970555,13.411046448780747,83.33333333333344,71.35833641162434,77.58618421701696,83.33333333333344,0.0,0.439999580383299,0.319999694824217,0.11999988555908203,79.71531293839134,37.22829023528029,-0.643245419791981,-0.5943558592245305,-0.04888956056745053,0
1297,2020-04-03,13.0,13.079999923706055,12.779999732971193,13.0600004196167,13.0600004196167,21162349,13.604999923706055,14.497600021362304,41.573213028917046,39.89709293514361,13.193018870607794,12.531674626304593,11.870330382001391,13.27736271456774,79.31036183723752,76.14943016582016,87.93108551171224,79.31036183723752,0.07999992370605469,0.22000026702880682,0.1400003433227539,0.1599998474121076,76.81662178512354,36.26670488146588,-0.5938739545661758,-0.5942594782928595,0.00038552372668376744,1
1298,2020-04-06,13.300000190734865,13.760000228881836,13.119999885559082,13.68000030517578,13.68000030517578,29116042,13.541999959945679,14.46120002746582,50.1328414581257,45.578183716595845,13.395091027660511,12.756792924876144,12.118494822091778,11.739999771118164,86.81799439124232,83.15389652060448,94.93671344499764,86.81799439124232,0.4600000381469709,0.18000030517578303,0.6999998092651367,-0.05999946594238281,81.35594069632472,47.38295155701161,-0.4989661324835115,-0.5752008091309899,0.0762346766474784,1
1299,2020-04-07,13.800000190734865,13.960000038146973,13.640000343322756,13.880000114440918,13.880000114440918,30423260,13.478999948501587,14.428800029754639,52.547864749108086,47.24628173193265,13.856742476081468,13.035192535016144,12.21364259395082,11.780399780273438,92.43741569348485,86.18859064065497,94.44444812374458,92.43741569348485,0.1599998474121076,0.15999984741210938,0.2799997329711932,0.03999996185302379,82.82828996389378,51.25351086378743,-0.4029675277482099,-0.540754152854434,0.13778662510622408,1
1300,2020-04-08,13.899999618530273,13.899999618530273,13.68000030517578,13.779999732971193,13.779999732971193,13743013,13.403999948501587,14.402400016784668,51.212381540394425,46.507128631437226,14.079602609145368,13.301255561729413,12.522908514313457,11.867583790588379,91.4603779177457,90.23859600082436,84.99997218449484,91.4603779177457,0.0,0.21999931335449396,0.01999950408935547,0.1999998092651385,80.00002188761286,47.58067234829431,-0.3311399615600372,-0.49883131459555463,0.1676913530355174,1
1301,2020-04-09,13.81999969482422,14.100000381469727,13.800000190734865,14.079999923706055,14.079999923706055,25712923,13.358999967575073,14.386000022888183,54.91429908935579,48.98990193755132,14.243697250058656,13.554860900761156,12.866024551463656,11.951280440490722,92.6430782861375,92.18029063245608,98.484814550173,92.6430782861375,0.28000068664550604,0.01999950408935547,0.3200006484985334,-0.020000457763671875,83.82843108866226,51.35874029933986,-0.24715948894304773,-0.44849694946505325,0.20133746052200552,1
1302,2020-04-14,14.140000343322756,14.4399995803833,14.039999961853027,14.4399995803833,14.4399995803833,25519580,13.345999956130981,14.37560001373291,58.940504861052055,51.775289360982654,14.353640954640124,13.81603180738258,13.278422660125035,12.080203636949463,94.49492891155597,92.8661283718131,100.0,94.49492891155597,0.2999992370605451,0.10000038146972834,0.3599996566772461,0.039999961853027344,83.71339496702058,52.021610630774894,-0.14982826867978005,-0.3887632133079986,0.23893494462821857,1
1303,2020-04-15,14.34000015258789,14.68000030517578,14.260000228881836,14.420000076293945,14.420000076293945,24719950,13.346999979019165,14.366800022125243,58.62727821688109,51.61292178597003,14.596814351225518,14.054818107715725,13.512821864205932,12.26898731242417,91.16159720843632,92.76653480204332,74.99997707513587,91.16159720843632,0.34000015258788885,0.07999992370605469,0.2400007247924787,0.17999935150146484,88.23534636626528,55.256130478152265,-0.07345957200565856,-0.32570248504753063,0.2522429130418721,1
