Date,1177.HK_Close,1093.HK_Close,Ratio,Ratio_Moving_Avg,Sigma,Upper_band,Lower_band,Break_Upper,Break_Lower
2015-01-02,2.9209539890289307,6.298869609832764,0.46372669541678013,,,,,,
2015-01-05,2.9126079082489014,6.26115083694458,0.4651873088670459,,,,,,
2015-01-06,2.9209539890289307,6.298869609832764,0.46372669541678013,,,,,,
2015-01-07,3.029451608657837,6.3931636810302725,0.4738579770211098,,,,,,
2015-01-08,3.11707615852356,6.270580768585205,0.4970952888669749,,,,,,
2015-01-09,3.3549225330352783,6.506317138671875,0.5156407936364618,,,,,,
2015-01-12,3.3006744384765625,6.3931636810302725,0.516281860304983,,,,,,
2015-01-13,3.3382384777069087,6.468599319458008,0.5160682108822615,,,,,,
2015-01-14,3.3382384777069087,6.49688720703125,0.5138212148879703,,,,,,
2015-01-15,3.296505212783813,6.459168910980225,0.5103605832601682,,,,,,
2015-01-16,3.32989239692688,6.440310478210449,0.5170391098679061,,,,,,
2015-01-19,3.1254236698150635,6.157427787780763,0.5075859234626148,,,,,,
2015-01-20,3.11707615852356,6.138568878173827,0.5077854823143834,,,,,,
2015-01-21,3.14628529548645,6.3837342262268075,0.4928596937134873,,,,,,
2015-01-22,3.1588006019592285,6.232862949371338,0.5067976991661325,,,,,,
2015-01-23,3.150463104248047,6.317728519439697,0.49867022531184246,,,,,,
2015-01-26,3.142116069793701,6.289439678192139,0.49958600933698494,,,,,,
2015-01-27,3.129591703414917,6.270580768585205,0.49909120365593007,,,,,,
2015-01-28,3.1588006019592285,6.195145130157472,0.5098832288177463,,,,,,
2015-01-29,3.129591703414917,6.119709491729736,0.5113954686320147,,,,,,
2015-01-30,3.2422575950622563,6.176286220550537,0.5249526138011865,,,,,,
2015-02-02,3.1671476364135738,6.081992149353027,0.5207418159443825,,,,,,
2015-02-03,3.179672241210937,5.997127056121826,0.5301992456479889,,,,,,
2015-02-04,3.129591703414917,5.949979782104492,0.5259835861674119,,,,,,
2015-02-05,3.004410982131958,5.7613911628723145,0.5214731819448487,,,,,,
2015-02-06,3.0211050510406494,5.770820140838622,0.5235139854144923,,,,,,
2015-02-09,2.983549833297729,5.7142438888549805,0.5221250424954424,,,,,,
2015-02-10,3.0002329349517822,5.742531776428223,0.5224582208264047,,,,,,
2015-02-11,3.008580446243286,5.6199493408203125,0.5353394245728451,,,,,,
2015-02-12,2.9459939002990723,5.704814434051514,0.5164048602027622,,,,,,
2015-02-13,2.941816091537476,5.846255779266357,0.503196610379343,,,,,,
2015-02-16,2.8792309761047363,5.883973121643066,0.4893344882073029,,,,,,
2015-02-17,2.933469533920288,5.874544143676758,0.49935270927835584,,,,,,
2015-02-18,2.9251320362091064,5.817967414855957,0.5027755962915663,,,,,,
2015-02-23,2.991896390914917,5.883973121643066,0.5084823348206333,,,,,,
2015-02-24,3.029451608657837,5.978268623352051,0.5067439754754957,,,,,,
2015-02-25,3.0377881526947017,6.119709491729736,0.4963941763575563,,,,,,
2015-02-26,3.11707615852356,6.091421127319336,0.5117157545624001,,,,,,
2015-02-27,3.075343608856201,5.978268623352051,0.5144204455523174,,,,,,
2015-03-02,3.1212453842163086,5.921690940856934,0.5270868431652109,,,,,,
2015-03-03,3.2088801860809326,5.978268623352051,0.5367574440443418,,,,,,
2015-03-04,3.2798128128051762,6.204574108123778,0.5286120780652533,,,,,,
2015-03-05,3.3883097171783447,6.28001070022583,0.5395388445845324,,,,,,
2015-03-06,3.375793933868408,6.232862949371338,0.5416120908304103,,,,,,
2015-03-09,3.2839906215667725,6.270580768585205,0.5237139497539269,,,,,,
2015-03-10,3.2213950157165527,6.119709491729736,0.5263967219473396,,,,,,
2015-03-11,3.217226266860962,5.987698078155518,0.5373060272691661,,,,,,
2015-03-12,3.2005338668823238,6.232862949371338,0.5134933806309888,,,,,,
2015-03-13,3.1713254451751713,5.968839168548584,0.5313136031350512,,,,,,
2015-03-16,3.1754937171936035,6.091421127319336,0.5213058908292965,,,,,,
2015-03-17,3.1671476364135738,6.053703784942628,0.5231751914078151,,,,,,
2015-03-18,3.133769989013672,5.987698078155518,0.5233680703518396,,,,,,
2015-03-19,3.1212453842163086,5.949979782104492,0.5245808386784689,,,,,,
2015-03-20,3.0795214176177983,6.053703784942628,0.508700380298998,,,,,,
2015-03-23,2.958509683609009,5.987698078155518,0.4940980064446342,,,,,,
2015-03-24,3.1087305545806885,5.968839168548584,0.5208266577128472,,,,,,
2015-03-25,3.1254236698150635,6.0348448753356925,0.5178962731235424,,,,,,
2015-03-26,3.041966199874878,5.997127056121826,0.5072372440016357,,,,,,
2015-03-27,3.133769989013672,5.968839168548584,0.5250216835337678,,,,,,
2015-03-30,3.2047019004821777,6.138568878173827,0.5220601029462668,,,,,,
2015-03-31,3.2756435871124268,6.185715198516847,0.5295496934449602,,,,,,
2015-04-01,3.3257150650024414,6.289439678192139,0.5287776392122737,,,,,,
2015-04-02,3.3924779891967773,6.49688720703125,0.5221697531589083,,,,,,
2015-04-08,3.9140822887420654,6.73262357711792,0.5813606306529309,,,,,,
2015-04-09,3.8014166355133057,6.779770851135254,0.5606998700961654,,,,,,
2015-04-10,3.8431396484375,6.883495330810548,0.5583122329197485,,,,,,
2015-04-13,3.9140822887420654,7.298389911651611,0.5362939410092871,,,,,,
2015-04-14,3.734652996063232,7.0155067443847665,0.5323425850958606,,,,,,
2015-04-15,3.7263062000274663,6.9777894020080575,0.534023884262703,,,,,,
2015-04-16,3.859833478927612,7.053224563598633,0.5472438094269726,,,,,,
2015-04-17,3.922428607940674,7.534126758575439,0.5206215310189884,,,,,,
2015-04-20,3.776375770568848,7.241813659667969,0.521468232688825,,,,,,
2015-04-21,3.909904003143311,7.392684936523437,0.5288882235230256,,,,,,
2015-04-22,4.060123920440674,7.600133419036865,0.5342174533766536,,,,,,
2015-04-23,4.064302444458009,7.543556213378906,0.5387780417477035,,,,,,
2015-04-24,4.068470478057861,7.439831733703612,0.546849797640859,,,,,,
2015-04-27,3.972498893737793,7.65670919418335,0.5188258810659313,,,,,,
2015-04-28,3.8848724365234375,7.505838394165039,0.5175800800005895,,,,,,
2015-04-29,3.751336097717285,7.468120098114014,0.5023133062180724,,,,,,
2015-04-30,3.705443382263184,7.600133419036865,0.48754978076855393,,,,,,
2015-05-04,3.784722328186035,7.430402755737305,0.5093562829099274,,,,,,
2015-05-05,3.6929192543029785,7.156948566436768,0.5159907494125773,,,,,,
2015-05-06,3.705443382263184,7.307819843292236,0.5070518241722075,,,,,,
2015-05-07,3.592778444290161,7.2135252952575675,0.49806139123850907,,,,,,
2015-05-08,3.6386806964874263,7.241813659667969,0.5024543391322578,,,,,,
2015-05-11,3.713781118392944,7.345537185668945,0.5055833255651454,,,,,,
2015-05-12,3.826446056365967,7.260672569274902,0.5270098630474532,,,,,,
2015-05-13,3.822277545928955,7.2135252952575675,0.5298765013608338,,,,,,
2015-05-14,3.8514864444732666,7.2040958404541025,0.5346245427282506,,,,,,
2015-05-15,3.880695343017578,7.222954273223878,0.5372725890573133,,,,,,
2015-05-18,3.8973872661590576,7.241813659667969,0.53817834168599,,,,,,
2015-05-19,3.901556015014648,7.279531002044678,0.5359625522466732,,,,,,
2015-05-20,3.909904003143311,7.222954273223878,0.5413164551847803,,,,,,
2015-05-21,3.7972378730773926,7.260672569274902,0.5229870699783683,,,,,,
2015-05-22,3.9307744503021236,7.336108684539795,0.5358119160074449,,,,,,
2015-05-26,3.893219947814941,7.3832550048828125,0.5273040068696279,,,,,,
2015-05-27,3.9265961647033687,7.590703010559082,0.5172901850120153,,,,,,
2015-05-28,3.776375770568848,7.5525102615356445,0.5000159734706539,,,,,,
2015-05-29,3.834793567657471,7.619347095489503,0.5032968730257203,,,,,,
2015-06-01,4.026745796203613,7.590703010559082,0.5304839078280615,,,,,,
2015-06-02,3.87652587890625,7.437934398651122,0.5211831230468048,,,,,,
2015-06-03,3.8514864444732666,7.361549854278564,0.5231896164140988,,,,,,
2015-06-04,3.763860464096069,7.180136680603027,0.524204570403799,,,,,,
2015-06-05,3.8973872661590576,7.3233580589294425,0.5321858135021726,,,,,,
2015-06-08,3.793068885803223,7.151492595672607,0.5303884238233599,,,,,,
2015-06-09,3.75275468826294,6.941435813903809,0.5406308995533908,,,,,,
2015-06-10,3.7443771362304688,7.0273680686950675,0.5328278097330076,,,,,,
2015-06-11,3.790448904037476,6.960531711578369,0.5445631255055304,,,,,,
2015-06-12,3.8323383331298833,7.161040782928468,0.5351649919751846,,,,,,
2015-06-15,3.731814861297608,6.92233943939209,0.5390973519821112,,,,,,
2015-06-16,3.622913360595703,6.798214435577393,0.5329213126369996,,,,,,
2015-06-17,3.668986797332764,7.113300323486327,0.515792477539391,,,,,,
2015-06-18,3.735999345779419,7.266069412231445,0.5141706105216074,,,,,,
2015-06-19,3.6829216480255127,7.313809394836426,0.5035572366194924,,,,,,
2015-06-22,3.7375783920288086,7.294713497161865,0.5123680859410007,,,,,,
2015-06-23,3.703949451446533,7.342453956604004,0.5044566126444824,,,,,,
2015-06-24,3.7712171077728267,7.3901939392089835,0.5103001543389107,,,,,,
2015-06-25,3.7712171077728267,7.399742603302003,0.5096416605207306,,,,,,
2015-06-26,3.750188589096069,7.256521224975586,0.5168025384103643,,,,,,
2015-06-29,3.640883445739746,7.075108051300049,0.5146046419843348,,,,,,
2015-06-30,3.783826351165772,7.313809394836426,0.5173536999524716,,,,,,
2015-07-02,3.703949451446533,7.256521224975586,0.5104304578753568,,,,,,
2015-07-03,3.6282742023468018,6.99872350692749,0.5184194230212775,,,,,,
2015-07-06,3.489530324935913,6.89369535446167,0.5061915482931014,,,,,,
2015-07-07,3.41805362701416,6.712282657623291,0.509223732277156,,,,,,
2015-07-08,3.20784330368042,6.387648582458496,0.5021947062788755,,,,,,
2015-07-09,3.380215167999268,6.8173112869262695,0.4958281976182593,,,,,,
2015-07-10,3.58202600479126,7.141944885253906,0.5015476963686921,,,,,,
2015-07-13,3.825864553451538,7.141944885253906,0.5356894536320023,,,,,,
2015-07-14,3.7712171077728267,7.151492595672607,0.5273328689530914,,,,,,
2015-07-15,3.75859808921814,6.979627132415772,0.5385098684945399,,,,,,
2015-07-16,3.846893310546875,6.9700798988342285,0.5519152386173194,,,,,,
2015-07-17,3.89734148979187,7.294713497161865,0.5342693021882489,,,,,,
2015-07-20,3.8510935306549072,7.113300323486327,0.5413933554779862,,,,,,
2015-07-21,3.973017930984497,7.189685344696045,0.5525996953281774,,,,,,
2015-07-22,3.8889319896698,7.1705894470214835,0.5423448125711873,,,,,,
2015-07-23,4.015056133270264,7.208781242370605,0.5569673982713219,,,,,,
2015-07-24,4.0402846336364755,7.05601167678833,0.5726017499273022,,,,,,
2015-07-27,3.666111946105957,6.654993534088135,0.5508813686035063,,,,,,
2015-07-28,3.6240642070770255,6.5786094665527335,0.5508860535805717,,,,,,
2015-07-29,3.649292469024658,6.760022640228272,0.539834356072723,,,,,,
2015-07-30,3.733378171920776,6.740926265716553,0.5538375624887394,,,,,,
2015-07-31,3.779617071151733,6.779118537902832,0.5575381297759375,,,,,,
2015-08-03,3.720759391784668,6.798214435577393,0.5473142142019903,,,,,,
2015-08-04,3.7123503684997563,6.960531711578369,0.5333429287197291,,,,,,
2015-08-05,3.670311450958252,6.845954895019531,0.536128488609883,,,,,,
2015-08-06,3.75859808921814,6.874598979949951,0.5467370678901046,,,,,,
2015-08-07,3.703949451446533,6.989175796508789,0.5299551133478025,,,,,,
2015-08-10,3.825864553451538,7.046464443206787,0.5429481102597347,,,,,,
2015-08-11,3.783826351165772,7.017819881439209,0.5391740476516459,,,,,,
2015-08-12,3.6534926891326895,7.0369157791137695,0.5191894863906998,,,,,,
2015-08-13,3.691330671310425,7.05601167678833,0.52314690513531,,,,,,
2015-08-14,3.724968910217285,6.884147644042969,0.5410936985700179,,,,,,
2015-08-17,3.8721132278442383,7.342453956604004,0.5273595518241628,,,,,,
2015-08-18,3.762808084487915,7.046464443206787,0.5339994425311387,,,,,,
2015-08-19,3.800645112991333,6.941435813903809,0.5475301097474069,,,,,,
2015-08-20,3.4937305450439453,6.5117735862731925,0.5365251876092134,,,,,,
2015-08-21,3.4769108295440674,6.378100395202638,0.5451326592725424,,,,,,
2015-08-24,3.2414815425872803,6.15849494934082,0.5263431356608054,,,,,,
2015-08-25,3.392834186553955,6.301715850830077,0.5383984722362629,,,,,,
2015-08-26,3.5567965507507324,6.416292190551758,0.5543383070970888,,,,,,
2015-08-27,3.6871309280395512,6.588158130645753,0.5596603564945319,,,,,,
2015-08-28,3.666111946105957,6.6072540283203125,0.5548616611972389,,,,,,
2015-08-31,3.867912769317627,6.779118537902832,0.5705627874319769,,,,,,
2015-09-01,3.6745119094848633,6.4353880882263175,0.570985286218785,,,,,,
2015-09-02,3.779617071151733,6.387648582458496,0.5917071082355979,,,,,,
2015-09-04,3.813255071640015,6.425840377807617,0.5934251160065432,,,,,,
2015-09-07,3.926769733428955,6.397196292877197,0.6138266755705342,,,,,,
2015-09-08,4.036085128784181,6.5786094665527335,0.6135164504451326,,,,,,
2015-09-09,4.090733528137207,6.626349925994872,0.6173434204084882,,,,,,
2015-09-10,3.965754985809326,6.473580837249756,0.6126060808555752,,,,,,
2015-09-11,3.9615302085876474,6.349455833435059,0.6239164918239076,,,,,,
2015-09-14,3.9109070301055913,6.368551731109619,0.6140967672447842,,,,,,
2015-09-15,3.8644983768463135,6.368551731109619,0.6068096075860855,,,,,,
2015-09-16,4.083879470825194,6.378100395202638,0.6402971445693975,,,,,,
2015-09-17,4.062787055969238,6.464033126831055,0.6285220041811559,,,,,,
2015-09-18,4.168256759643556,6.635897636413574,0.628137591630531,,,,,,
2015-09-21,4.197788715362549,6.6072540283203125,0.6353303047483563,,,,,,
2015-09-22,4.1387271881103525,6.588158130645753,0.6282070202380959,,,,,,
2015-09-23,4.0332560539245605,6.320811748504639,0.638091469007717,,,,,,
2015-09-24,4.168256759643556,6.6072540283203125,0.6308606785477574,,,,,,
2015-09-25,4.079664230346681,6.492677211761475,0.6283485374810217,,,,,,
2015-09-29,4.075440406799316,6.387648582458496,0.6380188819389857,,,,,,
2015-09-30,4.016378402709962,6.483129024505615,0.6195123354060101,,,,,,
2015-10-02,4.0543479919433585,6.674089431762695,0.6074758262375521,,,,,,
2015-10-05,4.029031276702882,6.7027339935302725,0.6011026665524624,,,,,,
2015-10-06,4.071225166320802,6.798214435577393,0.5988668355347371,,,,,,
2015-10-07,4.113409519195557,6.807762622833253,0.6042234059982013,,,,,,
2015-10-08,4.147165298461913,6.826858997344972,0.6074778020279581,,,,,,
2015-10-09,4.1260738372802725,6.779118537902832,0.6086445920971759,,,,,,
2015-10-12,4.189350128173828,6.798214435577393,0.6162427160651949,,,,,,
2015-10-13,4.113409519195557,6.7313785552978525,0.6110798086014857,,,,,,
2015-10-14,4.075440406799316,6.5595130920410165,0.621302274972856,,,,,,
2015-10-15,4.041694641113281,6.683637619018555,0.6047148082374304,,,,,,
2015-10-16,4.041694641113281,6.769570827484131,0.5970385337729529,,,,,,
2015-10-19,4.2020134925842285,6.8173112869262695,0.616374009595621,,,,,,
2015-10-20,4.2779541015625,6.912791252136231,0.6188461282178167,,,,,,
2015-10-22,4.17669677734375,6.86505126953125,0.6083999395431955,,,,,,
2015-10-23,4.1302876472473145,6.779118537902832,0.6092661788039847,,,,,,
2015-10-26,4.050134181976318,6.89369535446167,0.5875127886750943,,,,,,
2015-10-27,4.092318058013916,6.884147644042969,0.5944553007306729,,,,,,
2015-10-28,4.062787055969238,6.83640718460083,0.5942868741231159,,,,,,
2015-10-29,4.071225166320802,6.874598979949951,0.5922127498919859,,,,,,
2015-10-30,4.0881028175353995,6.912791252136231,0.5913823618313471,,,,,,
2015-11-02,4.083879470825194,6.874598979949951,0.5940534833720477,,,,,,
2015-11-03,4.050134181976318,6.9700798988342285,0.5810742833312023,,,,,,
2015-11-04,4.1724815368652335,6.8173112869262695,0.6120421030013559,,,,,,
2015-11-05,4.28638219833374,6.5786094665527335,0.6515635591574116,,,,,,
2015-11-06,4.497334957122803,6.569061756134032,0.6846236379073921,,,,,,
2015-11-09,4.2610764503478995,6.712282657623291,0.6348177911590923,0.543458038176325,,,,,
2015-11-10,4.2146663665771475,6.5786094665527335,0.6406621928244178,0.5443005881639804,,,,,
2015-11-11,4.328577995300293,6.569061756134032,0.6589339780918289,0.545223191350765,,,,,
2015-11-12,4.32013750076294,6.674089431762695,0.6472999118356056,0.546097349524188,,,,,
2015-11-13,4.30325984954834,6.740926265716553,0.6383781219257868,0.5468807787856388,,,,,
2015-11-16,4.151381015777588,6.635897636413574,0.6255944927476663,0.5474926797564993,,,,,
2015-11-17,4.17669677734375,6.6931867599487305,0.6240221477662373,0.5480087814428315,,,,,
2015-11-18,4.1450586318969735,6.712282657623291,0.6175333851874275,0.5484909315613193,,,,,
2015-11-19,4.233652114868163,6.683637619018555,0.6334353171424404,0.5490498225435106,,,,,
2015-11-20,4.29060697555542,6.7027339935302725,0.6401278910511551,0.5496512829061925,,,,,
2015-11-23,4.360214710235597,6.874598979949951,0.6342500446865833,0.5502412327225088,,,,,
2015-11-24,4.556397438049316,6.960531711578369,0.6546047955603823,0.5508963074162825,,,,,
2015-11-25,4.733591556549072,6.9700798988342285,0.6791301714261242,0.5517131847875373,,,,,
2015-11-26,4.626004695892334,6.931887626647949,0.667351368782839,0.552473022342149,,,,,
2015-11-27,4.44248628616333,6.884147644042969,0.6453211807575813,0.5531990294233113,,,,,
2015-11-30,4.626004695892334,6.960531711578369,0.6646050743792017,0.5539504931148022,,,,,
2015-12-01,4.6038126945495605,7.5143189430236825,0.6126719839093009,0.5544933586319328,,,,,
2015-12-02,4.825757026672363,7.638443470001222,0.6317723035622062,0.5551228171758624,,,,,
2015-12-03,4.854348659515381,7.714828014373778,0.6292231855941657,0.5557424932803302,,,,,
2015-12-04,4.873410701751709,7.724376201629639,0.630913173380078,0.5563188263496747,,,,,
2015-12-07,4.908429145812988,7.638443470001222,0.6425954666143786,0.5569435882448288,,,,,
2015-12-08,4.863861083984375,7.495222568511963,0.648928172515897,0.5575339480482322,,,,,
2015-12-09,4.660143852233887,7.437934398651122,0.626537369444803,0.5580377363982342,,,,,
2015-12-10,4.6410441398620605,7.4474830627441415,0.6231694789718656,0.5584804517950146,,,,,
2015-12-11,4.405487537384033,7.266069412231445,0.6063095860284503,0.5588629565562575,,,,,
2015-12-14,4.2590651512146005,7.313809394836426,0.5823319861495864,0.559152760385804,,,,,
2015-12-15,4.411856174468994,7.428386211395264,0.5939185240128113,0.5594880200934149,,,,,
2015-12-16,4.316361904144287,7.361549854278564,0.5863387451808941,0.5597937996300123,,,,,
2015-12-17,4.430955410003662,7.352001190185548,0.6026869821401423,0.5601758413505539,,,,,
2015-12-18,4.424585819244385,7.399742603302003,0.5979378008729644,0.560473928856745,,,,,
2015-12-21,4.348189830780028,7.399742603302003,0.5876136595399584,0.5608130183773983,,,,,
2015-12-22,4.456423282623291,7.428386211395264,0.5999180920059146,0.5612735968613344,,,,,
2015-12-23,4.539180278778076,7.437934398651122,0.610274309437478,0.5618495007719542,,,,,
2015-12-24,4.456423282623291,7.437934398651122,0.5991479682089518,0.5623247162906713,,,,,
2015-12-28,4.341830253601073,7.3233580589294425,0.5928742277331418,0.5627537573927741,,,,,
2015-12-29,4.405487537384033,7.380646228790282,0.596897263575538,0.5631747808630355,,,,,
2015-12-30,4.380027770996094,7.50477123260498,0.5836324166640511,0.5635409162972668,,,,,
2015-12-31,4.494621753692627,7.562058925628662,0.5943648149130195,0.5640074431475308,,,,,
2016-01-04,4.2590651512146005,7.409290313720702,0.5748276786141799,0.564307976119206,,,,,
2016-01-05,4.3736586570739755,7.399742603302003,0.591055512542059,0.5646729050096333,,,,,
2016-01-06,4.405487537384033,7.619347095489503,0.5781975124866002,0.564916289149259,,,,,
2016-01-07,4.220867156982422,7.5525102615356445,0.5588694368915954,0.5650215843532935,,,,,
2016-01-08,3.3741438388824463,7.5143189430236825,0.44902856326254453,0.5646426152351854,,,,,
2016-01-11,3.5142059326171875,7.285165309906006,0.4823783377761854,0.5643704223456218,,,,,
2016-01-12,3.4378104209899902,7.218329429626465,0.4762612256071403,0.5640592277493206,,,,,
2016-01-13,3.4823780059814453,7.065560817718506,0.49286646818587815,0.563912334979949,,,,,
2016-01-14,3.450539350509644,7.065560817718506,0.4883602929093228,0.563731209127387,,,,,
2016-01-15,3.546034336090088,7.065560817718506,0.501875849288226,0.5635624939941444,,,,,
2016-01-18,3.3741438388824463,6.7313785552978525,0.5012559925376453,0.5635042207175095,,,,,
2016-01-19,3.5333051681518555,6.788666725158691,0.5204711486362237,0.5634525899818007,,,,,
2016-01-20,3.2659199237823486,6.464033126831055,0.5052449236725125,0.563376109185816,,,,,
2016-01-21,3.1003990173339844,6.339908123016357,0.4890290138556295,0.5632135083403295,,,,,
2016-01-22,3.2659199237823486,6.301715850830077,0.5182588363377498,0.5631891786545481,,,,,
2016-01-25,3.323216438293457,6.645445346832275,0.5000743012471774,0.5630724808572563,,,,,
2016-01-26,3.342315673828125,6.378100395202638,0.5240299566846088,0.5631454788400448,,,,,
2016-01-27,3.304117441177368,6.444936752319336,0.5126687147066753,0.5632339107841499,,,,,
2016-01-28,3.253190279006958,6.292167663574219,0.5170221858263401,0.5632157942513569,,,,,
2016-01-29,3.3741438388824463,6.24442720413208,0.5403448112341991,0.5633226920518838,,,,,
2016-02-01,3.412342071533203,6.301715850830077,0.5414941187936491,0.5634858200270839,,,,,
2016-02-02,3.4441792964935303,6.2157835960388175,0.5541021889321291,0.563624298624219,,,,,
2016-02-03,3.2786486148834233,5.872053146362305,0.558347912248465,0.5637970977161342,,,,,
2016-02-04,3.2977478504180913,5.795669078826903,0.5690020954553164,0.5639849662971359,,,,,
2016-02-05,3.5333051681518555,5.900697708129883,0.5987944719289258,0.5643183797862628,,,,,
2016-02-11,3.546034336090088,5.929341793060303,0.5980485625302228,0.5646797074499358,,,,,
2016-02-12,3.501476764678955,5.824313163757324,0.6011827774762228,0.5647740986252847,,,,,
2016-02-15,3.6415288448333736,6.053466320037843,0.6015609325816169,0.5649686751133106,,,,,
2016-02-16,3.6860959529876713,6.101206302642822,0.6041585499888747,0.5651869909088779,,,,,
2016-02-17,3.5524041652679443,5.8911495208740225,0.6030069603021895,0.5655046719531299,,,,,
2016-02-18,3.7370238304138175,6.16804313659668,0.6058686276431884,0.56585479596526,,,,,
2016-02-19,3.8834552764892583,6.2157835960388175,0.6247732432261798,0.566286935769848,,,,,
2016-02-22,3.8834552764892583,6.234879970550537,0.622859669285077,0.5666470112929818,,,,,
2016-02-23,3.832518577575684,6.11075496673584,0.6271759542704896,0.567154413308465,,,,,
2016-02-24,3.7561228275299072,6.091658592224121,0.6166010078641837,0.5676074265235859,,,,,
2016-02-25,3.6669976711273193,5.957985877990723,0.6154760595646094,0.5680197495523553,,,,,
2016-02-26,3.730663776397705,6.129851341247559,0.6086059137020496,0.5683739803158097,,,,,
2016-02-29,3.622430086135864,5.910245895385742,0.6129068316707388,0.5687269745535384,,,,,
2016-03-01,3.6860959529876713,6.00572681427002,0.6137635072293421,0.5690456112658645,,,,,
2016-03-02,3.819788932800293,6.091658592224121,0.6270523659477858,0.5695609754795876,,,,,
2016-03-03,3.6860959529876713,6.082110404968263,0.6060554162214202,0.5699822866044487,,,,,
2016-03-04,3.6097011566162114,5.938889503479004,0.6078074283924035,0.5704846395671836,,,,,
2016-03-07,3.7115650177001953,5.824313163757324,0.637253683540915,0.5711975152946711,,,,,
2016-03-08,3.546034336090088,5.738380432128906,0.6179503743314086,0.5717146300157258,,,,,
2016-03-09,3.5842320919036865,5.814764976501465,0.6164018849236775,0.5721927782800643,,,,,
2016-03-10,3.5333051681518555,5.881601810455322,0.6007385882313454,0.5726389057279649,,,,,
2016-03-11,3.5396745204925537,5.938889503479004,0.5960162280202403,0.5731053573316875,,,,,
2016-03-14,3.6287996768951416,5.900697708129883,0.6149780680842949,0.5736411846124115,,,,,
2016-03-15,3.5842320919036865,5.814764976501465,0.6164018849236775,0.5741688920379284,,,,,
2016-03-16,3.5078365802764893,5.814764976501465,0.6032636906998481,0.5745320055029398,,,,,
2016-03-17,3.6097011566162114,5.929341793060303,0.6087861490530033,0.5749077657300453,,,,,
2016-03-18,3.6033313274383545,5.977082252502441,0.6028579121409511,0.5752326865367725,,,,,
2016-03-21,3.635169267654419,6.024822235107423,0.6033653983136323,0.5755474141998977,,,,,
2016-03-22,3.819788932800293,6.597705364227295,0.5789571861622008,0.575741599173594,,,,,
2016-03-23,3.768861532211304,6.5117735862731925,0.57877650109888,0.5759454751205093,,,,,
2016-03-24,3.928013324737549,6.826858997344972,0.5753763665347694,0.5761076651745569,,,,,
2016-03-29,3.8388886451721187,6.645445346832275,0.57767214156716,0.5763680702773607,,,,,
2016-03-30,3.832518577575684,6.7313785552978525,0.5693512177471204,0.5765277812380258,,,,,
2016-03-31,3.705195188522339,6.7027339935302725,0.5527886370097232,0.5766491366196453,,,,,
2016-04-01,3.6097011566162114,6.683637619018555,0.5400803218811062,0.5767576610809267,,,,,
2016-04-05,3.5524041652679443,6.750474452972412,0.5262451091424732,0.576882561726983,,,,,
2016-04-06,3.5587730407714844,6.884147644042969,0.516951876221159,0.5769475855517232,,,,,
2016-04-07,3.660628080368042,6.941435813903809,0.5273589180261157,0.5769327046479044,,,,,
2016-04-08,3.743393421173096,6.931887626647949,0.5400251162154641,0.5770224284248979,,,,,
2016-04-11,3.7370238304138175,6.95098352432251,0.5376251889157014,0.5770911692463342,,,,,
2016-04-12,3.660628080368042,6.95098352432251,0.526634549996985,0.5771027405777303,,,,,
2016-04-13,3.635169267654419,6.931887626647949,0.5244126078558888,0.577065725312748,,,,,
2016-04-14,3.6860959529876713,6.779118537902832,0.543742660993208,0.5771293169183187,,,,,
2016-04-15,3.6669976711273193,6.8173112869262695,0.5378950024124046,0.577116288836695,,,,,
2016-04-18,3.6669976711273193,6.7313785552978525,0.544761766256817,0.577173117201094,,,,,
2016-04-19,3.61607027053833,6.626349925994872,0.5457107322920949,0.5771785819953157,,,,,
2016-04-20,3.501476764678955,6.349455833435059,0.5514609214605174,0.5772561816595316,,,,,
2016-04-21,3.6860959529876713,6.483129024505615,0.5685674215420635,0.5773965153241029,,,,,
2016-04-22,3.6097011566162114,6.4353880882263175,0.5609142925226589,0.5775298152283203,,,,,
2016-04-25,3.5842320919036865,6.5595130920410165,0.5464174004397695,0.5776756481945126,,,,,
2016-04-26,3.546034336090088,6.454484939575195,0.5493907522113564,0.5778433631549399,,,,,
2016-04-27,3.5524041652679443,6.5786094665527335,0.5399931677551677,0.5780168675889193,,,,,
2016-04-28,3.526935577392578,6.473580837249756,0.5448198865607996,0.5781713999728232,,,,,
2016-04-29,3.5142059326171875,6.597705364227295,0.5326406286147883,0.5783056095726817,,,,,
2016-05-03,3.526935577392578,6.397196292877197,0.5513252080946084,0.5785009669715184,,,,,
2016-05-04,3.5842320919036865,6.368551731109619,0.5628017551298419,0.5787541102791808,,,,,
2016-05-05,3.5396745204925537,6.282619953155518,0.5634073916431491,0.5789760381517179,,,,,
2016-05-06,3.476008176803589,6.253976345062256,0.5558076949792151,0.5791722431659793,,,,,
2016-05-09,3.469639301300049,6.301715850830077,0.5505864408092948,0.5793304943129165,,,,,
2016-05-10,3.495107412338257,6.330359935760497,0.5521182757072363,0.5795290077311636,,,,,
2016-05-11,3.476008176803589,6.2157835960388175,0.5592228434430653,0.5797233097331721,,,,,
2016-05-12,3.4441792964935303,6.1966872215271,0.5558097695375939,0.5799595869771934,,,,,
2016-05-13,3.3741438388824463,6.4353880882263175,0.5243108562567526,0.5800314304247154,,,,,
2016-05-16,3.367784261703491,6.5117735862731925,0.5171838696607595,0.5801028073932005,,,,,
2016-05-17,3.4569091796875,6.616801738739014,0.5224441227320641,0.5802295498937424,,,,,
2016-05-18,3.450539350509644,6.502225399017334,0.530670522592329,0.5803682300186169,,,,,
2016-05-19,3.2850186824798584,6.521320819854736,0.5037351747023899,0.5802160667856188,,,,,
2016-05-20,3.1767945289611816,6.664541721343994,0.47667111435241166,0.5799748203351393,,,,,
2016-05-23,3.055830955505371,6.521320819854736,0.4685908023726765,0.5796418724012257,,,,,
2016-05-24,3.0813000202178955,6.492677211761475,0.4745808115389019,0.5792736132246616,,,,,
2016-05-25,3.1576950550079346,6.540417194366455,0.48279719185617,0.579028507937366,,,,,
2016-05-26,3.1831541061401367,6.492677211761475,0.490268344216136,0.5787850555027858,,,,,
2016-05-27,3.3104867935180664,6.616801738739014,0.5003152465845164,0.5785360819373397,,,,,
2016-05-30,3.361414670944214,6.779118537902832,0.49584833959609315,0.5783146701612679,,,,,
2016-05-31,3.3550448417663574,6.760022640228272,0.4963067463414685,0.5780258099139829,,,,,
2016-06-01,3.323216438293457,6.7313785552978525,0.493690320785474,0.5776500412037837,,,,,
2016-06-02,3.335946083068848,6.857470512390138,0.48646889214345607,0.5773433151254025,,,,,
2016-06-03,3.3104867935180664,6.847770690917969,0.4834400774997744,0.577022143810732,,,,,
2016-06-06,3.3741438388824463,6.857470512390138,0.49203913203651606,0.5767945475057977,,,,,
2016-06-07,3.412342071533203,6.944765090942383,0.49135457093915313,0.5764970094507996,,,,,
2016-06-08,3.361414670944214,6.886568546295166,0.48811169864163867,0.5761664073977791,,,,,
2016-06-10,3.3996121883392334,6.799274444580077,0.4999963181437947,0.5759410840832163,,,,,
2016-06-13,3.253190279006958,6.605286598205566,0.4925131151600205,0.5757466563995987,,,,,
2016-06-14,3.234091520309448,6.459794998168945,0.5006492498951072,0.575577707643814,,,,,
2016-06-15,3.234091520309448,6.488893508911133,0.49840416025753886,0.5753475509408018,,,,,
2016-06-16,3.2149922847747803,6.498592853546143,0.49472129693744826,0.5751797708626573,,,,,
2016-06-17,3.2293803691864014,6.517991065979004,0.4954563969935954,0.5749536198471041,,,,,
2016-06-20,3.2421672344207764,6.5373897552490225,0.49594216588013046,0.5747477537434303,,,,,
2016-06-21,3.2293803691864014,6.450095653533936,0.5006717020416681,0.5746595738179587,,,,,
2016-06-22,3.1910114288330083,6.508292198181152,0.4902993491479667,0.5745031568846857,,,,,
2016-06-23,3.1526429653167725,6.576188087463379,0.4794027973936548,0.5742093906886078,,,,,
2016-06-24,3.0631096363067627,6.32400369644165,0.48436240447333917,0.5740046423678896,,,,,
2016-06-27,3.146245002746582,6.401598930358888,0.4914779943219899,0.5738021592811794,,,,,
2016-06-28,3.1735444068908687,6.391899585723878,0.4964947218474596,0.5735591336245129,,,,,
2016-06-29,3.1671268939971924,6.624684810638428,0.4780796346584183,0.5732808214676044,,,,,
2016-06-30,3.2442166805267334,6.6925811767578125,0.48474820025991494,0.5729932764246871,,,,,
2016-07-04,3.314879894256592,6.702280044555664,0.49458988168501034,0.5728420704533738,,,,,
2016-07-05,3.2185170650482178,6.54709005355835,0.4915950504299159,0.5726191970162007,,,,,
2016-07-06,3.205671787261963,6.440396308898926,0.49774449172212765,0.5723497026572724,,,,,
2016-07-07,3.282761812210083,6.605286598205566,0.4969900644586563,0.5720512726951967,,,,,
2016-07-08,3.3277246952056885,6.6925811767578125,0.4972258994425508,0.5717768166868411,,,,,
2016-07-11,3.462632656097412,6.663482189178468,0.5196431171858982,0.5715343420666217,,,,,
2016-07-12,3.642513513565064,6.8671698570251465,0.5304242634742398,0.5713411943392668,,,,,
2016-07-13,3.5975403785705566,6.886568546295166,0.5223995600110537,0.5710111583953403,,,,,
2016-07-14,3.642513513565064,6.964163303375244,0.523036774826875,0.5706759758182943,,,,,
2016-07-15,3.7067584991455083,6.857470512390138,0.5405431189894444,0.5703270065012415,,,,,
2016-07-18,3.4690604209899902,6.828372001647949,0.5080362376497315,0.5698247197736444,,,,,
2016-07-19,3.5397229194641118,6.750776767730713,0.5243430558071908,0.5693818608945905,,,,,
2016-07-20,3.456215143203736,6.80897331237793,0.5075971052670649,0.568881818153693,,,,,
2016-07-21,3.47548770904541,6.711979866027832,0.5178036553173115,0.568376518932233,,,,,
2016-07-22,3.47548770904541,6.663482189178468,0.5215722966423804,0.5679359262150786,,,,,
2016-07-25,3.5525782108306885,6.741077423095702,0.5270045109790832,0.5675559019455214,,,,,
2016-07-26,3.514033079147339,6.789574146270753,0.5175631053499077,0.5669714541397143,,,,,
2016-07-27,3.5333056449890137,6.741077423095702,0.5241455368667781,0.5664744233429793,,,,,
2016-07-28,3.4947605133056636,6.605286598205566,0.5290853714439995,0.5660027461039957,,,,,
2016-07-29,3.3277246952056885,6.508292198181152,0.5113053615103015,0.5654121511361955,,,,,
2016-08-01,3.4433600902557373,6.663482189178468,0.5167508507560467,0.5648814074719952,,,,,
2016-08-02,3.4433600902557373,6.663482189178468,0.5167508507560467,0.5643035950041301,,,,,
2016-08-03,3.4433600902557373,6.7313785552978525,0.5115386190167066,0.5637353947206488,,,,,
2016-08-04,3.456215143203736,6.789574146270753,0.5090474113316958,0.5631672941199378,,,,,
2016-08-05,3.456215143203736,6.838071823120117,0.5054370928831093,0.5625359522672908,,,,,
2016-08-08,3.50117826461792,6.896267890930176,0.5076917428371068,0.5620034732550578,,,,,
2016-08-09,3.5461504459381104,6.886568546295166,0.5149372175850725,0.5615628132138556,,,,,
2016-08-10,3.5333056449890137,6.983562469482423,0.5059460211645933,0.5611096863310562,,,,,
2016-08-11,3.5525782108306885,7.090255260467528,0.5010508197974854,0.5606438957799265,,,,,
2016-08-12,3.462632656097412,6.915666580200195,0.5006939845843719,0.5601508985350987,,,,,
2016-08-15,3.50760555267334,6.915666580200195,0.5071970303941116,0.559673371051128,,,,,
2016-08-16,3.481905221939087,6.818673133850098,0.5106426358309777,0.559206695068908,,,,,
2016-08-17,3.50117826461792,6.915666580200195,0.5062676495483343,0.5586830042759705,,,,,
2016-08-18,3.4947605133056636,6.876869201660156,0.5081906330953608,0.5581930558211795,,,,,
2016-08-19,3.481905221939087,6.896267890930176,0.5048970366302641,0.5576387451624052,,,,,
2016-08-22,3.4112424850463867,6.838071823120117,0.4988602888774403,0.5571346760225957,,,,,
2016-08-23,3.4433600902557373,7.061157703399657,0.487648093257838,0.5566137691629999,,,,,
2016-08-24,3.3983979225158687,7.24544620513916,0.4690391490458381,0.5559121745889534,,,,,
2016-08-25,3.3084521293640137,7.4103355407714835,0.44646455091824,0.5550913099351459,,,,,
2016-08-26,3.3598525524139404,7.517029285430907,0.4469654733055014,0.554322574381633,,,,,
2016-08-29,3.2185170650482178,7.371538162231445,0.4366140409526059,0.5535004213442455,,,,,
2016-08-30,3.21208930015564,7.50732946395874,0.42786044166254716,0.5527401720727572,,,,,
2016-08-31,3.199244499206543,7.303642749786378,0.43803408912629477,0.5519953091603553,,,,,
2016-09-01,3.263489961624145,7.3230414390563965,0.44564679700141896,0.5512874992692997,,,,,
2016-09-02,3.302034616470337,7.381237506866455,0.44735515059616937,0.5505977011774148,,,,,
2016-09-05,3.404814958572388,7.478231430053711,0.4552968158873807,0.5499496747681578,,,,,
2016-09-06,3.4433600902557373,7.633421897888184,0.4510899746296424,0.5492688961550987,,,,,
2016-09-07,3.3084521293640137,7.575225353240968,0.43674636398091216,0.5485816203486688,,,,,
2016-09-08,3.3662705421447754,7.5461273193359375,0.44609246567032595,0.5477913839804258,,,,,
2016-09-09,3.3084521293640137,7.429734230041504,0.44529885281583376,0.5468091710930849,,,,,
2016-09-12,3.2778105735778813,7.303642749786378,0.44879119719728255,0.5456861594706558,0.06467361996919799,0.6103597794398538,0.48101253950145784,,True
2016-09-13,3.264899015426636,7.371538162231445,0.442906072460502,0.5447722941435197,0.06474831558162629,0.609520609725146,0.4800239785618934,,True
2016-09-14,3.2261846065521236,7.303642749786378,0.4417226741609843,0.5438249631022652,0.06479019753872484,0.6086151606409901,0.4790347655635404,,True
2016-09-15,3.2068276405334477,7.226047039031982,0.44378726338363855,0.5428004549369881,0.06467519968761028,0.6074756546245984,0.4781252552493779,,True
2016-09-19,3.23909592628479,7.478231430053711,0.4331366254950906,0.5417806297639381,0.06473266145933812,0.6065132912232762,0.47704796830460006,,True
2016-09-20,3.2197387218475337,7.381237506866455,0.43620581492633803,0.5408179044925122,0.06482719123799695,0.6056450957305092,0.47599071325451525,,True
2016-09-21,3.2842564582824707,7.526728630065918,0.43634580435959036,0.5399167202620928,0.06499690957591094,0.6049136298380038,0.4749198106861819,,True
2016-09-22,3.335881471633911,7.759513854980469,0.429908565662624,0.5389923698711232,0.06522075618743592,0.6042131260585591,0.47377161368368725,,True
2016-09-23,3.342327117919922,7.681918621063232,0.43509014906191756,0.5381235925562399,0.06543393280118817,0.603557525357428,0.4726896597550517,,True
2016-09-26,3.258452653884888,7.6431217193603525,0.4263248412793282,0.5371373521949869,0.06562136734113048,0.6027587195361174,0.47151598485385643,,True
2016-09-27,3.2907118797302246,7.623723030090332,0.43164105867199026,0.5361445577550862,0.06572052566089469,0.6018650834159809,0.4704240320941915,,True
2016-09-28,3.342327117919922,7.594624042510986,0.44009118808399356,0.5352199917712643,0.06579265346032773,0.601012645231592,0.46942733831093664,,True
2016-09-29,3.355238676071167,7.594624042510986,0.4417912798961718,0.5342065940776252,0.06571245160494553,0.5999190456825707,0.4684941424726796,,True
2016-09-30,3.361684560775757,7.526728630065918,0.446632890064261,0.5330994641663782,0.06539433141658611,0.5984937955829643,0.4677051327497921,,True
2016-10-03,3.5488100051879883,7.953502178192139,0.44619463548002025,0.5320463368649363,0.06518184754056919,0.5972281844055055,0.4668644893243671,,True
2016-10-04,3.664952754974365,8.147488594055176,0.4498260675870724,0.5311154077546005,0.06511319258860056,0.5962286003432011,0.466002215166,,True
2016-10-05,3.6907553672790527,8.108691215515138,0.45516042838296467,0.5301180522974757,0.06487045909734074,0.5949885113948163,0.4652475932001349,,True
2016-10-06,3.793997049331665,8.060194969177246,0.4707078505966887,0.5294420326150346,0.06487284298765322,0.5943148756026879,0.4645691896273814,,
2016-10-07,3.7423815727233887,8.050496101379395,0.46486347246130066,0.5286472286574113,0.06480649705907812,0.5934537257164895,0.46384073159833317,,
2016-10-11,3.7165682315826416,8.001998901367188,0.46445497898626864,0.5278626181497545,0.064755817881143,0.5926184360308976,0.46310680026861156,,
2016-10-12,3.755282878875733,8.001998901367188,0.4692931010318086,0.52709299875762,0.06467401262720937,0.5917670113848293,0.46241898613041055,,
2016-10-13,3.710112810134888,8.001998901367188,0.46364825287604,0.5262408691683897,0.06454804236270253,0.5907889115310923,0.46169282680568724,,
2016-10-14,3.6584975719451904,7.934103488922119,0.46111039225204414,0.5253464987861809,0.06439194808494673,0.5897384468711276,0.46095455070123414,,
2016-10-17,3.723023891448975,7.924403667449951,0.469817546870001,0.5246002139167771,0.06432938920667758,0.5889296031234548,0.46027082471009956,,
2016-10-18,3.723023891448975,8.021397590637207,0.4641365609148448,0.5238429143069818,0.06430644434477414,0.588149358651756,0.45953646996220765,,
2016-10-19,3.6907553672790527,8.147488594055176,0.4529930081733427,0.5231128353648146,0.06440506310373849,0.5875178984685531,0.45870777226107606,,True
2016-10-20,3.7165682315826416,8.098993301391603,0.4588926170545227,0.5225250288453143,0.06453475842840255,0.5870597872737168,0.4579902704169117,,
2016-10-21,3.7165682315826416,8.098993301391603,0.4588926170545227,0.5218820483359891,0.06463732403958318,0.5865193723755723,0.4572447242964059,,
2016-10-24,3.6584975719451904,8.128090858459473,0.4501053981375634,0.5212333181119733,0.06479752770324845,0.5860308458152217,0.45643579040872484,,True
2016-10-25,3.619782447814941,8.118391036987305,0.44587436492320337,0.5204865913633211,0.06493553222412218,0.5854221235874433,0.4555510591391989,,True
2016-10-26,3.5488100051879883,7.953502178192139,0.44619463548002025,0.51976400486145,0.06508235855265511,0.5848463634141051,0.45468164630879493,,True
2016-10-27,3.581068992614746,7.914704322814941,0.45245770992252354,0.519120405101367,0.0652185137848806,0.5843389188862477,0.45390189131648645,,True
2016-10-28,3.503639936447144,7.808011054992676,0.4487237417788762,0.5184004320050477,0.06534111582488847,0.5837415478299361,0.45305931618015927,,True
2016-10-31,3.503639936447144,7.798311233520508,0.4492818805931965,0.5176338013915035,0.06542585482103418,0.5830596562125376,0.4522079465704693,,True
2016-11-01,3.555255889892578,7.808011054992676,0.4553343821944567,0.5169489747914344,0.06551460494178062,0.582463579733215,0.4514343698496538,,
2016-11-02,3.6326844692230233,7.827409267425537,0.46409793395380056,0.5163357543448661,0.06558077076937,0.5819165251142361,0.45075498357549615,,
2016-11-03,3.5423545837402344,7.711016654968263,0.45938878649132087,0.5156809520730364,0.06565448796735113,0.5813354400403876,0.4500264641056853,,
2016-11-04,3.581068992614746,7.633421897888184,0.46913023287831934,0.5151357035788187,0.06571657437167103,0.5808522779504897,0.44941912920714766,,
2016-11-07,3.6520416736602783,7.759513854980469,0.4706534123031694,0.5145466016616289,0.06575297758792796,0.5802995792495569,0.44879362407370094,,
2016-11-08,3.581068992614746,7.798311233520508,0.45921083236865,0.5139960452509359,0.06585757028338365,0.5798536155343196,0.4481384749675522,,
2016-11-09,3.4842832088470463,7.652820587158202,0.45529398855813236,0.5133495618033934,0.06595418741777173,0.5793037492211651,0.4473953743856217,,
2016-11-10,3.561711549758911,7.798311233520508,0.4567285714949587,0.5127711382748618,0.0660611150795066,0.5788322533543684,0.44671002319535513,,
2016-11-11,3.4391133785247803,7.6431217193603525,0.44996187484668204,0.5122525308365526,0.06619945228051,0.5784519831170627,0.44605307855604265,,
2016-11-14,3.368140459060669,7.565526485443115,0.4451957792417134,0.5122342794840725,0.06587956987931379,0.5781138493633863,0.44635470960475876,,True
2016-11-15,3.4391133785247803,7.759513854980469,0.4432124799052165,0.5120477753989727,0.06580781248834267,0.5778555878873154,0.44623996291063006,,True
2016-11-16,3.471381425857544,7.720715999603271,0.4496191060564747,0.511920908163017,0.06566920507943934,0.5775901132424563,0.4462517030835777,,
2016-11-17,3.458470344543457,7.720715999603271,0.4479468412931094,0.5117070051778134,0.0656335856033084,0.5773405907811218,0.446073419574505,,
2016-11-18,3.4262115955352783,7.681918621063232,0.44600987911286494,0.5115053365406874,0.06558310131330507,0.5770884378539924,0.44592223522738234,,
2016-11-21,3.5488100051879883,7.681918621063232,0.4619692267316427,0.5113153050047037,0.06553333795931353,0.5768486429640172,0.44578196704539014,,
2016-11-22,3.5488100051879883,7.808011054992676,0.45450883460503977,0.5110926994907389,0.0655088780792594,0.5766015775699983,0.44558382141147945,,
2016-11-23,3.4197559356689453,7.604323863983153,0.4497120318436402,0.5107557513155361,0.06557713320603047,0.5763328845215665,0.4451786181095056,,
2016-11-24,3.3810422420501713,7.720715999603271,0.43791822445274586,0.5104351479859182,0.06564533688037782,0.5760804848662959,0.44478981110554033,,True
2016-11-25,3.471381425857544,7.905004024505615,0.43913721170744713,0.5101975679756887,0.06562887678816755,0.5758264447638562,0.4445686911875212,,True
2016-11-28,3.4971842765808105,8.128090858459473,0.4302590039260014,0.5097785211546804,0.0657848588144443,0.5755633799691247,0.4439936623402361,,True
2016-11-29,3.4197559356689453,8.166889190673826,0.4187342151738918,0.5093911874114743,0.06593849667974297,0.5753296840912172,0.4434526907317313,,True
2016-11-30,3.4326672554016118,8.079593658447267,0.4248564223044479,0.5089189324858544,0.06613810960569903,0.5750570420915534,0.44278082288015536,,True
2016-12-01,3.4842832088470463,7.972900867462157,0.437015744553729,0.5085586802470309,0.06623026054385703,0.5747889407908879,0.4423284197031738,,True
2016-12-02,3.458470344543457,8.098993301391603,0.42702471972031486,0.5081301208846213,0.06638983689782677,0.574519957782448,0.44174028398679455,,True
2016-12-05,3.5248928070068364,7.972900867462157,0.4421091978444277,0.5076623322494319,0.06652487624657544,0.5741872084960074,0.4411374560028565,,
2016-12-06,3.563770294189453,7.9632019996643075,0.4475298120454166,0.5072148831696784,0.06663497209611927,0.5738498552657977,0.4405799110735592,,
2016-12-07,3.6544806957244873,8.098993301391603,0.45122653640132765,0.5067249991100079,0.06674170200259473,0.5734667011126027,0.4399832971074132,,
2016-12-08,3.641525030136109,8.22508430480957,0.44273406754101574,0.5061744569923534,0.06688406794753284,0.5730585249398863,0.4392903890448206,,
2016-12-09,3.6479980945587163,8.137790679931639,0.4482786837408997,0.5055995836032371,0.06700003583759447,0.5725996194408316,0.43859954776564264,,
2016-12-12,3.5248928070068364,8.069893836975098,0.4367954372406093,0.5048281596285308,0.0671221650587395,0.5719503246872703,0.4377059945697913,,True
2016-12-13,3.5961647033691406,8.128090858459473,0.4424365777882958,0.5040871501773788,0.06721742161653632,0.5713045717939151,0.4368697285608425,,
2016-12-14,3.563770294189453,8.34147834777832,0.4272348552146793,0.5032588267380381,0.06737500680425115,0.5706338335422892,0.435883819933787,,True
2016-12-15,3.4600934982299805,8.118391036987305,0.42620434054800155,0.5024237953474018,0.06753280105240562,0.5699565963998074,0.43489099429499617,,True
2016-12-16,3.4471375942230225,8.001998901367188,0.4307845622965606,0.5015982049298193,0.06765593717453117,0.5692541421043504,0.43394226775528816,,True
2016-12-19,3.4406545162200928,8.001998901367188,0.42997437998051175,0.5007742402616208,0.06778272795613628,0.568556968217757,0.4329915123054845,,True
2016-12-20,3.453610897064209,8.001998901367188,0.4315935230226212,0.4999443588110467,0.06789050547105763,0.5678348642821043,0.4320538533399891,,True
2016-12-21,3.4341716766357417,8.001998901367188,0.4291642274593407,0.4990128873073951,0.06794162554221826,0.5669545128496134,0.43107126176517685,,True
2016-12-22,3.401777505874634,7.885606288909912,0.4313907366461847,0.49810113048530513,0.06798683187642628,0.5660879623617314,0.43011429860887884,,
2016-12-23,3.401777505874634,7.78861141204834,0.4367630282096709,0.4971944022659679,0.06798856067630583,0.5651829629422738,0.4292058415896621,,
2016-12-28,3.4989709854125977,7.905004024505615,0.44262735029175726,0.4963659562775278,0.06800562956935878,0.5643715858468865,0.428360326708169,,
2016-12-29,3.50545334815979,7.953502178192139,0.44074336935136077,0.4955338958479409,0.06803187934763731,0.5635657751955782,0.42750201650030356,,
2016-12-30,3.537848472595215,8.031096458435059,0.4405187374980926,0.49473348072316015,0.0680780825337444,0.5628115632569045,0.4266553981894158,,
2017-01-03,3.5508041381835938,7.885606288909912,0.4502893002884688,0.4939591115261017,0.06807651542994733,0.562035626956049,0.4258825960961544,,
2017-01-04,3.5508041381835938,7.9632019996643075,0.4459015529598872,0.49315976888672336,0.06808468672318521,0.5612444556099085,0.4250750821635382,,
2017-01-05,3.5832085609436035,8.001998901367188,0.4477891843163577,0.49230613468847845,0.0680383875467954,0.5603445222352739,0.424267747141683,,
2017-01-06,3.4989709854125977,7.924403667449951,0.4415437592843571,0.49152274584592104,0.06808024978308154,0.5596029956290026,0.4234424960628395,,
2017-01-09,3.5832085609436035,8.031096458435059,0.4461667942214989,0.49075302854034525,0.06810105334251675,0.558854081882862,0.4226519751978285,,
2017-01-10,3.6156034469604488,8.011697769165039,0.4512905442933675,0.4898674897820236,0.06800045487577284,0.5578679446577964,0.42186703490625077,,
2017-01-11,3.6220860481262207,8.157188415527344,0.4440360898408966,0.48903932652254495,0.06799651736722304,0.557035843889768,0.4210428091553219,,
2017-01-12,3.5961647033691406,8.021397590637207,0.44832146302867243,0.48823894356114017,0.06798387409269366,0.5562228176538339,0.4202550694684465,,
2017-01-13,3.6479980945587163,8.147488594055176,0.44774509990974176,0.48751040314056104,0.06801159515570734,0.5555219982962684,0.4194988079848537,,
2017-01-16,3.673919677734375,8.050496101379395,0.45635941331676133,0.4868453706895921,0.06802575392845313,0.5548711246180452,0.418819616761139,,
2017-01-17,3.797034740447998,8.089293479919434,0.4693901574808255,0.48615209492481365,0.06797576235037028,0.554127857275184,0.41817633257444337,,
2017-01-18,3.732235431671143,8.17658805847168,0.45645389066705055,0.4853904378093059,0.06794260863007039,0.5533330464393763,0.4174478291792355,,
2017-01-19,3.855351209640503,8.118391036987305,0.4748910457842648,0.4847791395001841,0.06791710138906572,0.5526962408892498,0.4168620381111184,,
2017-01-20,4.043254375457764,8.583961486816406,0.47102429125148765,0.48412313065351015,0.06788287158833836,0.5520060022418485,0.4162402590651718,,
2017-01-23,4.056210994720459,8.486968040466309,0.4779340484587938,0.48352825511216657,0.06785719723995154,0.5513854523521181,0.41567105787221503,,
2017-01-24,3.997894763946533,8.486968040466309,0.4710627805930647,0.4828982426468305,0.06783495634703353,0.5507331989938641,0.415063286299797,,
2017-01-25,4.0756497383117685,8.545165061950684,0.47695389249524717,0.48241251267698787,0.0678356392523041,0.550248151929292,0.41457687342468375,,
2017-01-26,4.1145267486572275,8.554863929748535,0.480957591195512,0.4819467083441146,0.06783539228392994,0.5497821006280446,0.4141113160601847,,
2017-01-27,3.984938859939575,8.49666690826416,0.469000244797602,0.48144015538346147,0.06784080491098479,0.5492809602944463,0.41359935047247665,,
2017-02-01,4.0367722511291495,8.467569351196289,0.47673329661703195,0.4809594942170322,0.0678413720677732,0.5488008662848054,0.413118122149259,,
2017-02-02,3.984938859939575,8.438471794128418,0.47223466015639703,0.4804970344189812,0.06784196040423669,0.5483389948232179,0.4126550740147445,,
2017-02-03,4.023815631866455,8.535465240478517,0.4714231173696246,0.4801095795635521,0.0678246255811446,0.5479342051446967,0.4122849539824075,,
2017-02-06,4.062694072723389,8.51606559753418,0.47706232722065206,0.4798094938746928,0.06777765066080348,0.5475871445354963,0.4120318432138893,,
2017-02-07,4.017333984375,8.68095588684082,0.4627755326420615,0.47950725779611936,0.06769736170328537,0.5472046194994047,0.41180989609283397,,
2017-02-08,4.062694072723389,8.739152908325195,0.46488419591023944,0.4792593164613055,0.06757792831721247,0.5468372447785179,0.411681388144093,,
2017-02-09,4.049736976623535,8.748851776123049,0.4628878257688495,0.4789523112600804,0.06750038978581636,0.5464527010458968,0.41145192147426407,,
2017-02-10,4.043254375457764,8.797348022460938,0.4595992298059295,0.4785693308486065,0.0674647920199738,0.5460341228685803,0.4111045388286327,,
2017-02-13,4.082132816314696,9.001035690307617,0.4535181235544225,0.47816882101355274,0.06743125979079276,0.5456000808043455,0.41073756122275995,,
2017-02-14,4.043254375457764,8.913741111755371,0.4535979141379316,0.47782102750946204,0.06736200809716487,0.545183035606627,0.4104590194122972,,
2017-02-15,4.043254375457764,8.710053443908691,0.46420546113702466,0.47753432681080077,0.06727023456277814,0.5448045613735789,0.4102640922480226,,
2017-02-16,4.386670112609863,9.049532890319824,0.4847399490975088,0.4772533615160593,0.0672327554950959,0.5444861170111552,0.4100206060209634,,
2017-02-17,4.2570815086364755,8.807048797607422,0.48337208143924226,0.4769937285590443,0.0671796982685065,0.5441734268275509,0.4098140302905378,,
2017-02-20,4.224687576293944,8.826447486877441,0.47863963192155407,0.47667886125268594,0.06714259308990134,0.5438214543425872,0.4095362681627846,,
2017-02-21,4.295958518981934,9.020435333251953,0.47624736060639766,0.47634808329227785,0.06710746974303833,0.5434555530353162,0.4092406135492395,,
2017-02-22,4.360757827758788,9.214422225952148,0.4732535280917389,0.47597566713337885,0.06708412056117503,0.5430597876945539,0.40889154657220383,,
2017-02-23,4.516267776489258,9.398711204528807,0.4805199008895045,0.47555639322550947,0.06708222822346412,0.5426386214489736,0.40847416500204536,,
2017-02-24,4.470906734466553,9.40841007232666,0.47520321713197994,0.47514824524745863,0.06707242885214106,0.5422206740995997,0.4080758163953176,,
2017-02-27,4.347791671752931,9.136826515197754,0.475853587076544,0.47481222708858617,0.0670377738551109,0.5418500009436971,0.4077744532334753,,
2017-02-28,4.341319561004639,9.214422225952148,0.4711439800074974,0.4744396234114249,0.06700940112154223,0.5414490245329672,0.4074302222898827,,
2017-03-01,4.360757827758788,9.16592502593994,0.4757575275182446,0.4741337394102967,0.06695810349831058,0.5410918429086072,0.40717563591198613,,
2017-03-02,4.373713970184326,9.136826515197754,0.4786907098333653,0.47381883856873747,0.06691938336684512,0.5407382219355826,0.40689945520189236,,
2017-03-03,4.237642765045166,9.146527290344238,0.4633061959503188,0.47348867460366856,0.066848841751101,0.5403375163547696,0.40663983285256755,,
2017-03-06,4.276520252227783,9.301716804504396,0.45975601516451886,0.47305263082781096,0.06682883193171114,0.5398814627595221,0.40622379889609983,,
2017-03-07,4.205247879028319,9.214422225952148,0.4563767294257868,0.472545844991125,0.06682907999439075,0.5393749249855158,0.40571676499673426,,
2017-03-08,4.2570815086364755,9.427809715270996,0.4515451241809571,0.4720131675270193,0.06683537001834149,0.5388485375453608,0.4051777975086778,,
2017-03-09,4.2570815086364755,9.36961269378662,0.4543497845390689,0.47153003462016146,0.06682643698536878,0.5383564716055302,0.4047035976347927,,
2017-03-10,4.237642765045166,9.253219604492188,0.4579641407178865,0.47108897604829764,0.066803133071811,0.5378921091201087,0.4042858429764866,,
2017-03-13,4.516267776489258,9.5733003616333,0.4717566153663163,0.47070630147524567,0.06677638798733251,0.5374826894625782,0.4039299134879132,,
2017-03-14,4.1858086585998535,9.631497383117676,0.4345958361507569,0.4701128395357585,0.06680637433461255,0.536919213870371,0.40330646520114594,,
2017-03-15,4.231159687042236,9.466607093811037,0.44695630072240267,0.4695944896842576,0.06680385363783632,0.5363983433220939,0.4027906360464213,,
2017-03-16,4.205247879028319,9.757588386535645,0.4309720509251118,0.46915001918267835,0.06674511916010946,0.5358951383427878,0.4024049000225689,,
2017-03-17,4.295958518981934,9.854581832885742,0.4359351408139798,0.4687631204738842,0.06664226383779742,0.5354053843116816,0.40212085663608677,,
2017-03-20,4.3542747497558585,9.815784454345703,0.44359926300420216,0.4683876687608944,0.06654484662696376,0.5349325153878581,0.40184282213393063,,
2017-03-21,4.3672308921813965,9.757588386535645,0.44757277302326826,0.46799196519151787,0.06647135329751572,0.5344633184890336,0.4015206118940021,,
2017-03-22,4.341319561004639,9.738189697265623,0.44580355240190417,0.4677161003234203,0.06627875486786412,0.5339948551912844,0.4014373454555562,,
2017-03-23,4.360757827758788,9.738189697265623,0.44779963867239525,0.46757861710589643,0.06590841246808712,0.5334870295739835,0.40167020463780934,,
2017-03-24,4.399636268615723,9.873981475830078,0.445578744439143,0.46746903587764155,0.06547881518032822,0.5329478510579697,0.4019902206973133,,
2017-03-27,4.231159687042236,9.5733003616333,0.4419750271285083,0.467313770237592,0.06510252972320063,0.5324162999607926,0.4022112405143914,,
2017-03-28,4.341319561004639,9.757588386535645,0.44491726736446097,0.4671333896447744,0.06478110978812755,0.5319144994329019,0.40235227985664684,,
2017-03-29,4.341319561004639,9.873981475830078,0.4396726458958316,0.466892457748011,0.06451984076200219,0.5314122985100133,0.40237261698600885,,
2017-03-30,4.283003807067871,9.873981475830078,0.4337666439370964,0.4665755596401661,0.0643335058513607,0.5309090654915268,0.4022420537888054,,
2017-03-31,4.1469316482543945,9.873981475830078,0.4199857634334658,0.4662143092774869,0.06416067544883484,0.5303749847263217,0.40205363382865206,,
2017-04-03,4.1339664459228525,9.990374565124512,0.41379494021717195,0.4658213959149902,0.06401313571640921,0.5298345316313995,0.401808260198581,,
2017-04-05,4.1858086585998535,9.912778854370117,0.42226389997134967,0.4654812701015897,0.06382012038013048,0.5293013904817202,0.4016611497214592,,
2017-04-06,4.2182044982910165,9.912778854370117,0.4255319885837453,0.46519109437035294,0.0635702204405155,0.5287613148108684,0.4016208739298375,,
2017-04-07,4.211721420288087,9.757588386535645,0.43163548752474334,0.4649444058466623,0.06328312027797332,0.5282275261246356,0.40166128556868896,,
2017-04-10,4.1469316482543945,9.5733003616333,0.43317680335968134,0.46466410904343936,0.0630497220836103,0.5277138311270496,0.40161438695982904,,
2017-04-11,4.023815631866455,9.699393272399902,0.4148523024957055,0.46429981252704194,0.06286803968574227,0.5271678522127842,0.40143177284129966,,
2017-04-12,4.0756497383117685,9.776987075805664,0.41686152458945724,0.4639605259839364,0.06265805428875815,0.5266185802726946,0.40130247169517824,,
2017-04-13,4.121009349822998,9.932177543640137,0.4149149903650082,0.4635553768040374,0.06252865822364848,0.5260840350276859,0.40102671858038896,,
2017-04-18,4.0367722511291495,10.106766700744627,0.39941282614465967,0.4631120420944404,0.062419270474055905,0.5255313125684963,0.4006927716203845,,True
2017-04-19,4.004378318786621,10.436546325683594,0.38368807015517503,0.4625550840956788,0.06244237155265244,0.5249974556483312,0.4001127125430264,,True
2017-04-20,4.0367722511291495,10.475343704223633,0.38535940825517095,0.4620167757528104,0.062440696333055004,0.5244574720858655,0.3995760794197554,,True
2017-04-21,4.088614940643311,10.455945014953613,0.39103255944785115,0.4615230198600028,0.06238329508845828,0.5239063149484611,0.3991397247715445,,True
2017-04-24,4.15340518951416,10.475343704223633,0.39649345231885014,0.46105176774250406,0.06230110539142368,0.5233528731339278,0.39875066235108036,,True
2017-04-25,4.2182044982910165,10.533538818359377,0.40045464027140804,0.46059706523960536,0.062201922131193556,0.5227989873707989,0.3983951431084118,,
2017-04-26,4.127492904663087,10.649931907653807,0.3875604971424065,0.4600584404543707,0.06219356731189534,0.522252007766266,0.3978648731424754,,True
2017-04-27,4.15988826751709,10.475343704223633,0.39711234160649383,0.45961469279941136,0.06207156483458368,0.521686257633995,0.39754312796482766,,True
2017-04-28,4.1469316482543945,10.475343704223633,0.3958754734302763,0.45921694363768095,0.061880394446089663,0.5210973380837706,0.3973365491915913,,True
2017-05-02,4.101571559906007,10.3589506149292,0.3959446967528612,0.4587959069342501,0.0617229994694147,0.5205189064036648,0.39707290746483537,,True
2017-05-04,4.062694072723389,10.61113452911377,0.3828708477473898,0.45827873004579955,0.06168090311517628,0.5199596331609758,0.3965978269306233,,True
2017-05-05,4.049736976623535,10.591736793518066,0.38234871726626496,0.457735177643032,0.061671027957387575,0.5194062056004196,0.3960641496856444,,True
2017-05-08,4.030299186706543,10.94091510772705,0.3683694779662565,0.4572127483254503,0.06162583547103416,0.5188385837964844,0.3955869128544161,,True
2017-05-09,4.0756497383117685,10.902116775512695,0.37384022041170095,0.4566846150880779,0.06159012582184292,0.5182747409099209,0.39509448926623497,,True
2017-05-10,4.0950889587402335,10.979711532592773,0.3729687202240376,0.45610546670016844,0.06162059292867813,0.5177260596288465,0.39448487377149033,,True
2017-05-11,4.1145267486572275,10.882719039916992,0.3780789280294248,0.45556491373635655,0.06159891909055242,0.5171638328269089,0.3939659946458041,,True
2017-05-12,4.237642765045166,10.960312843322754,0.38663520153321396,0.4550358218783141,0.06156461345692198,0.516600435335236,0.3934712084213921,,True
2017-05-15,4.205247879028319,11.134902000427246,0.3776636632156227,0.4544676009200139,0.061574848072662815,0.5160424489926767,0.3928927528473511,,True
2017-05-16,4.2182044982910165,11.21249771118164,0.3762056061857137,0.45389131380926706,0.06159329864959506,0.5154846124588621,0.392298015159672,,True
2017-05-17,4.205247879028319,11.25129508972168,0.3737567849295777,0.4531966169889989,0.061732997265529416,0.5149296142545283,0.39146361972346944,,True
2017-05-18,4.231159687042236,10.843921661376953,0.3901872236971663,0.452528821561489,0.06181826280407582,0.5143470843655649,0.3907105587574132,,True
2017-05-19,4.334836006164552,10.921516418457033,0.3969078871537298,0.4519312421669303,0.061843850272984106,0.5137750924399144,0.3900873918939462,,
2017-05-22,4.4514689445495605,11.057306289672852,0.4025816801970188,0.4513576464782167,0.061848069719999836,0.5132057161982165,0.38950957675821685,,
2017-05-23,4.419073581695557,10.999110221862793,0.40176646042802805,0.4506968052469718,0.06190606099981446,0.5126028662467863,0.38879074424715737,,
2017-05-24,4.444985389709473,10.999110221862793,0.4041222698972714,0.45020197682910296,0.06184085583000716,0.5120428326591101,0.3883611209990958,,
2017-05-25,4.4968295097351065,11.21249771118164,0.40105511060668064,0.44961489137576716,0.061853542948148106,0.5114684343239153,0.38776134842761906,,
2017-05-26,4.464424133300781,10.979711532592773,0.4066066872566134,0.4491339846233364,0.06177854141966964,0.5109125260430061,0.38735544320366677,,
2017-05-29,4.43203067779541,10.902116775512695,0.4065293712272665,0.4486041070800505,0.06174819012773356,0.5103522972077841,0.3868559169523169,,
2017-05-31,4.503302097320557,11.431536674499512,0.39393672307994565,0.4479963186345151,0.061777983455929206,0.5097743020904443,0.3862183351785859,,
2017-06-01,4.568100452423097,11.588400840759276,0.39419593049939694,0.4473638968227071,0.06182353757763057,0.5091874344003376,0.3855403592450765,,
2017-06-02,4.529223442077637,11.588400840759276,0.3908411095124736,0.44676045874729076,0.06184994308029013,0.5086104018275809,0.38491051566700063,,
2017-06-05,4.6134610176086435,11.686442375183105,0.3947703560670968,0.44614438645776844,0.06188256169342992,0.5080269481511983,0.3842618247643385,,
2017-06-06,4.594022750854492,11.431536674499512,0.40187272119788087,0.44553861193278693,0.06190348171712576,0.5074420936499127,0.3836351302156612,,
2017-06-07,4.717127799987793,11.686442375183105,0.40364104391640265,0.4450259247061494,0.06185673862901702,0.5068826633351664,0.38316918607713235,,
2017-06-08,4.6847333908081055,11.608009338378904,0.4035776724713028,0.4444870048095554,0.06183198459128942,0.5063189894008449,0.382655020218266,,
2017-06-09,4.6393723487854,11.608009338378904,0.3996699359507324,0.44392947664381577,0.0618203407094686,0.5057498173532844,0.38210913593434714,,
2017-06-12,4.581056594848633,11.470752716064453,0.3993684379956162,0.44339533292466776,0.06179005600474154,0.5051853889294093,0.38160527691992624,,
2017-06-13,4.470906734466553,11.19623851776123,0.3993222123103307,0.44287283197694693,0.06175026543936947,0.5046230974163164,0.3811225665375775,,
2017-06-14,4.43203067779541,11.176630020141602,0.39654445658560494,0.44235429561362544,0.061705455141789836,0.5040597507554153,0.3806488404718356,,
2017-06-15,4.43203067779541,11.07858943939209,0.4000536983558989,0.4418417334970483,0.061658998749018507,0.5035007322460668,0.38018273474802977,,
2017-06-16,4.503302097320557,11.353103637695312,0.39665823910638853,0.4412785002661974,0.061651932660080004,0.5029304329262774,0.3796265676061174,,
2017-06-19,4.522740840911865,11.470752716064453,0.3942845733722338,0.44074677908623383,0.061617772434545866,0.5023645515207797,0.37912900665168797,,
2017-06-20,4.5421791076660165,11.568793296813965,0.39262341292906744,0.44023045810114614,0.06156810285800123,0.5017985609591473,0.3786623552431449,,
2017-06-21,4.574584007263184,11.37271213531494,0.4022421347550007,0.43976163976862526,0.0614857768857753,0.5012474166544005,0.37827586288285,,
2017-06-22,4.555145263671875,11.21584701538086,0.40613475357012035,0.43928039083136816,0.061421650688097656,0.5007020415194658,0.3778587401432705,,
2017-06-23,4.516267776489258,11.725658416748047,0.38516112408993264,0.4386828598230775,0.061441266368741206,0.5001241261918187,0.3772415934543363,,
2017-06-26,4.477389335632324,11.54918384552002,0.3876801508679008,0.4381181574484087,0.0614333846662367,0.4995515421146454,0.376684772782172,,
2017-06-27,4.425546646118164,11.588400840759276,0.3818945087360476,0.43751674733241197,0.06145638596650623,0.4989731332989182,0.37606036136590576,,
2017-06-28,4.518186092376709,11.29428005218506,0.4000419744773898,0.4370174375126364,0.061401560629354424,0.4984189981419908,0.37561587688328196,,
2017-06-29,4.505187034606934,11.353103637695312,0.3968242674759454,0.4365315516964388,0.061330976025258846,0.49786252772169765,0.37520057567118,,
2017-06-30,4.4856839179992685,11.176630020141602,0.4013449411777556,0.4361205843055813,0.06119312485294024,0.4973137091585216,0.37492745945264105,,
2017-07-03,4.4856839179992685,11.117806434631348,0.4034684309691355,0.43580834279093034,0.06093965158744419,0.4967479943783745,0.37486869120348615,,
2017-07-04,4.420671463012695,10.882509231567383,0.40621803013862423,0.4356166926919798,0.06051088635078964,0.49612757904276944,0.3751058063411901,,
2017-07-05,4.440173625946045,10.960941314697266,0.4050905390755374,0.43541728824326564,0.06009212418187315,0.4955094124251388,0.3753251640613925,,
2017-07-06,4.42876672744751,10.980548858642578,0.40332835675711354,0.4352587849851919,0.059589086486840734,0.49484787147203263,0.37566969849835113,,
2017-07-07,4.435282230377197,11.058981895446776,0.40105701160459445,0.43513114960396354,0.059009544738992864,0.4941406943429564,0.3761216048649707,,
2017-07-10,4.3961472511291495,11.353103637695312,0.38721986440190465,0.43488917710527597,0.05857562232523634,0.4934647994305123,0.37631355478003964,,
2017-07-11,4.441807746887207,11.333495140075685,0.3919186175128624,0.43463332863152093,0.05819492409692871,0.49282825272844966,0.3764384045345922,,
2017-07-12,4.422240257263184,11.392319679260256,0.3881773319014109,0.43435152949487926,0.057845004818246074,0.4921965343131253,0.3765065246766332,,
2017-07-13,4.513552188873291,11.66683292388916,0.3868703887608849,0.43402568936570546,0.05756709629763459,0.49159278566334,0.3764585930680709,,
2017-07-14,4.507035255432129,11.470752716064453,0.3929153881174823,0.4337486675251714,0.057236438487954046,0.49098510601312545,0.3765122290372173,,
2017-07-17,4.435282230377197,11.764873504638672,0.3769936182168425,0.4334641306405806,0.05684749319226966,0.49031162383285026,0.3766166374483109,,
2017-07-18,4.3961472511291495,11.608009338378904,0.37871672247836813,0.4331432937682379,0.056537532958979154,0.4896808267272171,0.3766057608092587,,
2017-07-19,4.467902183532715,11.74526596069336,0.3804002564509796,0.4328342528331672,0.056218469775056,0.4890527226082232,0.37661578305811116,,
2017-07-20,4.507035255432129,11.568793296813965,0.38958559806521587,0.43255232140872873,0.055898118965250196,0.48845044037397894,0.3766542024434785,,
2017-07-21,4.454849243164063,11.647226333618164,0.38248155531293626,0.43226458561278797,0.055560673004728105,0.4878252586175161,0.37670391260805985,,
2017-07-24,4.591822147369385,12.157036781311035,0.3777089952074814,0.43195975857015223,0.05523912643327714,0.4871988850034294,0.37672063213687507,,
2017-07-25,4.520077705383301,11.843306541442873,0.38165673493009317,0.4316638989108496,0.054923450324335585,0.4865873492351852,0.376740448586514,,
2017-07-26,4.513552188873291,11.706048965454102,0.38557434726211237,0.4314374118716449,0.05450132519546824,0.48593873706711316,0.3769360866761767,,
2017-07-27,4.454849243164063,12.098212242126465,0.3682237634790451,0.431113687817134,0.05419516264623569,0.4853088504633697,0.3769185251708983,,True
2017-07-28,4.422240257263184,11.784482955932615,0.37525959126080394,0.4308228010880922,0.053858484013921036,0.4846812851020132,0.37696431707417116,,True
2017-07-31,4.500510215759277,11.9413480758667,0.37688460190309225,0.4305703060225705,0.05345837283721399,0.4840286788597845,0.3771119331853565,,True
2017-08-01,4.487468242645264,11.960955619812012,0.37517639771292727,0.43028500244471823,0.05311974654727116,0.4834047489919894,0.3771652558974471,,True
2017-08-02,4.422240257263184,12.117820739746096,0.36493692655135307,0.42999267904125166,0.05275782080314514,0.4827504998443968,0.37723485823810654,,True
2017-08-03,4.363538265228272,11.960955619812012,0.3648151873417664,0.42967446060634584,0.05245393224835354,0.4821283928546994,0.3772205283579923,,True
2017-08-04,4.422240257263184,11.9413480758667,0.37033006903135757,0.42934226480133325,0.05220062495998555,0.4815428897613188,0.3771416398413477,,True
2017-08-07,4.422240257263184,11.882522583007812,0.3721634212239625,0.42901070356956084,0.051957909930817,0.48096861350037784,0.37705279363874383,,True
2017-08-08,4.55268669128418,12.078603744506836,0.3769216034887039,0.4286787450620582,0.05173759148159538,0.4804163365436536,0.3769411535804628,,True
2017-08-09,4.513552188873291,12.137428283691404,0.3718705547317612,0.4283248208680188,0.05154471141504945,0.4798695322830683,0.37678010945296936,,True
2017-08-10,4.4939842224121085,12.35311794281006,0.363793517006592,0.4279151420557309,0.05142926967689857,0.4793444117326295,0.3764858723788323,,True
2017-08-11,4.363538265228272,11.725658416748047,0.3721358844118914,0.42751978708444005,0.05131102104705403,0.4788308081314941,0.376208766037386,,True
2017-08-14,4.402673244476318,11.686442375183105,0.37673340638085645,0.42707228973103134,0.05126851275517273,0.4783408024862041,0.3758037769758586,,
2017-08-15,4.376580238342285,11.647226333618164,0.3757615858901849,0.4266479950330736,0.051199783440190605,0.4778477784732642,0.375448211592883,,
2017-08-16,4.409199237823486,12.255077362060547,0.35978550828847083,0.42614956898213174,0.051217621732925205,0.47736719071505695,0.37493194724920653,,True
2017-08-17,4.37006425857544,12.019780158996582,0.3635727276845849,0.4256461386328592,0.051241430555325505,0.4768875691881847,0.37440470807753373,,True
2017-08-18,4.246134281158446,12.078603744506836,0.35154181484673036,0.42511229845176723,0.05131083908365196,0.4764231375354192,0.37380145936811526,,True
2017-08-21,4.246134281158446,11.921738624572756,0.35616736911228974,0.4246125697701494,0.05133674687222451,0.4759493166423739,0.3732758228979249,,True
2017-08-22,4.441807746887207,11.921738624572756,0.37258053433010824,0.4241495363771023,0.05132089303690597,0.47547042941400824,0.37282864334019633,,True
2017-08-23,4.441807746887207,11.921738624572756,0.37258053433010824,0.4237135552981274,0.05127678813209054,0.4749903434302179,0.37243676716603685,,
2017-08-24,4.546171188354492,12.549200057983398,0.3622678072983914,0.42328153053205625,0.051221311343060065,0.4745028418751163,0.3720602191889962,,True
2017-08-25,4.539645195007324,12.529590606689453,0.3623139284841152,0.4228216320150543,0.05120327709256791,0.4740249091076222,0.3716183549224864,,True
2017-08-28,4.500510215759277,12.137428283691404,0.3707960294856234,0.4224021244552024,0.05114258282761504,0.47354470728281745,0.3712595416275874,,True
2017-08-29,4.448333740234375,12.039387702941895,0.3694817253162633,0.42201820220367237,0.051035435581216405,0.4730536377848888,0.37098276662245594,,True
2017-08-30,4.467902183532715,12.058996200561525,0.3705036562931057,0.42165929406733865,0.05089761940285148,0.47255691347019013,0.3707616746644872,,True
2017-08-31,4.480943202972412,11.98056411743164,0.37401771394492767,0.421315594440981,0.05074886093830873,0.4720644553792897,0.3705667335026723,,
2017-09-01,4.657050609588623,12.274685859680176,0.3794028346489973,0.42096771408253564,0.05062126272842907,0.4715889768109647,0.3703464513541066,,
2017-09-04,4.937519073486328,12.50998306274414,0.3946863116218523,0.4207103929865498,0.050424388567076456,0.4711347815536262,0.37028600441947335,,
2017-09-05,4.937519073486328,12.549200057983398,0.39345289346512863,0.42044454066689235,0.05023784126950443,0.4706823819363968,0.37020669939738793,,
2017-09-06,5.100574493408203,12.549200057983398,0.40644618540154526,0.42021173972978326,0.05006660699238356,0.47027834672216684,0.3701451327373997,,
2017-09-07,5.028831481933594,12.50998306274414,0.4019854748572688,0.41991596611503795,0.049951995581510034,0.469867961696548,0.3699639705335279,,
2017-09-08,5.087532997131348,12.333510398864744,0.4124967533655006,0.4196926707192007,0.04980320148733382,0.4694958722065345,0.3698894692318669,,
2017-09-11,4.898385524749756,12.019780158996582,0.4075270479122204,0.4193993222193622,0.04970866610391099,0.4691079883232732,0.3696906561154512,,
2017-09-12,5.081740379333496,12.098212242126465,0.42004060415130345,0.4191583088472105,0.04961633651843721,0.4687746453656477,0.3695419723287733,,
2017-09-13,5.1537814140319815,12.137428283691404,0.4246188973126144,0.41899358534694364,0.049473619857620076,0.4684672052045637,0.3695199654893236,,
2017-09-14,5.0097079277038565,11.9413480758667,0.41952616202758614,0.41882326236346484,0.04931117170168414,0.468134434065149,0.3695120906617807,,
2017-09-15,5.075198173522949,11.902132034301758,0.4264108446197965,0.4186788922354879,0.0491621835532013,0.46784107578868916,0.3695167086822866,,
2017-09-18,5.212719917297363,12.137428283691404,0.4294748274065186,0.4185813348667252,0.048979675260788585,0.46756101012751383,0.3696016596059366,,
2017-09-19,5.448470592498778,12.157036781311035,0.44817422950259483,0.4185955179632056,0.04880342217111661,0.4673989401343222,0.369792095792089,,
2017-09-20,5.494304180145264,12.58841609954834,0.4364571473247055,0.4185633497128222,0.04858739957005471,0.4671507492828769,0.3699759501427675,,
2017-09-21,5.389532566070557,12.784496307373047,0.42156784565398303,0.4184297722823342,0.04839730247916692,0.4668270747615011,0.3700324698031673,,
2017-09-22,5.409178733825684,13.019794464111328,0.4154580741451735,0.41827506386734403,0.04819728026594178,0.4664723441332858,0.37007778360140225,,
2017-09-25,5.29130220413208,12.647239685058596,0.4183760516836892,0.4181434742129194,0.0479849054840456,0.466128379696965,0.3701585687288738,,
2017-09-26,5.356782913208008,12.647239685058596,0.42355352208090846,0.4179605422860112,0.04786548554656361,0.4658260278325748,0.3700950567394476,,
2017-09-27,5.4550132751464835,12.823712348937988,0.42538487504347733,0.41782185676428946,0.04770881189784491,0.4655306686621344,0.37011304486644453,,
2017-09-28,5.389532566070557,12.745280265808105,0.4228649706926501,0.4176940136159514,0.04752382144416553,0.46521783506011694,0.3701701921717858,,
2017-09-29,5.409178733825684,12.823712348937988,0.4218106728098632,0.41761731098908056,0.04726051090259478,0.46487782189167537,0.37035680008648575,,
2017-10-03,5.618731498718262,13.274700164794922,0.42326617015572077,0.417541734600739,0.047007088218898416,0.46454882281963744,0.3705346463818406,,
2017-10-04,5.592533588409424,13.098226547241213,0.42696876315575255,0.4175260667875474,0.04669025303027197,0.46421631981781936,0.3708358137572754,,
2017-10-06,5.730055809020996,13.176658630371096,0.4348641009651489,0.4176028757675057,0.04628457555305266,0.46388745132055836,0.37131830021445306,,
2017-10-09,5.690764427185059,13.23548412322998,0.4299626952970336,0.4176271913531847,0.045927513551043,0.46355470490422773,0.3716996778021417,,
2017-10-10,5.861034393310548,13.15705108642578,0.4454671761028136,0.41766743626532316,0.04570167752956727,0.46336911379489043,0.3719657587357559,,
2017-10-11,5.769347190856934,12.98057746887207,0.44445997912589424,0.4177504613101116,0.04539511256141825,0.4631455738715299,0.37235534874869336,,
2017-10-12,5.7038679122924805,12.98057746887207,0.43941557499815226,0.4177376345346531,0.04519392768997599,0.4629315622246291,0.37254370684467714,,
2017-10-13,5.684221267700195,12.62763214111328,0.4501414995447485,0.4177500711417928,0.045061335338820285,0.4628114064806131,0.3726887358029725,,
2017-10-16,5.8151912689208975,12.823712348937988,0.45347174910723026,0.4177607626308686,0.04496587187977689,0.4627266345106455,0.3727948907510917,,
2017-10-17,5.736607551574707,12.725671768188475,0.4507901552132619,0.41779912495311733,0.04481012577875651,0.46260925073187387,0.3729889991743608,,
2017-10-18,5.769347190856934,12.764888763427734,0.451970032624687,0.41781670280494493,0.04469737994672637,0.4625140827516713,0.3731193228582186,,
2017-10-19,5.743159294128418,13.078619003295898,0.43912581998765343,0.41782779986564517,0.04447443711504551,0.4623022369806907,0.37335336275059966,,
2017-10-20,5.867577075958253,13.137442588806152,0.44663008316076386,0.4178477689388474,0.04431502461775112,0.4621627935565985,0.3735327443210963,,
2017-10-23,5.900326728820801,13.411956787109375,0.4399303414466544,0.41790822363519015,0.04402963422351198,0.4619378578587021,0.3738785894116782,,
2017-10-24,5.756253242492676,13.196267127990724,0.4362031464400288,0.41795583699658073,0.04373248677399038,0.4616883237705711,0.37422335022259035,,
2017-10-25,5.756253242492676,13.05901050567627,0.4407878560163992,0.41800347172857993,0.04348705007384138,0.46149052180242134,0.37451642165473853,,
2017-10-26,5.808638572692871,13.255091667175293,0.4382194192649226,0.4180427338204105,0.04323415858994496,0.46127689241035547,0.37480857523046557,,
2017-10-27,5.6449294090271,13.078619003295898,0.4316150969459803,0.4180428365533788,0.042986309447648884,0.4610291460010277,0.37505652710572995,,
2017-10-30,5.618731498718262,13.03940200805664,0.4309040779053075,0.4180511215555025,0.04272442990170827,0.4607755514572108,0.37532669165379423,,
2017-10-31,5.965806484222412,13.29430866241455,0.4487489071988257,0.41813377951051506,0.042528206919008334,0.4606619864295234,0.37560557259150673,,
2017-11-01,6.286692142486572,13.411956787109375,0.4687378763797462,0.41828604069227737,0.04246621050853315,0.46075225120081054,0.3758198301837442,True,
2017-11-02,6.24084997177124,13.68647003173828,0.4559868218246928,0.4183496572233866,0.04238363991012237,0.46073329713350897,0.3759660173132642,,
2017-11-03,6.443859577178955,13.902159690856935,0.46351500201921164,0.41845809356942393,0.04232900834291014,0.4607871019123341,0.3761290852265138,True,
2017-11-06,6.876070976257324,15.000214576721193,0.4583981743120053,0.41854323374472824,0.04225295801628421,0.46079619176101244,0.37629027572844403,,
2017-11-07,6.731997489929199,14.98060703277588,0.4493808211643458,0.418538907653661,0.0421990627323079,0.46073797038596886,0.3763398449213531,,
2017-11-08,6.784392356872559,14.90217399597168,0.45526192075776994,0.4185834808336509,0.04214892853151977,0.4607324093651706,0.37643455230213113,,
2017-11-09,6.718903541564941,14.98060703277588,0.44850676123235445,0.41858689786658415,0.042087505010845946,0.4606744028774301,0.3764993928557382,,
2017-11-10,7.478541851043701,15.313943862915039,0.4883485219737606,0.41880977768891464,0.042219547168116364,0.461029324857031,0.37659023052079826,True,
2017-11-13,7.530937671661378,15.000214576721193,0.5020553294849947,0.4190759135711217,0.042494850411921956,0.4615707639830437,0.37658106315919976,True,
2017-11-14,7.2951860427856445,14.96099853515625,0.487613579109909,0.41924888040358144,0.04267296103465079,0.46192184143823223,0.37657591936893064,True,
2017-11-15,7.111821174621582,14.98060703277588,0.4747351798936931,0.41939506654669,0.042730794826227846,0.46212586137291783,0.3766642717204622,True,
2017-11-16,7.268988609313965,15.745322227478027,0.4616602000452206,0.4194585843420069,0.04274124497802081,0.4621998293200277,0.3767173393639861,,
2017-11-17,7.3999576568603525,15.706107139587402,0.4711516094404249,0.4195700439112006,0.042801330822564966,0.4623713747337656,0.37676871308863563,True,
2017-11-20,7.216602802276611,15.588458061218262,0.46294526206093684,0.4196014050956967,0.0428541057419596,0.4624555108376563,0.37674729935373713,True,
2017-11-21,7.5571250915527335,16.059051513671875,0.4705835263757,0.41960708780471995,0.04298267947510653,0.4625897672798265,0.3766244083296134,True,
2017-11-22,7.33447790145874,15.843363761901855,0.4629369123680527,0.41963795933662945,0.04304011030110931,0.4626780696377388,0.3765978490355201,True,
2017-11-23,6.810580730438232,15.019822120666506,0.4534395065216666,0.4195358091496647,0.04309824967122078,0.4626340588208855,0.37643755947844393,,
2017-11-24,7.151113510131836,15.54924201965332,0.4599011000724828,0.4194828415726219,0.043178945057487865,0.46266178663010976,0.376303896515134,,
2017-11-27,6.941559791564941,15.215904235839846,0.456204224472881,0.419379366220308,0.04325193346933578,0.4626312996896438,0.37612743275097227,,
2017-11-28,7.026927471160889,15.411986351013185,0.4559391184964901,0.4193073487817529,0.043318040652054274,0.46262538943380715,0.37598930812969866,,
2017-11-29,7.040067672729492,15.451202392578125,0.4556323510532189,0.419205817632029,0.043389276239792364,0.4625950938718214,0.37581654139223664,,
2017-11-30,6.711700439453125,15.196296691894533,0.4416668465701279,0.41901871884809866,0.04341736051645437,0.462436079364553,0.3756013583316443,,
2017-12-01,6.764244556427003,15.196296691894533,0.4451245387986499,0.4189050250100084,0.04344656391220525,0.4623515889222137,0.3754584610978032,,
2017-12-04,7.066330432891847,15.313943862915039,0.46143113074901637,0.4188321575534941,0.04354492119991334,0.46237707875340744,0.3752872363535808,,
2017-12-05,6.948121070861816,15.196296691894533,0.4572246259556011,0.41876068120015697,0.04362201510061797,0.46238269630077494,0.375138666099539,,
2017-12-06,6.711700439453125,14.451187133789062,0.4644393832365615,0.4187274253233329,0.04373181095489644,0.4624592362782293,0.3749956143684365,True,
2017-12-07,7.210813522338867,14.706092834472654,0.49032830157551766,0.41879059662978463,0.04400914770044896,0.4627997443302336,0.3747814489293357,True,
2017-12-08,7.355295181274414,15.117863655090332,0.486530064636336,0.41890371344880506,0.04424081501797558,0.46314452846678067,0.37466289843082945,True,
2017-12-11,7.762459754943848,15.49041748046875,0.5011136571839476,0.41907623469296557,0.04459051438866472,0.4636667490816303,0.37448572030430083,True,
2017-12-12,8.064556121826174,15.333553314208984,0.5259417668279847,0.41937649155515194,0.045179221131141215,0.46455571268629314,0.37419727042401074,True,
2017-12-13,8.103959083557129,15.392376899719238,0.5264917261547142,0.4196950272520509,0.04575762724796681,0.4654526545000177,0.37393740000408404,True,
2017-12-14,8.392914772033691,15.372769355773926,0.5459598448266161,0.42013522592477565,0.04654306109722405,0.4666782870219997,0.3735921648275516,True,
2017-12-15,8.025153160095215,15.059038162231445,0.5329127314533646,0.4205129155310396,0.047155307332510964,0.46766822286355053,0.37335760819852865,True,
2017-12-18,8.209027290344237,15.098255157470705,0.5437070181107889,0.4208914943737718,0.04790202432503425,0.4687935186988061,0.37298947004873756,True,
2017-12-19,8.209027290344237,15.529633522033693,0.5286040574426394,0.4211003710801772,0.048470306070511344,0.46957067715068856,0.3726300650096659,True,
2017-12-20,8.209027290344237,15.51002597808838,0.5292723108227833,0.42131894360105127,0.04903745244725593,0.4703563960483072,0.37228149115379533,True,
2017-12-21,8.576798439025879,15.686498641967773,0.546763088104279,0.42164334101144524,0.04979157379562592,0.47143491480707117,0.3718517672158193,True,
2017-12-22,8.537394523620605,15.647282600402832,0.5456151551452656,0.4219736638425827,0.050517294570228355,0.4724909584128111,0.37145636927235437,True,
2017-12-27,8.511122703552246,15.49041748046875,0.5494443719340413,0.422336477384689,0.05127277136211235,0.4736092487468013,0.37106370602257666,True,
2017-12-28,8.846829414367676,15.60806655883789,0.5668113587943575,0.4227473890889978,0.05222652940251819,0.474973918491516,0.3705208596864796,True,
2017-12-29,9.123291969299316,15.470809936523438,0.5897100414737226,0.42329265968110136,0.05347420029284899,0.47676685997395035,0.36981845938825236,True,
2018-01-02,9.0837984085083,16.078662872314453,0.5649598154178307,0.4237169750541551,0.05435515377872766,0.4780721288328828,0.36936182127542744,True,
2018-01-03,9.14962673187256,16.862987518310547,0.5425863431338905,0.42405717678332844,0.05496664260714038,0.47902381939046884,0.36909053417618803,True,
2018-01-04,9.30760383605957,17.25514793395996,0.5394102601543751,0.42436028503397666,0.05553692628215572,0.4798972113161324,0.36882335875182093,True,
2018-01-05,9.0837984085083,17.117891311645508,0.5306610635112797,0.4246077629086334,0.05601603109917188,0.48062379400780525,0.36859173180946153,True,
2018-01-08,9.281270980834961,17.41201400756836,0.5330383364498061,0.4249398207205357,0.0565061611328087,0.4814459818533444,0.368433659587727,True,
2018-01-09,9.80786418914795,17.64731216430664,0.5557709920825951,0.4253970348963361,0.057210525187880994,0.4826075600842171,0.3681865097084551,True,
2018-01-10,9.610390663146973,17.627702713012695,0.5451867903384043,0.425819939948301,0.05778969610955345,0.48360963605785445,0.3680302438387475,True,
2018-01-11,9.584068298339844,18.313987731933594,0.5233195761963064,0.42616172305313593,0.05816016443450532,0.48432188748764127,0.3680015586186306,True,
2018-01-12,10.123793601989746,18.098297119140625,0.5593782406899982,0.4266618585586166,0.058864876332051494,0.4855267348906681,0.3677969822265651,True,
2018-01-15,9.781540870666504,17.392406463623047,0.5624029596551237,0.4271591862678415,0.05959322775166577,0.48675241401950725,0.36756595851617574,True,
2018-01-16,9.76837158203125,17.76496124267578,0.5498673173890879,0.4275311419917594,0.06018816223440559,0.487719304226165,0.3673429797573538,True,
2018-01-17,9.742046356201172,17.41201400756836,0.5595014081637347,0.4281259304299165,0.06081772853930463,0.4889436589692211,0.36730820189061186,True,
2018-01-18,9.268111228942873,17.098283767700195,0.5420492111875553,0.42857875381308386,0.06129981896501717,0.48987857277810104,0.3672789348480667,True,
2018-01-19,9.781540870666504,17.431621551513672,0.561137748531325,0.42919859046835157,0.06191625001142788,0.49111484047977944,0.3672823404569237,True,
2018-01-22,10.21601390838623,17.862998962402344,0.5719092258745957,0.4298460861114973,0.06264658553691356,0.4924926716484109,0.3671995005745838,True,
2018-01-23,10.255508422851562,17.961042404174805,0.570986259709949,0.4304526908577152,0.06336966758238785,0.493822358440103,0.3670830232753274,True,
2018-01-24,10.176518440246582,17.78456687927246,0.572210642481662,0.4310462045218028,0.06409853117443524,0.49514473569623807,0.36694767334736755,True,
2018-01-25,10.058034896850586,17.313972473144528,0.5809201159613411,0.43168961672922873,0.0649028629083077,0.49659247963753644,0.366786753820921,True,
2018-01-26,10.018540382385254,16.82377052307129,0.5954991105380522,0.4323929475476367,0.06585744168434486,0.49825038923198156,0.3665355058632918,True,
2018-01-29,9.834197998046877,16.451217651367188,0.5977793380680001,0.4331177122792026,0.06681341529968055,0.49993112757888314,0.36630429697952205,True,
2018-01-30,9.781540870666504,16.627687454223633,0.5882682662634409,0.4338143467512737,0.06763560554252739,0.5014499522938011,0.36617874120874633,True,
2018-01-31,9.49190616607666,17.019853591918945,0.557696111474392,0.4343513888660829,0.06815183131026749,0.5025032201763504,0.3661995575558154,True,
2018-02-01,9.373422622680664,16.72572898864746,0.5604193771788869,0.43492637330076417,0.06867413456258302,0.5036005078633472,0.36625223873818114,True,
2018-02-02,9.76837158203125,16.961027145385742,0.5759304255750066,0.43560334368951614,0.06931652672185128,0.5049198704113674,0.36628681696766485,True,
2018-02-05,9.478745460510254,16.470823287963867,0.5754870472951339,0.4363438259936193,0.06990564190417663,0.5062494678977959,0.3664381840894427,True,
2018-02-06,8.728344917297362,15.54924201965332,0.5613357169606885,0.4370464011209694,0.07033825835769719,0.5073846594786666,0.3667081427632722,True,
2018-02-07,8.675687789916992,15.392376899719238,0.5636353531646721,0.43771959851712805,0.07081013714871821,0.5085297356658462,0.36690946136840985,True,
2018-02-08,8.991645812988281,15.706107139587402,0.5724935996600168,0.43841941571272935,0.07135954909783064,0.50977896481056,0.3670598666148987,True,
2018-02-09,8.53087043762207,15.313943862915039,0.5570655419653734,0.43901670168625617,0.07178622187124721,0.5108029235575033,0.36723047981500895,True,
2018-02-12,9.01797103881836,16.313957214355472,0.5527764306555244,0.43958622372099826,0.07217721310185832,0.5117634368228565,0.36740901061913994,True,
2018-02-13,9.241776466369627,16.568862915039062,0.5577797651992848,0.4402668306862534,0.0725511232780782,0.5128179539643316,0.36771570740817516,True,
2018-02-14,9.14962673187256,16.921810150146484,0.5407002354173887,0.44085653883305304,0.07280502993110653,0.5136615687641596,0.3680515089019465,True,
2018-02-15,9.21544361114502,17.157108306884766,0.5371210256594969,0.44143847233445543,0.07302672258134976,0.5144651949158052,0.36841174975310564,True,
2018-02-20,9.202281951904297,17.35318946838379,0.5302934062161981,0.442061713191939,0.07314814406543582,0.5152098572573748,0.3689135691265032,True,
2018-02-21,9.281270980834961,17.70613670349121,0.5241838542342737,0.4427307407351728,0.0731616380631184,0.5158923787982912,0.36956910267205445,True,
2018-02-22,9.189120292663574,17.392406463623047,0.5283409349869443,0.4434116051481813,0.07320512435653562,0.5166167295047169,0.37020648079164564,True,
2018-02-23,9.412917137145996,17.176715850830078,0.5480044741318294,0.4441590904562002,0.07339400868999714,0.5175530991461974,0.3707650817662031,True,
2018-02-26,9.886826515197754,17.745351791381836,0.5571502121473504,0.44492412264585973,0.07366687652979606,0.5185909991756558,0.3712572461160637,True,
2018-02-27,9.728875160217283,17.372797012329098,0.5600062645820884,0.44568389228543437,0.07397175522854539,0.5196556475139797,0.371712137056889,True,
2018-02-28,9.755208015441896,17.725744247436523,0.5503412369752928,0.44645903866559106,0.07414971596694393,0.520608754632535,0.37230932269864714,True,
2018-03-01,9.715713500976562,17.64731216430664,0.550549194716888,0.4471896903470692,0.07436699609159737,0.5215566864386666,0.3728226942554718,True,
2018-03-02,9.478745460510254,17.392406463623047,0.544993326848441,0.44789977536334613,0.07454016298378573,0.5224399383471319,0.3733596123795604,True,
2018-03-05,9.21544361114502,16.902202606201172,0.5452214617143453,0.44861061710125794,0.07471192035895995,0.5233225374602178,0.373898696742298,True,
2018-03-06,9.360260009765623,17.157108306884766,0.5455616320851433,0.4493853351219139,0.07482539836709315,0.524210733489007,0.3745599367548208,True,
2018-03-07,9.465583801269533,17.392406463623047,0.5442365793984404,0.4501562297034957,0.07492613646459598,0.5250823661680917,0.3752300932388998,True,
2018-03-08,10.044803619384766,18.29437828063965,0.5490650442062225,0.45101668478082885,0.07498078479105286,0.5259974695718816,0.376035899989776,True,
2018-03-09,10.110661506652832,18.68654060363769,0.5410665206102727,0.45181300049606016,0.07501580136969054,0.5268288018657507,0.3767971991263696,True,
2018-03-12,10.268640518188477,19.117919921875,0.5371212224002962,0.4525946790778519,0.07502319684096907,0.5276178759188209,0.3775714822368828,True,
2018-03-13,10.018540382385254,19.00027275085449,0.5272840297481886,0.45330517956222693,0.07500633642388736,0.5283115159861143,0.37829884313833956,,
2018-03-14,10.018540382385254,18.823801040649414,0.5322272776231818,0.45399847516265535,0.07505206784546381,0.5290505430081192,0.37894640731719154,True,
2018-03-15,10.20278263092041,19.45125961303711,0.5245306902429109,0.4546978419580234,0.07501963198001357,0.5297174739380369,0.37967820997800983,,
2018-03-16,10.058034896850586,19.65714454650879,0.5116732429297288,0.45534292594251874,0.07492874468295764,0.5302716706254764,0.3804141812595611,,
2018-03-19,10.21601390838623,19.8042049407959,0.5158507467947696,0.4560195638561625,0.0748419161676197,0.5308614800237822,0.3811776476885428,,
2018-03-20,10.926918983459473,22.059139251708984,0.4953465708147671,0.4565203226519605,0.07476619461477851,0.531286517266739,0.381754128037182,,
2018-03-21,10.663589477539062,21.225793838500977,0.5023882526455441,0.45702261010668344,0.07473531331855654,0.53175792342524,0.3822872967881269,,
2018-03-22,10.610960960388184,21.078733444213867,0.5033965151877237,0.4575026807494963,0.07472662020374093,0.5322293009532373,0.38277606054575536,,
2018-03-23,10.123793601989746,20.588529586791992,0.4917200890579572,0.45793103136201985,0.074686702866404,0.5326177342284238,0.38324432849561585,,
2018-03-26,10.281771659851074,21.372854232788086,0.4810668499333053,0.4582974341240962,0.07463552262150275,0.5329329567455989,0.38366191150259343,,
2018-03-27,10.479247093200684,21.51991844177246,0.48695570671212884,0.4587064845817411,0.07458573928578369,0.5332922238675248,0.3841207452959574,,
2018-03-28,10.21601390838623,20.39244842529297,0.5009704423582212,0.4591558357965107,0.07458382041799047,0.5337396562145011,0.38457201537852026,,
2018-03-29,10.137022972106934,20.441469192504886,0.4959048137216965,0.4595814331417223,0.07456942501517556,0.5341508581568979,0.38501200812654673,,
2018-04-03,10.400257110595703,20.93167304992676,0.49686697693914594,0.46007157720771846,0.07451932579186579,0.5345909029995842,0.3855522514158527,,
2018-04-04,10.545105934143066,21.617956161499023,0.48779384393995606,0.46051728155743543,0.0744527482198334,0.5349700297772688,0.38606453333760204,,
2018-04-06,10.637226104736328,21.617956161499023,0.4920551242342202,0.46099925305611045,0.07438356046574456,0.535382813521855,0.3866156925903659,,
2018-04-09,11.111163139343262,21.912078857421875,0.5070793698599612,0.4615340578836955,0.07436547581698749,0.535899533700683,0.387168582066708,,
2018-04-10,11.032172203063963,21.51991844177246,0.5126493500853302,0.46206156564030243,0.07438636115878987,0.5364479267990923,0.38767520448151255,,
2018-04-11,10.992677688598633,21.078733444213867,0.5215056074261489,0.46262282546653927,0.0744424970221332,0.5370653224886724,0.3881803284444061,,
2018-04-12,11.190152168273926,21.27481460571289,0.5259811836512575,0.46320569932930095,0.07451497497839452,0.5377206743076954,0.38869072435090646,,
2018-04-13,10.80843448638916,20.343429565429688,0.531298542933799,0.4638325022196965,0.07459777457020622,0.5384302767899027,0.3892347276494903,,
2018-04-16,10.755709648132324,20.441469192504886,0.5261710666117891,0.46443632426072595,0.07465752552919143,0.5390938497899174,0.38977879873153454,,
2018-04-17,10.15015697479248,19.755184173583984,0.5137971322163097,0.46498144292694493,0.07467303331244893,0.5396544762393939,0.390308409614496,,
2018-04-18,10.321268081665039,19.902244567871094,0.5185981936091285,0.4655626511984855,0.0746958030077505,0.540258454206236,0.39086684819073503,,
2018-04-19,10.59773063659668,20.196369171142575,0.5247344483947721,0.4661563690558134,0.07474949844591548,0.5409058675017289,0.39140687060989793,,
2018-04-20,10.347630500793457,19.85322570800781,0.521206510870409,0.46674945606421353,0.07478053546957826,0.5415299915337918,0.3919689205946353,,
2018-04-23,10.255508422851562,19.23556900024414,0.5331533692983763,0.46741073604481426,0.0748493833400765,0.5422601193848907,0.39256135270473774,,
2018-04-24,10.479247093200684,19.951265335083008,0.5252422298636672,0.4680422542206933,0.0748813584025831,0.5429236126232764,0.3931608958181102,,
2018-04-25,11.045404434204102,20.39244842529297,0.5416418962474545,0.4687060626087526,0.07500564004753518,0.5437117026562878,0.3937004225612174,,
2018-04-26,10.926918983459473,19.951265335083008,0.5476805004565396,0.4693800899748784,0.07516521450998172,0.5445453044848602,0.3942148754648967,True,
2018-04-27,11.058534622192383,19.951265335083008,0.5542773571732649,0.4701854053705133,0.07529835479615919,0.5454837601666724,0.3948870505743541,True,
2018-04-30,10.992677688598633,19.8042049407959,0.5550678616718483,0.470982489707675,0.07544134355410784,0.5464238332617828,0.39554114615356717,True,
2018-05-02,10.650458335876463,19.706165313720703,0.5404632594074976,0.47173757899658664,0.07549274996233071,0.5472303289589173,0.39624482903425595,,
2018-05-03,10.88742446899414,19.529691696166992,0.5574806114901941,0.4724872867918857,0.07567723733758569,0.5481645241294714,0.3968100494543,True,
2018-05-04,11.269142150878904,19.902244567871094,0.5662246844796132,0.47329395544428404,0.07589901639049018,0.5491929718347742,0.39739493905379386,True,
2018-05-07,11.57196807861328,21.078733444213867,0.54898782743466,0.4739970168074122,0.07603736615960277,0.5500343829670149,0.3979596506478094,,
2018-05-08,11.75631046295166,20.98069190979004,0.5603395023147885,0.4747440219090581,0.07623378008256176,0.5509778019916198,0.39851024182649636,True,
2018-05-09,12.28287410736084,20.98069190979004,0.5854370370707073,0.47559744575159185,0.07658279652187423,0.5521802422734661,0.39901464922971763,True,
2018-05-10,12.098531723022461,20.83363151550293,0.5807212109909682,0.47643378228452254,0.07689170950184503,0.5533254917863676,0.3995420727826775,True,
2018-05-11,12.13802719116211,20.68657112121582,0.5867587779549188,0.47730726048070254,0.07723034286362565,0.5545376033443282,0.40007691761707687,True,
2018-05-14,12.61196517944336,21.568937301635746,0.5847281673208301,0.47818188503173226,0.07754388907009509,0.5557257741018273,0.4006379959616372,True,
2018-05-15,12.74367904663086,22.500322341918945,0.5663776213058471,0.47903501720746533,0.07770818002113111,0.5567431972285964,0.4013268371863342,True,
2018-05-16,12.559337615966795,22.353260040283203,0.561857089003277,0.47984424802408643,0.07785821730497403,0.5577024653290604,0.40198603071911243,True,
2018-05-17,12.572468757629395,22.892486572265625,0.5491962927636271,0.48061100498057313,0.07793682745775216,0.5585478324383253,0.402674177522821,,
2018-05-18,12.53297519683838,23.28464698791504,0.5382505993474206,0.4813318631262233,0.07796786351823386,0.5592997266444572,0.4033639996079894,,
2018-05-21,12.0327730178833,23.33366584777832,0.5156829233940959,0.48191647043706426,0.07795176293475713,0.5598682333718213,0.4039647075023071,,
2018-05-23,12.164389610290527,22.843461990356445,0.5325107733418789,0.48265702831861207,0.07793027162586791,0.56058729994448,0.40472675669274416,,
2018-05-24,12.401359558105467,23.0395450592041,0.5382640814407588,0.4834167776470044,0.07793167625934543,0.5613484539063498,0.405485101387659,,
2018-05-25,12.809438705444336,24.608196258544922,0.5205354578150522,0.48408408812969045,0.0778882616297992,0.5619723497594896,0.4061958264998913,,
2018-05-28,13.42822265625,25.53957939147949,0.5257808850497327,0.48473263711533104,0.07788333437120448,0.5626159714865355,0.40684930274412656,,
2018-05-29,12.638325691223145,24.26505470275879,0.5208447228345314,0.4853915093416243,0.07784598569104788,0.5632374950326722,0.4075455236505764,,
2018-05-30,12.704183578491213,24.01845741271973,0.5289342009018161,0.4861116293687402,0.07781204766038873,0.5639236770291289,0.40829958170835146,,
2018-05-31,13.059637069702148,24.21573257446289,0.5393038195125432,0.4868623297715137,0.07781967841559553,0.5646820081871092,0.4090426513559182,,
2018-06-01,12.796306610107422,24.41301155090332,0.5241592821690996,0.4875222580329756,0.07779638699134765,0.5653186450243233,0.40972587104162794,,
2018-06-04,13.007161140441895,25.202117919921875,0.5161138116158063,0.48822649635743637,0.07769908082558756,0.5659255771830239,0.4105274155318488,,
2018-06-05,12.967625617980955,25.6459903717041,0.5056394949086653,0.4888473530414738,0.07761306988553099,0.5664604229270048,0.4112342831559428,,
2018-06-06,12.967625617980955,25.30075645446777,0.512539047649346,0.48949332659264644,0.07754091270370775,0.5670342392963542,0.41195241388893866,,
2018-06-07,12.31529140472412,24.56096839904785,0.5014171756029596,0.4900944731540275,0.07745154569115509,0.5675460188451826,0.4126429274628724,,
2018-06-08,12.41413116455078,24.06777572631836,0.5157988551046618,0.4908128632899956,0.07734055346460021,0.5681534167545959,0.4134723098253954,,
2018-06-11,12.532737731933596,24.06777572631836,0.5207268787297581,0.4915552999156528,0.07723717676976244,0.5687924766854152,0.41431812314589034,,
2018-06-12,13.165304183959961,25.30075645446777,0.5203521960955103,0.49226969099691065,0.07715409126174402,0.5694237822586546,0.41511559973516665,,
2018-06-13,12.789716720581055,24.61028861999512,0.5196898304634182,0.4929721977075748,0.07707635410544152,0.5700485518130163,0.4158958436021333,,
2018-06-14,12.73041534423828,24.26505279541016,0.5246399194584194,0.4936756182598115,0.07702320313059133,0.5706988213904028,0.41665241512922013,,
2018-06-15,12.55250358581543,23.72254180908203,0.5291382216474704,0.4944245119117911,0.07696190955775149,0.5713864214695425,0.4174626023540396,,
2018-06-19,12.09784698486328,23.08139228820801,0.5241385282916367,0.49518805958457696,0.0768605727963451,0.5720486323809221,0.41832748678823184,,
2018-06-20,12.41413116455078,23.47594451904297,0.5288022023770254,0.4959340896701252,0.07679899375518712,0.5727330834253124,0.4191350959149381,,
2018-06-21,12.31529140472412,23.426626205444336,0.52569632932727,0.49664343692225105,0.07674658392149798,0.573390020843749,0.4198968530007531,,
2018-06-22,12.078078269958494,23.32798767089844,0.5177505424107302,0.49731957481044403,0.07667917107016893,0.573998745880613,0.4206404037402751,,
2018-06-25,11.623420715332033,22.834794998168945,0.5090223370196264,0.49803022637583055,0.07654605354843523,0.5745762799242657,0.4214841728273953,,
2018-06-26,12.038543701171875,23.22934913635254,0.5182471377268283,0.4987667711855555,0.07643793069388331,0.5752047018794388,0.4223288404916722,,
2018-06-27,11.24783420562744,21.996368408203125,0.5113496008474188,0.4995277606427017,0.07627351041414043,0.5758012710568421,0.4232542502285613,,
2018-06-28,11.168764114379883,22.242963790893555,0.5021257157714055,0.5002228003886975,0.07612724428412812,0.5763500446728256,0.4240955561045694,,
2018-06-29,11.900167465209961,23.377307891845703,0.5090478133866255,0.500872644574681,0.07604611724520469,0.5769187618198857,0.42482652732947623,,
2018-07-03,11.60365390777588,22.834794998168945,0.5081566928324228,0.5015182453294539,0.07596559347265085,0.5774838388021047,0.425552651856803,,
2018-07-04,11.010621070861816,20.96066665649414,0.5252991830510529,0.5022945852139903,0.0758654363030749,0.5781600215170652,0.4264291489109154,,
2018-07-05,10.812944412231444,21.108623504638672,0.5122524644894667,0.5030085782425872,0.0757531327842555,0.5787617110268426,0.42725544545833166,,
2018-07-06,11.10945987701416,21.60181427001953,0.5142836494262718,0.503691852623257,0.07567291122901455,0.5793647638522715,0.42801894139424246,,
2018-07-09,11.702491760253904,22.58819961547852,0.5180798806220392,0.5043994628866179,0.07559191397104653,0.5799913768576643,0.4288075489155713,,
2018-07-10,11.80133056640625,21.89773178100586,0.5389293596445798,0.5052014900454344,0.07554530447892682,0.5807467945243612,0.42965618556650753,,
2018-07-11,11.643187522888185,21.996368408203125,0.5293231731173442,0.5059410398510173,0.0754920106371262,0.5814330504881435,0.43044902921389117,,
2018-07-12,11.979241371154785,22.39092445373535,0.5350043226623613,0.5066819993177476,0.07546281599332365,0.5821448153110712,0.43121918332442394,,
2018-07-13,12.058310508728027,22.538881301879886,0.535000399852245,0.5073501616426543,0.0754655698336614,0.5828157314763157,0.43188459180899297,,
2018-07-16,12.137381553649902,22.341604232788086,0.5432636540860986,0.50806354621704,0.07548167443768078,0.5835452206547207,0.4325818717793592,,
2018-07-17,11.781563758850098,21.503175735473636,0.5478987803375543,0.5087371300024495,0.07552406148637009,0.5842611914888196,0.4332130685160794,,
2018-07-18,12.078078269958494,21.996368408203125,0.5490941979974387,0.5094376477316883,0.07556349429691585,0.5850011420286042,0.4338741534347725,,
2018-07-19,11.68272304534912,21.94705009460449,0.5323140465342641,0.5100082062705872,0.07557753886726483,0.585585745137852,0.43443066740332237,,
2018-07-20,11.524581909179688,21.996368408203125,0.5239311187787624,0.5105625113699517,0.07557872870393845,0.5861412400738901,0.43498378266601323,,
2018-07-23,11.24783420562744,21.157943725585934,0.5316128236046695,0.5110938076530629,0.07559196670585346,0.5866857743589163,0.43550184094720945,,
2018-07-24,10.931550979614258,20.714069366455078,0.5277355591614029,0.5115848393761524,0.07559918562206966,0.5871840249982221,0.4359856537540827,,
2018-07-25,11.129228591918944,21.3552188873291,0.5211479522002164,0.5120687526626887,0.0756017661612647,0.5876705188239534,0.436466986501424,,
2018-07-26,11.386208534240724,21.256580352783203,0.535655704975607,0.5125889662834306,0.07561663873191612,0.5882056050153468,0.4369723275515145,,
2018-07-27,11.267601013183596,21.05930519104004,0.5350414418220002,0.5130916644473139,0.07562807162438456,0.5887197360716985,0.43746359282292935,,
2018-07-30,10.931550979614258,20.51679229736328,0.5328099451988471,0.5134946916649151,0.07561227144494938,0.5891069631098645,0.43788242021996576,,
2018-07-31,10.595499992370604,20.220876693725586,0.5239881609909783,0.5139115060157069,0.07560538609958395,0.5895168921152909,0.43830611991612295,,
2018-08-01,10.714105606079102,20.664751052856445,0.518472522542105,0.5143729568580313,0.07560560524888085,0.5899785621069121,0.4387673516091505,,
2018-08-02,10.654802322387695,20.220876693725586,0.5269208889293022,0.5149037321665272,0.07560990301371093,0.5905136351802381,0.43929382915281623,,
2018-08-03,10.20014476776123,19.392314910888672,0.5259890226944443,0.515416174885626,0.07561342133650521,0.5910295962221311,0.43980275354912074,,
2018-08-06,9.528042793273926,18.72157287597656,0.5089338837283415,0.5158227480363281,0.07561393066199472,0.5914366786983228,0.44020881737433337,,
2018-08-07,9.962931632995604,19.43177032470703,0.5127135338939229,0.5162385987927588,0.07561252081910169,0.5918511196118605,0.4406260779736571,,
2018-08-08,10.140840530395508,19.668502807617188,0.5155878222956645,0.5166801361813447,0.07561171641140532,0.59229185259275,0.4410684197699394,,
2018-08-09,10.338519096374512,19.924962997436523,0.5188726873773682,0.5171423362507137,0.07561125697729598,0.5927535932280097,0.4415310792734177,,
2018-08-10,10.239680290222168,19.58959197998047,0.5227102382064202,0.5176158794319075,0.0756110423241746,0.593226921756082,0.44200483710773286,,
2018-08-13,10.654802322387695,19.727685928344727,0.540093874217598,0.5181545704369639,0.07562339049900917,0.593777960935973,0.4425311799379547,,
2018-08-14,10.081538200378418,18.997760772705078,0.5306698153007069,0.5186107881242761,0.07561858804804861,0.5942293761723247,0.44299220007622747,,
2018-08-15,9.40943717956543,18.386201858520508,0.511766228390717,0.5190003287580555,0.07561544462452215,0.5946157733825777,0.44338488413353333,,
2018-08-16,9.251294136047363,18.248109817504886,0.5069727346321021,0.5192932123700997,0.07559588727938707,0.5948890996494868,0.4436973250907127,,
2018-08-17,8.895475387573242,17.38009262084961,0.5118197918520871,0.5196139733830816,0.07557532878402794,0.5951893021671095,0.4440386445990536,,
2018-08-20,8.757100105285645,17.577367782592773,0.49820315610383825,0.5198939142454897,0.07557534629685934,0.595469260542349,0.44431856794863034,,
2018-08-21,9.389667510986328,19.313404083251953,0.4861736165469031,0.5200654957550238,0.07557847949236099,0.5956439752473848,0.44448701626266285,,
2018-08-22,9.211758613586426,18.95830535888672,0.48589567681313917,0.5202198954107662,0.07557541977346494,0.5957953151842311,0.44464447563730125,,
2018-08-23,9.66641616821289,19.609317779541016,0.4929501513968094,0.5204206572973545,0.07556490354854678,0.5959855608459013,0.44485575374880776,,
2018-08-24,9.982701301574707,19.648775100708008,0.5080571817026395,0.5206877389596305,0.07553317017115863,0.5962209091307891,0.44515456878847187,,
2018-08-27,10.338519096374512,20.36883544921875,0.5075655465011402,0.5210136424192185,0.0755245719334915,0.59653821435271,0.44548907048572706,,
2018-08-28,10.101306915283203,20.171558380126953,0.5007697831236988,0.5212714505142801,0.07551170516513199,0.5967831556794121,0.44575974534914814,,
2018-08-29,10.20014476776123,19.97428131103516,0.5106639187126083,0.5216082770726894,0.0755001893679629,0.5971084664406523,0.44610808770472654,,
2018-08-30,9.873978614807127,19.629047393798828,0.5030289252817484,0.5219264950671739,0.07550095107277045,0.5974274461399444,0.4464255439944035,,
2018-08-31,9.824557304382324,19.530406951904297,0.503039047193248,0.5222229293108732,0.07549618570854558,0.5977191150194188,0.44672674360232767,,
2018-09-03,9.537924766540527,19.333131790161133,0.49334607915901624,0.5224854372151307,0.07551012405869914,0.5979955612738299,0.4469753131564316,,
2018-09-04,9.864092826843262,19.668502807617188,0.5015172188410351,0.5228183044622501,0.07551862228307556,0.5983369267453257,0.44729968217917454,,
2018-09-05,9.537924766540527,19.15558242797852,0.497918807867178,0.5231374222239733,0.07553346358514132,0.5986708858091147,0.44760395863883196,,
2018-09-06,9.330364227294922,18.662389755249023,0.4999554906772132,0.5233812630976798,0.07552121575820288,0.5989024788558828,0.447860047339477,,
2018-09-07,9.13268756866455,18.95830535888672,0.48172489026734644,0.5234431060209541,0.07549583299812002,0.5989389390190741,0.4479472730228341,,
2018-09-10,8.865823745727539,18.622934341430664,0.4760701822378032,0.5235387410705403,0.07552221609236005,0.5990609571629004,0.4480165249781803,,
2018-09-11,8.677611351013184,18.248109817504886,0.4755348054015436,0.5235959782295039,0.0755310351624632,0.5991270133919671,0.4480649430670407,,
2018-09-12,7.429461002349853,16.472618103027347,0.45101883355047623,0.5235608385115919,0.07564675908035733,0.5992075975919492,0.4479140794312345,,
2018-09-13,7.310589790344237,16.13724708557129,0.45302583219914977,0.5235781957069956,0.07577338287016105,0.5993515785771566,0.44780481283683454,,
2018-09-14,7.360119342803955,16.610712051391598,0.44309475235213325,0.523520256809826,0.07593418577781967,0.5994544425876456,0.44758607103200626,,True
2018-09-17,7.062941074371338,15.920241355895994,0.4436453516300246,0.5234971072402911,0.0761058543613748,0.5996029616016659,0.4473912528789163,,True
2018-09-18,7.2511539459228525,15.742692947387695,0.4606044194698018,0.5233649924664627,0.07607779467229148,0.5994427871387542,0.44728719779417125,,
2018-09-19,7.4393672943115225,16.235883712768555,0.45820525854474453,0.5231561826048425,0.07599428286556183,0.5991504654704044,0.4471618997392807,,
2018-09-20,7.320495128631593,16.354251861572266,0.44762030024941873,0.5229657384197925,0.07602570739892914,0.5989914458187217,0.44694003102086344,,
2018-09-21,7.647391319274902,16.946081161499027,0.451277864563138,0.5228540369182185,0.07609021397751796,0.5989442508957364,0.44676382294070055,,
2018-09-24,7.469084739685059,16.433162689208984,0.45451291884244016,0.5228200022458243,0.07618043182488513,0.5990004340707094,0.44663957042093916,,
2018-09-26,7.508708477020264,16.886899948120114,0.44464694527050536,0.5226937895593009,0.07628757848513702,0.5989813680444379,0.4464062110741639,,True
2018-09-27,7.379930973052978,16.630439758300778,0.44376042247285863,0.5226024331803101,0.07642282896435675,0.5990252621446668,0.4461796042159533,,True
2018-09-28,7.231342315673827,16.393707275390625,0.4411047601495935,0.5224620581030428,0.07654798239676128,0.5990100404998041,0.4459140757062815,,True
2018-10-02,7.0431294441223145,16.156972885131836,0.4359188750390011,0.5223334007824284,0.07672173991332847,0.5990551406957568,0.4456116608690999,,True
2018-10-03,6.884634017944336,15.959697723388672,0.4313762163461918,0.5222283374958785,0.0769419068438394,0.5991702443397179,0.4452864306520391,,True
2018-10-04,6.686514854431152,15.1705904006958,0.4407550845301627,0.5221371659932961,0.07709614849264469,0.5992333144859407,0.4450410175006514,,True
2018-10-05,6.706326961517334,15.44677734375,0.4341570291508614,0.5220321793489054,0.07729249810948481,0.5993246774583902,0.44473968123942065,,True
2018-10-08,6.448772430419923,14.973313331604006,0.43068439747457704,0.5219119187726107,0.07750723252060754,0.5994191512932182,0.44440468625200313,,True
2018-10-09,6.488396167755128,15.091679573059082,0.42993201229489997,0.5217895362070949,0.07772536638988936,0.5995149025969843,0.44406416981720553,,True
2018-10-10,6.488396167755128,15.427050590515135,0.4205856543793488,0.5216891495776149,0.07802221359345977,0.5997113631710747,0.44366693598415513,,True
2018-10-11,6.131782054901122,14.874674797058105,0.4122296546687433,0.5215325072722344,0.07836506363318245,0.5998975709054168,0.44316744363905197,,True
2018-10-12,6.448772430419923,15.387595176696776,0.41908903609487,0.5213308782500718,0.0786270943668018,0.5999579726168737,0.44270378388327003,,True
2018-10-15,6.666703224182129,15.44677734375,0.43159185089694957,0.5212088174164592,0.07882524127523703,0.6000340586916962,0.44238357614122215,,True
2018-10-16,6.607267379760742,15.861059188842773,0.41657163630084215,0.5209808757643843,0.07909095503129095,0.6000718307956753,0.4418899207330934,,True
2018-10-18,6.518113613128662,16.03860855102539,0.40640144014936647,0.5205812240433074,0.07932900163397634,0.5999102256772838,0.4412522224093311,,True
2018-10-19,6.617172718048097,16.11751937866211,0.4105577640445423,0.5202194511833466,0.0795523597358042,0.5997718109191508,0.44066709144754235,,True
2018-10-22,7.320495128631593,17.064447402954098,0.4289910452866063,0.5198760101743115,0.07959813665730002,0.5994741468316115,0.4402778735170115,,True
2018-10-23,6.845010280609131,16.610712051391598,0.41208409726395057,0.5193338307954353,0.07960251410556446,0.5989363449009997,0.4397313166898708,,True
2018-10-24,6.924257278442383,16.354251861572266,0.42339187001958634,0.5188428790995536,0.07953385062925397,0.5983767297288076,0.4393090284702996,,True
2018-10-25,7.0332231521606445,16.51207160949707,0.42594432234144514,0.5182713766115291,0.07931478764934842,0.5975861642608775,0.4389565889621807,,True
2018-10-26,6.775668621063232,15.979426383972168,0.42402452117176287,0.5177528613244738,0.07919916866143978,0.5969520299859137,0.43855369266303407,,True
2018-10-29,6.557737827301025,15.703237533569336,0.4176041923381933,0.5171523716779376,0.07904347609109477,0.5961958477690323,0.43810889558684285,,True
2018-10-30,6.666703224182129,15.722965240478516,0.42401055540203136,0.5166543073825062,0.07895383689937129,0.5956081442818775,0.4377004704831349,,True
2018-10-31,6.963881492614746,16.314796447753903,0.42684452208249773,0.5161665560075525,0.07884291954464263,0.5950094755521951,0.43732363646290984,,True
2018-11-01,7.310589790344237,16.748804092407227,0.43648428568451425,0.5156414188531726,0.07855886942459242,0.594200288277765,0.43708254942858016,,True
2018-11-02,8.112971305847168,18.011377334594727,0.45043591920449416,0.5151881843963118,0.07822190017850787,0.5934100845748196,0.43696628421780387,,
2018-11-05,7.855416774749756,17.952194213867188,0.4375741862619686,0.5146554692264447,0.07791035439191009,0.5925658236183547,0.4367451148345346,,
2018-11-06,8.132783889770508,18.386201858520508,0.44233082788665373,0.5140627047935509,0.07743187273820758,0.5914945775317585,0.4366308320553433,,
2018-11-07,8.112971305847168,18.5242977142334,0.4379637722845199,0.5133401035116976,0.07675200567111655,0.5900921091828141,0.436588097840581,,
2018-11-08,8.02381706237793,18.12974166870117,0.4425775727532892,0.5127573309275807,0.07628450623306138,0.5890418371606421,0.4364728246945193,,
2018-11-09,7.815793037414551,18.050830841064453,0.4329879940835818,0.5122354340273411,0.07604163742314364,0.5882770714504847,0.43619379660419744,,True
2018-11-12,7.934664726257324,18.34674835205078,0.4324834337944356,0.5117262586637223,0.07582349049057342,0.5875497491542958,0.43590276817314894,,True
2018-11-13,8.004005432128906,18.484840393066406,0.43300376210611907,0.5112612238951263,0.07566244859944914,0.5869236724945754,0.43559877529567714,,True
2018-11-14,7.647391319274902,17.459001541137695,0.4380199693124358,0.5108087554801864,0.07546119170308362,0.5862699471832701,0.4353475637771028,,
2018-11-15,7.360119342803955,17.20254135131836,0.42785069906196704,0.5101996112277073,0.07513816416014278,0.58533777538785,0.4350614470675645,,True
2018-11-16,7.290778160095215,17.1630859375,0.42479413006756755,0.5096263128454652,0.0749143712472443,0.5845406840927095,0.4347119415982209,,True
2018-11-19,7.4393672943115225,16.867172241210938,0.44105598661850337,0.5092345814665233,0.07476193666233884,0.5839965181288622,0.4344726448041845,,
2018-11-20,7.122376441955566,15.979426383972168,0.44572165926428486,0.5086933596502103,0.07432600978441115,0.5830193694346215,0.43436734986579917,,
2018-11-21,7.370025157928468,16.334522247314453,0.4511931874310048,0.508163789306286,0.07384247953574334,0.5820062688420293,0.4343213097705427,,
2018-11-22,7.003505229949951,15.782148361206055,0.44376120852882106,0.5076585221212372,0.07349072508732239,0.5811492472085595,0.4341677970339148,,
2018-11-23,7.003505229949951,15.683509826660154,0.446552162580649,0.5071206685708415,0.07304907773867082,0.5801697463095123,0.4340715908321707,,
2018-11-26,7.122376441955566,15.880786895751953,0.44849014653428626,0.5066751492153497,0.07273910257505119,0.579414251790401,0.43393604664029856,,
2018-11-27,7.16200065612793,15.939970016479492,0.4493107984973319,0.5061426399294735,0.07227352462262485,0.5784161645520983,0.4338691153068487,,
2018-11-28,7.3502140045166025,16.09779167175293,0.456597659753179,0.5055935372336573,0.07168534937721256,0.5772788866108699,0.43390818785644475,,
2018-11-29,7.0332231521606445,15.624326705932615,0.4501456788848446,0.505018105896395,0.07112721853571444,0.5761453244321094,0.4338908873606805,,
2018-11-30,7.07284688949585,15.624326705932615,0.4526817073538448,0.5044489204910244,0.0705475017715418,0.5749964222625662,0.4339014187194826,,
2018-12-03,7.24124813079834,15.959697723388672,0.4537208822060841,0.5038432098540946,0.06987751212388531,0.5737207219779799,0.43396569773020927,,
2018-12-04,7.16200065612793,16.295068740844727,0.4395195117020817,0.5031004498596375,0.06910450755136585,0.5722049574110034,0.43399594230827165,,
2018-12-05,6.903731346130371,15.939970016479492,0.43310817642649063,0.5023163014708685,0.06833103025110543,0.5706473317219739,0.43398527121976305,,True
2018-12-06,5.8011207580566415,13.631830215454102,0.42555699905065136,0.5015414859127123,0.06769802926646605,0.5692395151791784,0.43384345664624624,,True
2018-12-07,5.344183921813965,13.039999961853027,0.40983005655274085,0.5008373618416568,0.06745380338032134,0.5682911652219782,0.43338355846133547,,True
2018-12-10,5.254782676696777,12.586263656616213,0.4175013983545863,0.5001568000377317,0.06713833251131464,0.5672951325490463,0.43301846752641704,,True
2018-12-11,5.383916854858398,12.86245059967041,0.4185762901974805,0.49940749463117196,0.06667007214291354,0.5660775667740855,0.4327374224882584,,True
2018-12-12,5.354116439819336,12.605990409851074,0.42472794804248853,0.49868959415854036,0.06617214844147427,0.5648617426000146,0.4325174457170661,,True
2018-12-13,5.433583736419678,12.941361427307127,0.4198618334663351,0.49801590899904347,0.06583523458337824,0.5638511435824217,0.4321806744156652,,True
2018-12-14,5.175315380096436,11.382874488830565,0.4546580378422612,0.4974969694022701,0.06532624355767551,0.5628232129599456,0.4321707258445946,,
2018-12-17,5.2150492668151855,11.422329902648926,0.4565661569279115,0.4969449339606886,0.0647277580581214,0.56167269201881,0.4322171759025672,,
2018-12-18,5.294516563415527,11.540696144104006,0.45876925423778947,0.4964768564000811,0.06426580568411731,0.5607426620841984,0.4322110507159638,,
2018-12-19,5.16538143157959,11.225052833557127,0.46016544493561395,0.49603585170617676,0.06383738108454567,0.5598732327907224,0.4321984706216311,,
2018-12-20,5.056114673614502,10.712132453918457,0.4719988942785145,0.4956273713684588,0.06334122903673868,0.5589686004051975,0.43228614233172014,,
2018-12-21,5.046180248260498,10.88968276977539,0.46339093203580806,0.4952592318285465,0.06300378661786615,0.5582630184464126,0.4322554452106803,,
2018-12-24,5.115714550018311,10.968592643737793,0.46639662135132565,0.4949224489508885,0.06268776628388618,0.5576102152347747,0.4322346826670023,,
2018-12-27,4.9667134284973145,10.574039459228516,0.46970823663444955,0.4946339481433563,0.0624150938776815,0.5570490420210378,0.4322188542656748,,
2018-12-28,5.056114673614502,11.067232131958008,0.4568544883968181,0.49431333211555883,0.06221520957296246,0.5565285416885213,0.4320981225425964,,
2018-12-31,5.125648021697998,11.14614200592041,0.45985848906064963,0.49398722523019556,0.06198331430732266,0.5559705395375182,0.4320039109228729,,
2019-01-02,4.936912536621094,10.534584045410156,0.468638582723356,0.49360929241396473,0.06159179118391345,0.5552010835978782,0.4320175012300513,,
2019-01-03,4.599176406860352,9.923026084899902,0.46348526825491515,0.4931632688716198,0.06113728985288906,0.5543005587245089,0.43202597901873074,,
2019-01-04,4.986579895019531,10.929137229919434,0.4562647343624114,0.49266926158485946,0.06067819130507275,0.5533474528899323,0.4319910702797867,,
2019-01-07,4.976646900177002,11.12641429901123,0.4472821851168405,0.49217850419505726,0.06033285361632496,0.5525113578113823,0.4318456505787323,,
2019-01-08,5.016380786895752,11.16586971282959,0.4492601934206637,0.4916961756174562,0.05998129878371616,0.5516774744011723,0.43171487683374005,,
2019-01-09,5.046180248260498,11.20532512664795,0.4503376913410502,0.49124543449599245,0.0596727220326141,0.5509181565286065,0.43157271246337836,,
2019-01-10,5.632253170013428,12.053616523742676,0.46726666299025416,0.49087422116873486,0.059321510994885925,0.5501957321636208,0.43155271017384894,,
2019-01-11,5.413717269897461,11.895794868469238,0.45509504238736953,0.49044342788445977,0.05899953100177313,0.5494429588862328,0.43144389688268664,,
2019-01-14,5.324316501617432,11.520968437194824,0.46214140162281525,0.4900524984664806,0.058672874214273155,0.5487253726807537,0.43137962425220744,,
2019-01-15,5.423650741577148,11.75770092010498,0.4612849721583769,0.48963449812339566,0.05831427621639625,0.5479487743397919,0.4313202219069994,,
2019-01-16,5.811054229736327,12.388986587524414,0.4690500057194348,0.4892915623382012,0.05800492754094775,0.5472964898791489,0.43128663479725343,,
2019-01-17,5.979922771453857,12.448169708251953,0.4803857042123821,0.48902139320397303,0.057713986032715645,0.5467353792366887,0.4313074071712574,,
2019-01-18,6.416993618011475,12.921634674072266,0.49660850038481646,0.4888753192546237,0.0574902397683335,0.5463655590229571,0.4313850794862902,,
2019-01-21,6.1885247230529785,12.941361427307127,0.4781973486958476,0.4886180338787792,0.05724074703996451,0.5458587809187437,0.4313772868388147,,
2019-01-22,5.989856243133545,12.467897415161133,0.4804223233221183,0.48840799403629925,0.05704020302311213,0.5454481970594114,0.4313677910131871,,
2019-01-23,6.059390544891357,12.684901237487793,0.4776852757027379,0.48824614657331356,0.05691226443999294,0.5451584110133065,0.43133388213332063,,
2019-01-24,6.049456596374513,12.90190601348877,0.46888084520611817,0.48802248037527235,0.05677767246103876,0.5448001528363111,0.4312448079142336,,
2019-01-25,6.049456596374513,12.961090087890625,0.46673980007487487,0.4878862576574634,0.05673319151294828,0.5446194491704117,0.4311530661445151,,
2019-01-28,5.960055351257324,12.428442001342773,0.47954967731380954,0.4877775025368361,0.0566496000753487,0.5444271026121849,0.4311279024614874,,
2019-01-29,6.337525844573975,12.803267478942873,0.4949928488955731,0.4877374850783021,0.05656322235596776,0.5443007074342698,0.43117426272233433,,
2019-01-30,6.26799201965332,12.803267478942873,0.4895619051903811,0.487727208012266,0.056515285399059145,0.5442424934113251,0.43121192261320684,,
2019-01-31,6.556061267852782,13.276732444763185,0.4938008124460417,0.4877878459289933,0.0564949631574876,0.544282809086481,0.43129288277150574,,
2019-02-01,6.6553955078125,13.43455410003662,0.4953938521706767,0.4878280275740341,0.05646373485132232,0.5442917624253564,0.43136429272271176,,
2019-02-04,6.685196399688722,13.217549324035645,0.5057818386599041,0.48785093898499443,0.0564035316374415,0.5442544706224359,0.43144740734755294,,
2019-02-08,6.556061267852782,12.803267478942873,0.5120615716757717,0.4879278759276329,0.05637241419856404,0.544300290126197,0.4315554617290689,,
2019-02-11,6.665329456329347,13.020272254943848,0.5119193612713049,0.4879995539482623,0.05633938667455323,0.5443389406228155,0.43166016727370904,,
2019-02-12,7.003065586090088,13.73046875,0.5100383470950391,0.48810548015376265,0.05632827264723537,0.544433752800998,0.43177720750652726,,
2019-02-13,7.012998580932617,13.888290405273438,0.5049576568668059,0.48816692078534635,0.05629941489004911,0.5444663356753955,0.4318675058952972,,
2019-02-14,7.062666416168213,13.967201232910154,0.5056608191143432,0.4881601657817958,0.05622459053551154,0.5443847563173073,0.43193557524628423,,
2019-02-15,6.844130992889403,13.41482639312744,0.5101915442152666,0.48814846194431927,0.056136726605120674,0.54428518854944,0.43201173533919857,,
2019-02-18,6.9136643409729,13.868563652038574,0.49851336551039616,0.4880389750780537,0.055994143672123235,0.5440331187501769,0.4320448314059305,,
2019-02-19,6.496460914611816,12.763812065124512,0.5089749740489025,0.4879579931275663,0.05584516086917346,0.5438031539967398,0.43211283225839286,,
2019-02-20,6.367326259613037,12.684901237487793,0.5019610433225625,0.4878182907484652,0.055659319556205004,0.5434776103046702,0.4321589711922602,,
2019-02-21,6.476593971252441,13.039999961853027,0.49667131826679056,0.48767781575634617,0.055499518397773145,0.5431773341541193,0.43217829735857305,,
2019-02-22,6.53619384765625,13.276732444763185,0.4923044035759233,0.4875754694294872,0.05539815473969049,0.5429736241691777,0.4321773146897967,,
2019-02-25,6.61566162109375,13.020272254943848,0.5081047071486356,0.487525500446342,0.05529537138072872,0.5428208718270707,0.4322301290656133,,
2019-02-26,6.963331699371338,13.355643272399902,0.5213774849588418,0.48750951490617095,0.05519692228326111,0.542706437189432,0.43231259262290983,,
2019-02-27,6.854063987731934,13.375370979309082,0.5124391688525701,0.48746776565846694,0.055095806095842186,0.5425635717543091,0.43237195956262475,,
2019-02-28,6.764663219451903,13.217549324035645,0.5117940590658968,0.4873660546573599,0.05493457935780158,0.5423006340151615,0.4324314752995583,,
2019-03-01,6.794464111328125,13.079455375671387,0.5194760726785503,0.4873385967660022,0.05483745079693771,0.5421760475629399,0.4325011459690645,,
2019-03-04,6.973265647888184,13.651558876037598,0.5108036167304135,0.48719174781592106,0.05463029626086354,0.5418220440767846,0.43256145155505754,,
2019-03-05,7.022933006286621,13.76992416381836,0.5100197301550847,0.48701241081448554,0.05438561299019671,0.5413980238046823,0.4326267978242888,,
2019-03-06,6.943464756011963,13.76992416381836,0.5042485836092332,0.4867741785594188,0.05408858816092856,0.5408627667203474,0.43268559039849025,,
2019-03-07,6.754730224609375,13.43455410003662,0.5027878241668596,0.48652522599987125,0.05378816252590302,0.5403133885257743,0.43273706347396823,,
2019-03-08,6.516327381134032,13.039999961853027,0.49971835891079563,0.4863312026641726,0.05358664308816011,0.5399178457523327,0.43274455957601254,,
2019-03-11,6.903731346130371,13.197821617126465,0.5230962765227544,0.48616746773575625,0.05332563121503957,0.5394930989507958,0.43284183652071667,,
2019-03-12,7.012998580932617,13.4542818069458,0.5212465950662741,0.4859532863575975,0.05299462306875476,0.5389479094263523,0.43295866328884275,,
2019-03-13,6.744796752929688,13.138638496398926,0.5133558362822997,0.4857836102092529,0.05277566726265882,0.5385592774719118,0.4330079429465941,,
2019-03-14,6.6255950927734375,12.82299518585205,0.5166963721614457,0.4855757857799513,0.052488040641691235,0.5380638264216425,0.4330877451382601,,
2019-03-15,6.824263572692871,13.276732444763185,0.5140017395910244,0.48523561769671475,0.051975799319650975,0.5372114170163658,0.4332598183770638,,
2019-03-18,6.973265647888184,13.76992416381836,0.5064127852069824,0.4848817680501243,0.051496615563600245,0.5363783836137246,0.43338515248652404,,
2019-03-19,7.330868721008301,14.223661422729492,0.5153995517141269,0.4845419622108824,0.05098421105731056,0.535526173268193,0.43355775115357187,,
2019-03-20,7.082533359527588,14.282843589782715,0.49587698100916716,0.484118861323684,0.05045780869803393,0.5345766700217179,0.43366105262565,,
2019-03-21,7.301068305969237,14.795763969421387,0.4934566623973225,0.48377161866221485,0.05010099637299384,0.5338726150352087,0.43367062228922104,,
2019-03-22,7.251400947570801,14.835219383239744,0.48879634067044214,0.48342371033682036,0.04978170561658549,0.5332054159534059,0.43364200472023484,,
2019-03-25,6.953398704528809,14.144750595092773,0.4915886397418096,0.48314938817957365,0.04955963719778069,0.5327090253773543,0.433589750981793,,
2019-03-26,6.903731346130371,13.927745819091795,0.4956818882110064,0.482946680031305,0.04941156348280701,0.532358243514112,0.43353511654849797,,
2019-03-27,6.933531761169434,14.203932762145994,0.48814169126789675,0.48281553130689453,0.049357960802202956,0.5321734921090975,0.4334575705046916,,
2019-03-28,6.863997459411621,14.184206008911133,0.4839183423520048,0.48258413877837125,0.049238009227396566,0.5318221480057678,0.4333461295509747,,
2019-03-29,7.112332820892334,14.40121078491211,0.49387047569248815,0.48237274065576047,0.04909873906051047,0.531471479716271,0.43327400159525,,
2019-04-01,7.271268367767334,14.716853141784668,0.49407766033367984,0.48224675114394433,0.04904105982794306,0.5312878109718874,0.4332056913160013,,
2019-04-02,7.201733589172362,14.756308555603027,0.4880443887463871,0.4820670535424999,0.04896092393199726,0.5310279774744971,0.43310612961050265,,
2019-04-03,7.430202960968018,14.973313331604006,0.4962297119158771,0.481949839204792,0.0489096893504648,0.5308595285552569,0.4330401498543272,,
2019-04-04,7.400403022766112,15.150861740112305,0.4884476638825996,0.48175704617136716,0.04882252170230047,0.5305795678736677,0.4329345244690667,,
2019-04-08,7.92687463760376,15.703237533569336,0.5047923793203927,0.481592705979976,0.04871453417248578,0.5303072401524618,0.4328781718074902,,
2019-04-09,8.195075988769531,16.09779167175293,0.50908075814831,0.48152090348463894,0.048686044757952844,0.5302069482425917,0.4328348587266861,,
2019-04-10,8.105676651000978,15.939970016479492,0.5085126661230196,0.4814847075537209,0.0486837368253367,0.5301684443790576,0.4328009707283842,,
2019-04-11,7.986475467681885,15.663782119750975,0.5098689069232824,0.48150484761093343,0.04870928592415863,0.5302141335350921,0.4327955616867748,,
2019-04-12,7.9467411041259775,15.663782119750975,0.5073322038938266,0.48148005311685954,0.048715993308224945,0.5301960464250844,0.4327640598086346,,
2019-04-15,7.777872562408447,15.505961418151855,0.5016053086075256,0.48148094898830984,0.04872951912150767,0.5302104681098175,0.43275142986680215,,
2019-04-16,7.897073745727539,15.722965240478516,0.5022636395198949,0.4814164955807633,0.04872024956560262,0.530136745146366,0.4326962460151607,,
2019-04-17,7.916940212249756,15.427050590515135,0.5131855999174108,0.481380584729276,0.048728096359134804,0.5301086810884108,0.43265248837014114,,
2019-04-18,7.748073101043701,15.13113498687744,0.512061594041905,0.4813411056718778,0.04873567530777177,0.5300767809796496,0.43260543036410604,,
2019-04-23,7.519603729248048,14.795763969421387,0.5082267968581358,0.481286519797567,0.04873625894967146,0.5300227787472385,0.4325502608478955,,
2019-04-24,7.579204559326173,14.776036262512207,0.5129389522787733,0.4812308009062353,0.04873853640848844,0.5299693373147237,0.43249226449774686,,
2019-04-25,7.46000337600708,14.598487854003904,0.5110120617020644,0.4811444858588762,0.048723244966015856,0.529867730824892,0.4324212408928603,,
2019-04-26,7.46000337600708,14.53930377960205,0.5130922009121998,0.4810918842999265,0.04873232801201297,0.5298242123119394,0.4323595562879135,,
2019-04-29,7.5295372009277335,15.032496452331545,0.5008840164908138,0.48095894055761124,0.04869893185720272,0.529657872414814,0.43226000870040854,,
2019-04-30,7.4898033142089835,14.914130210876465,0.5021951135136848,0.48084703000611795,0.04867994221536501,0.5295269722214829,0.43216708779075297,,
2019-05-02,7.440135955810548,14.874674797058105,0.5001881424178799,0.48076339952996155,0.04867798068543076,0.5294413802153923,0.4320854188445308,,
2019-05-03,7.648737907409668,15.012768745422365,0.5094821639573907,0.4807655891820461,0.04871239374556239,0.5294779829276085,0.4320531954364837,,
2019-05-06,7.281201362609862,14.223661422729492,0.5119076689335744,0.48073540123541153,0.04874133180672729,0.5294767330421388,0.43199406942868424,,
2019-05-07,7.330868721008301,14.223661422729492,0.5153995517141269,0.4807546867157292,0.048793108914631206,0.5295477956303604,0.431961577801098,,
2019-05-08,7.350735664367676,13.927745819091795,0.5277764083180981,0.4808768328707135,0.04890014701393591,0.5297769798846494,0.43197668585677756,,
2019-05-09,6.983199119567871,13.335915565490724,0.5236385222502651,0.4809463124367308,0.048985562050291115,0.529931874487022,0.43196075038643966,,
2019-05-10,7.330868721008301,13.651558876037598,0.5369986525037869,0.4810836551018325,0.04913515513452104,0.5302188102363535,0.43194849996731144,True,
2019-05-14,7.38053560256958,13.53319263458252,0.5453654434585871,0.4811792087228208,0.049308841568199334,0.5304880502910201,0.43187036715462146,True,
2019-05-15,7.628870964050293,13.73046875,0.5556162067700925,0.481385702733681,0.049570090263042065,0.530955792996723,0.43181561247063893,True,
2019-05-16,8.075876235961914,14.065839767456055,0.5741481752583988,0.4816707719043101,0.04997383087537332,0.5316446027796834,0.4316969410289368,True,
2019-05-17,7.827539920806885,13.848834991455078,0.5652128807684246,0.4818952147621501,0.050294621118962844,0.5321898358811129,0.43160059364318726,True,
2019-05-20,7.767939567565918,13.671285629272461,0.5681937879297531,0.48203456918255566,0.0505913183603686,0.5326258875429243,0.43144325082218704,True,
2019-05-21,7.609004497528076,13.651558876037598,0.5573725730974257,0.48216813775388934,0.050831191050644306,0.5329993288045336,0.431336946703245,True,
2019-05-22,7.648737907409668,13.474008560180664,0.5676661012383319,0.48232367003282256,0.05113387066487346,0.533457540697696,0.4311897993679491,True,
2019-05-23,7.271268367767334,12.724356651306152,0.5714448727764119,0.48249721514198524,0.05146558828371797,0.5339628034257032,0.43103162685826724,True,
2019-05-24,7.311002254486084,12.803267478942873,0.5710262842286359,0.48262941814266397,0.051768871948468416,0.5343982900911324,0.43086054619419556,True,
2019-05-27,7.777872562408447,12.842723846435547,0.6056248390458983,0.48290430413651325,0.05238729746176798,0.5352916015982813,0.4305170066747453,True,
2019-05-28,8.026208877563478,12.980816841125488,0.6183130827433795,0.48323391787339876,0.05313969976912254,0.5363736176425213,0.4300942181042762,True,
2019-05-29,7.857339859008789,13.039999961853027,0.6025567394167565,0.4835684068871249,0.05374828847748305,0.5373166953646079,0.42982011840964185,True,
2019-05-30,7.79773998260498,12.600000381469727,0.6188682338512289,0.48402048838746997,0.05454005442865527,0.5385605428161252,0.4294804339588147,True,
2019-05-31,7.857339859008789,12.640000343322756,0.6216249719612967,0.48444911766535864,0.055337314878545894,0.5397864325439046,0.42911180278681277,True,
2019-06-03,7.758005619049072,12.5600004196167,0.6176755859762804,0.48487740350733427,0.05607989111168249,0.5409572946190168,0.4287975123956518,True,
2019-06-04,7.569270610809326,12.079999923706055,0.6265952531965853,0.4853795335120789,0.05691680758174226,0.5422963410938212,0.42846272593033663,True,
2019-06-05,6.933531761169434,11.5,0.6029158053190812,0.4856998197041907,0.057466650360268476,0.5431664700644592,0.4282331693439222,True,
2019-06-06,6.854063987731934,11.520000457763672,0.5949708086263812,0.48598519764135445,0.05793688727264817,0.5439220849140026,0.4280483103687063,True,
2019-06-10,7.092465877532959,11.720000267028807,0.6051591907796947,0.4863297178584061,0.05849911578708303,0.5448288336454892,0.42783060207132306,True,
2019-06-11,7.142133712768555,11.81999969482422,0.6042414464609484,0.48671187636064406,0.059054552500825815,0.5457664288614699,0.42765732385981825,True,
2019-06-12,6.953398704528809,11.5,0.6046433656112008,0.48712221370859204,0.05960811907909559,0.5467303327876877,0.42751409462949647,True,
2019-06-13,7.003065586090088,11.5600004196167,0.6058014992980677,0.48749783566272903,0.06015884510843283,0.5476566807711618,0.4273389905542962,True,
2019-06-14,7.0727972984313965,11.4399995803833,0.6182515347779777,0.48793718095836497,0.060822859154563064,0.548760040112928,0.42711432180380193,True,
2019-06-17,7.192337512969972,11.5600004196167,0.6221745027590969,0.4884764220013685,0.061516779029378396,0.5499932010307469,0.42695964297199007,True,
2019-06-18,7.37164831161499,11.81999969482422,0.6236589257140939,0.4890047333909883,0.06221411900996254,0.5512188524009509,0.4267906143810258,True,
2019-06-19,7.62069034576416,12.119999885559082,0.6287698364456401,0.4895436953631311,0.06295153132106654,0.5524952266841976,0.42659216404206457,True,
2019-06-20,7.750192165374756,12.399999618530273,0.6250155164354237,0.49004913740626466,0.06363665241574669,0.5536857898220113,0.426412484990518,True,
2019-06-21,7.650575160980225,12.220000267028807,0.6260699667595342,0.49054132658985095,0.06431925584658431,0.5548605824364352,0.4262220707432666,True,
2019-06-24,7.819923877716064,12.31999969482422,0.6347340967062935,0.49099199431598756,0.06506200193835122,0.5560539962543388,0.42592999237763635,True,
2019-06-25,7.7900390625,12.039999961853027,0.6470132132210628,0.49154601049656066,0.06593532513701457,0.5574813356335753,0.4256106853595461,True,
2019-06-26,8.009196281433105,12.460000038146973,0.6427926369913733,0.4921699457756114,0.06674767533298025,0.5589176211085917,0.42542227044263115,True,
2019-06-27,8.12873649597168,12.699999809265135,0.6400580014215005,0.4928036851412752,0.06751137447678623,0.5603150596180615,0.42529231066448897,True,
2019-06-28,7.9593873023986825,12.600000381469727,0.6316973858274011,0.4933745308268719,0.06818069327813099,0.5615552241050029,0.4251938375487409,True,
2019-07-02,8.278162002563478,12.800000190734865,0.6467313968132229,0.4940818081635832,0.06897338563541067,0.5630551937989938,0.42510842252817255,True,
2019-07-03,8.407663345336914,13.119999885559082,0.6408280044720929,0.4948182576298936,0.06966617855236809,0.5644844361822617,0.4251520790775255,True,
2019-07-04,8.646743774414062,13.039999961853027,0.6630938496709421,0.495662058453026,0.07057803192168607,0.5662400903747121,0.4250840265313399,True,
2019-07-05,8.766284942626951,12.859999656677244,0.68167069802955,0.4965607277227057,0.07169961732977718,0.5682603450524829,0.4248611103929285,True,
2019-07-08,8.467432975769043,12.520000457763672,0.6763125132729827,0.49736194358732644,0.07275003360214771,0.5701119771894742,0.4246119099851787,True,
2019-07-09,8.407663345336914,12.199999809265135,0.6891527439985549,0.4982266445277903,0.07392760538234297,0.5721542499101333,0.4242990391454473,True,
2019-07-10,8.686590194702147,12.699999809265135,0.6839834901702083,0.49909909075182124,0.07500707898882937,0.5741061697406507,0.4240920117629919,True,
2019-07-11,8.62682056427002,12.899999618530273,0.668745799951651,0.49985186161486433,0.07590339668974791,0.5757552583046123,0.4239484649251164,True,
2019-07-12,8.487357139587402,12.579999923706055,0.6746706829142043,0.500669203317876,0.07683618253750035,0.5775053858553764,0.42383302078037566,True,
2019-07-15,8.95555591583252,13.460000038146973,0.6653459056799099,0.5014420931201935,0.07765289732720808,0.5790949904474015,0.4237891957929854,True,
2019-07-16,8.89578628540039,13.699999809265135,0.649327475127721,0.5021848616724254,0.07828811452095258,0.580472976193378,0.4238967471514728,True,
2019-07-17,8.836016654968262,13.5,0.6545197522198712,0.5029134451647056,0.07897036212860638,0.581883807293312,0.42394308303609923,True,
2019-07-18,8.796168327331543,13.34000015258789,0.6593829255410565,0.5036823219155335,0.0796789241223249,0.5833612460378584,0.4240033977932086,True,
2019-07-19,8.9655179977417,13.279999732971193,0.6751143206337854,0.5045164115819935,0.0805276757841232,0.5850440873661167,0.4239887357978702,True,
2019-07-22,8.855939865112305,13.100000381469727,0.6760259242159451,0.5054416546007963,0.08133256135342956,0.5867742159542259,0.4241090932473667,True,
2019-07-23,9.354023933410645,13.239999771118164,0.7064972881506828,0.5065389265337148,0.08242968272955167,0.5889686092632664,0.42410924380416315,True,
2019-07-24,9.214559555053713,13.34000015258789,0.6907465854313455,0.5075637445338567,0.083327327072888,0.5908910716067447,0.4242364174609687,True,
2019-07-25,9.553257942199707,14.15999984741211,0.6746651161825872,0.5086287268321048,0.08396226085054374,0.5925909876826485,0.42466646598156105,True,
2019-07-26,9.413793563842773,13.880000114440918,0.6782271964139648,0.5097011142807468,0.08462388119147675,0.5943249954722236,0.4250772330892701,True,
2019-07-29,9.463602066040039,13.739999771118164,0.6887628983759356,0.5108709625951459,0.08532932129638866,0.5962002838915346,0.4255416412987572,True,
2019-07-30,9.543294906616213,13.739999771118164,0.6945629596498587,0.5120658083476213,0.0860774416737039,0.5981432500213252,0.4259883666739174,True,
2019-07-31,9.64291286468506,13.760000228881836,0.7007930744394081,0.5132095638474765,0.08693750181519296,0.6001470656626695,0.42627206203228357,True,
2019-08-01,9.563220024108887,13.600000381469727,0.7031779232255733,0.5143761003459566,0.08779398619111535,0.6021700865370719,0.42658211415484126,True,
2019-08-02,9.095020294189453,12.920000076293945,0.7039489350218585,0.5155967128924921,0.08859845927141474,0.6041951721639068,0.42699825362107735,True,
2019-08-05,8.935632705688477,12.520000457763672,0.7137086564679378,0.516846383330134,0.08949769544897768,0.6063440787791117,0.4273486878811563,True,
2019-08-06,9.184675216674805,12.399999618530273,0.7406996370346204,0.5182091772262872,0.09068264967942345,0.6088918269057106,0.42752652754686377,True,
2019-08-07,9.22452163696289,12.399999618530273,0.7439130581244517,0.5196342539541632,0.09183607788315092,0.6114703318373141,0.4277981760710123,True,
2019-08-08,9.413793563842773,12.4399995803833,0.7567358425548046,0.5211246130974105,0.09310537504292712,0.6142299881403377,0.4280192380544834,True,
2019-08-09,9.28429126739502,12.31999969482422,0.753595089072564,0.5226126622827579,0.09429291122553235,0.6169055735082902,0.4283197510572256,True,
2019-08-12,9.39387035369873,12.31999969482422,0.7624894956487059,0.5241677604761374,0.09553039734997563,0.619698157826113,0.4286373631261618,True,
2019-08-13,9.075096130371094,12.020000457763672,0.7549996493144494,0.525708824442653,0.09662869795055908,0.622337522393212,0.4290801264920939,True,
2019-08-14,9.035249710083008,11.9399995803833,0.756721107840521,0.5272134245536547,0.09775681293283014,0.6249702374864848,0.4294566116208246,True,
2019-08-15,9.025288581848145,11.960000038146973,0.7546227887175225,0.5287394519801626,0.09880582399207205,0.6275452759722346,0.42993362798809054,True,
2019-08-16,9.383909225463867,12.4399995803833,0.7543335644690375,0.53028063848966,0.09980985094276885,0.6300904894324288,0.43047078754689116,True,
2019-08-19,9.891955375671387,12.960000038146973,0.7632681594564057,0.5318679534761434,0.10088016424791567,0.632748117724059,0.43098778922822767,True,
2019-08-20,10.061304092407227,14.399999618530273,0.698701691593109,0.5331923155581136,0.10128463005520962,0.6344769456133232,0.43190768550290404,True,
2019-08-21,10.41992473602295,14.899999618530273,0.6993238256908603,0.5345594306582189,0.1016413210925358,0.6362007517507546,0.43291810956568305,True,
2019-08-22,10.519540786743164,15.18000030517578,0.6929868626653727,0.5358637060228404,0.10197421486144186,0.6378379208842823,0.4338894911613985,True,
2019-08-23,10.738697052001953,15.699999809265135,0.6839934511123154,0.5370656184048183,0.10229025209861305,0.6393558705034313,0.4347753663062052,True,
2019-08-26,10.818391799926758,15.81999969482422,0.6838427312654233,0.5383383379046496,0.10252902796456909,0.6408673658692187,0.4358093099400805,True,
2019-08-27,10.957855224609377,16.299999237060547,0.6722610881904223,0.5396043362286547,0.10263488503791,0.6422392212665646,0.43696945119074465,True,
2019-08-28,10.57931137084961,15.5,0.6825362174741684,0.5408994717211767,0.10282112076291523,0.643720592484092,0.4380783509582615,True,
2019-08-29,11.615326881408693,16.100000381469727,0.7214488575278133,0.5422921279699443,0.10337162410313235,0.6456637520730767,0.438920503866812,True,
2019-08-30,11.615326881408693,15.68000030517578,0.7407733836315432,0.5438573150478853,0.10399791420447131,0.6478552292523566,0.43985940084341396,True,
2019-09-02,11.774712562561035,16.0,0.7359195351600647,0.5453455420247447,0.10461895587798785,0.6499644979027326,0.44072658614675686,True,
2019-09-03,11.635250091552734,16.239999771118164,0.7164562965231877,0.546728932377991,0.10507955123165276,0.6518084836096438,0.4416493811463383,True,
2019-09-04,11.635250091552734,16.139999389648438,0.7208953241358316,0.5481426028682962,0.10555562828686067,0.6536982311551569,0.44258697458143553,True,
2019-09-05,11.754790306091307,16.319999694824222,0.7202690273223019,0.5495838639872682,0.10598835569937384,0.655572219686642,0.4435955082878944,True,
2019-09-06,11.376245498657227,15.979999542236328,0.7119052455908377,0.5509547910834054,0.10637677441271119,0.6573315654961166,0.4445780166706942,True,
2019-09-09,10.89808464050293,15.539999961853027,0.7012924496303162,0.5522616859764902,0.10669483744831804,0.6589565234248083,0.44556684852817213,True,
2019-09-10,10.89808464050293,15.479999542236328,0.7040106565099117,0.5535356210756587,0.10705967262551448,0.6605952937011732,0.4464759484501442,True,
2019-09-11,10.718774795532227,15.239999771118164,0.7033316900598474,0.5547398866511604,0.1074567267002123,0.6621966133513727,0.4472831599509481,True,
2019-09-12,10.81857681274414,15.420000076293945,0.7015938235549144,0.555997123019222,0.10779424798638367,0.6637913710056057,0.44820287503283834,True,
2019-09-13,10.97826099395752,15.640000343322756,0.7019348307523862,0.557233332556678,0.10814252148581281,0.6653758540424908,0.4490908110708651,True,
2019-09-16,10.758694648742676,15.5,0.6941093321769468,0.5584530733180705,0.10842223611008489,0.6668753094281554,0.4500308372079856,True,
2019-09-17,10.778656005859377,15.4399995803833,0.6980995012172011,0.5596698444059939,0.10873444367949564,0.6684042880854895,0.45093540072649824,True,
2019-09-18,10.758694648742676,15.279999732971193,0.7041030652328847,0.5609608685543239,0.10904514514232166,0.6700060136966456,0.45191572341200226,True,
2019-09-19,10.73873519897461,15.460000038146973,0.6946141767449665,0.5622091101874217,0.10929054437751265,0.6714996545649343,0.4529185658099091,True,
2019-09-20,10.658893585205078,15.380000114440918,0.6930359886796751,0.563447358885391,0.1095227271829969,0.6729700860683879,0.4539246317023941,True,
2019-09-23,10.33952522277832,14.979999542236328,0.6902219985805659,0.564648320929525,0.10975011384619929,0.6743984347757243,0.45489820708332573,True,
2019-09-24,10.459287643432617,16.260000228881836,0.6432526135426678,0.565674044331814,0.10973356181937968,0.6754076061511937,0.45594048251243435,,
2019-09-25,9.900395393371582,15.65999984741211,0.632209162824971,0.5666617349639922,0.10967062005915558,0.6763323550231478,0.4569911149048366,,
2019-09-26,10.040119171142578,16.020000457763672,0.6267240252341503,0.5675458684812096,0.10964573175447832,0.6771916002356879,0.45790013672673124,,
2019-09-27,10.02015781402588,15.859999656677244,0.6317880221269284,0.5684318987805554,0.10964678629973915,0.6780786850802946,0.4587851124808163,,
2019-09-30,9.940316200256348,15.739999771118164,0.6315321693013082,0.5692906558370807,0.10966043005463177,0.6789510858917125,0.45963022578244894,,
2019-10-02,10.040119171142578,15.640000343322756,0.6419513395617695,0.570234418365809,0.10968345218014831,0.6799178705459573,0.4605509661856607,,
2019-10-03,10.159881591796877,16.15999984741211,0.6287055499832754,0.5711018154486788,0.10967584661752698,0.6807776620662057,0.4614259688311518,,
2019-10-04,10.17984104156494,16.0,0.6362400650978087,0.5719958626799336,0.10969194966715798,0.6816878123470916,0.4623039130127756,,
2019-10-08,10.459287643432617,17.100000381469727,0.6116542345090669,0.5727689266609418,0.10965465728584885,0.6824235839467907,0.463114269375093,,
2019-10-09,10.479249000549316,16.760000228881836,0.6252535117804382,0.5735720497658335,0.10966052788679138,0.6832325776526249,0.46391152187904217,,
2019-10-10,10.838537216186523,17.059999465942386,0.635318731271004,0.5744538262057676,0.10967558530390804,0.6841294115096757,0.46477824090185954,,
2019-10-11,10.798616409301758,16.020000457763672,0.674070917648975,0.5755080605405063,0.10982819776086442,0.6853362583013707,0.4656798627796419,,
2019-10-14,11.137944221496582,16.700000762939453,0.6669427372850093,0.5765234027075488,0.1099509055648297,0.6864743082723784,0.4665724971427191,,
2019-10-15,11.297627449035645,16.739999771118164,0.6748881483575437,0.5776442057392415,0.11006807832578278,0.6877122840650243,0.46757612741345866,,
2019-10-16,11.317588806152346,16.799999237060547,0.6736660309594488,0.5787897193322555,0.11015914768373072,0.6889488670159862,0.46863057164852484,,
2019-10-17,11.217785835266113,16.899999618530273,0.6637743247618889,0.5799240875499281,0.11018631757385329,0.6901104051237814,0.4697377699760748,,
2019-10-18,11.137944221496582,17.399999618530273,0.64011175090114,0.5810206670468252,0.11008275217345312,0.6911034192202783,0.4709379148733721,,
2019-10-21,11.15790557861328,17.440000534057614,0.6397881443193549,0.5820791753609432,0.11000699107974563,0.6920861664406889,0.47207218428119757,,
2019-10-22,11.018181800842283,17.399999618530273,0.6332288530114897,0.5831013304219623,0.10991992936546394,0.6930212597874262,0.4731814010564984,,
2019-10-23,10.778656005859377,17.040000915527347,0.6325502010999043,0.5840909601984262,0.10985228298105279,0.693943243179479,0.47423867721737345,,
2019-10-24,10.898418426513672,17.299999237060547,0.6299664108173353,0.5850914581858119,0.10976350676931926,0.6948549649551311,0.47532795141649264,,
2019-10-25,11.277667999267578,18.280000686645508,0.6169402393680707,0.58586423057403,0.10974464521285476,0.6956088757868848,0.47611958536117527,,
2019-10-28,11.417390823364258,18.5,0.6171562607223923,0.5866289453540038,0.10972948931798392,0.6963584346719877,0.47689945603601985,,
2019-10-29,11.616995811462402,18.86000061035156,0.6159594610557044,0.5873774701483748,0.10971636246423172,0.6970938326126066,0.4776611076841431,,
2019-10-30,11.577075004577635,19.979999542236328,0.5794331966877428,0.587945411823385,0.10969000935808217,0.6976354211814672,0.47825540246530285,,
2019-10-31,11.696837425231935,20.149999618530273,0.5804882206784426,0.5884620276633847,0.10967927027285893,0.6981412979362437,0.4787827573905258,,
2019-11-01,11.696837425231935,19.81999969482422,0.5901532596030483,0.5890656577946572,0.1096572470221308,0.698722904816788,0.47940841077252644,,
2019-11-04,12.135968208312988,20.799999237060547,0.5834600314162339,0.5896231026044901,0.10964040234949628,0.6992635049539864,0.47998270025499384,,
2019-11-05,11.796639442443848,20.399999618530273,0.5782666501487779,0.5901400474307489,0.10962997135851105,0.6997700187892599,0.48051007607223784,,
2019-11-06,11.816600799560547,20.5,0.5764195511980754,0.5907094048726597,0.10960392904756928,0.700313333920229,0.4811054758250904,,
2019-11-07,12.07608699798584,21.399999618530273,0.5643031408060937,0.5912067603571617,0.10959434942142177,0.7008011097785835,0.4816124109357399,,
2019-11-08,11.77667999267578,20.950000762939453,0.5621326760764956,0.59165197032551,0.1095997339165716,0.7012517042420816,0.48205223640893835,,
2019-11-11,11.43735122680664,21.049999237060547,0.5433421207289207,0.5920322410515767,0.10963209678953993,0.7016643378411166,0.48240014426203676,,
2019-11-12,11.25770664215088,20.950000762939453,0.5373606793402014,0.5924184122181376,0.10966914225255389,0.7020875544706915,0.48274926996558376,,
2019-11-13,11.35750961303711,20.799999237060547,0.5460341360398122,0.592888659603485,0.10967304280967513,0.7025617024131602,0.48321561679380987,,
2019-11-14,11.277667999267578,21.100000381469727,0.5344866253733228,0.5932944997556405,0.10970902164844218,0.7030035214040827,0.4835854781071983,,
2019-11-15,11.177865028381348,20.799999237060547,0.537397376845337,0.5937090696866133,0.109741517598723,0.7034505872853363,0.48396755208789033,,
2019-11-18,11.1179838180542,20.549999237060547,0.5410211304535555,0.5940602814364385,0.10979044928877897,0.7038507307252175,0.48426983214765956,,
2019-11-19,11.656916618347168,21.299999237060547,0.5472731002762163,0.5944992245692426,0.10981171715205029,0.7043109417212929,0.48468750741719235,,
2019-11-20,11.537154197692873,20.549999237060547,0.5614187165947134,0.5949719736881564,0.10981923607954162,0.7047912097676979,0.4851527376086147,,
2019-11-21,11.297627449035645,19.979999542236328,0.5654468322260592,0.5954679825456215,0.10982135152349384,0.7052893340691153,0.4856466310221277,,
2019-11-22,11.237747192382812,20.0,0.5618873596191406,0.5959100651832391,0.10983756332211626,0.7057476285053553,0.48607250186112283,,
2019-11-25,11.018181800842283,19.739999771118164,0.558165244609735,0.596280443947036,0.10986743440055258,0.7061478783475886,0.4864130095464835,,
2019-11-26,11.177865028381348,19.739999771118164,0.5662545672738973,0.5966120918846031,0.10988610850676343,0.7064982003913665,0.4867259833778396,,
2019-11-27,10.658893585205078,19.81999969482422,0.5377847502181614,0.5968958414156618,0.10995943986853726,0.706855281284199,0.4869364015471245,,
2019-11-28,10.599011421203613,19.739999771118164,0.5369306759927707,0.5971649288093316,0.11003659265115771,0.7072015214604893,0.48712833615817386,,
2019-11-29,10.080039978027344,17.81999969482422,0.5656588187796137,0.597583850443031,0.11005623102438084,0.7076400814674118,0.48752761941865014,,
2019-12-02,10.040119171142578,17.84000015258789,0.5627869442414857,0.5980310223431994,0.11007517518183799,0.7081061975250373,0.4879558471613614,,
2019-12-03,10.159881591796877,17.600000381469727,0.5772659870220102,0.5985573375191381,0.11007530818475154,0.7086326457038896,0.48848202933438656,,
2019-12-04,10.09999942779541,17.459999084472653,0.5784650605610534,0.5990283631536488,0.11008298993678967,0.7091113530904385,0.48894537321685916,,
2019-12-05,10.33952522277832,17.739999771118164,0.5828368295478626,0.5994466678234216,0.11008781836166112,0.7095344861850827,0.48935884946176045,,
2019-12-06,10.599011421203613,17.940000534057614,0.5908032946310265,0.5999287696779008,0.11008954658267135,0.7100183162605721,0.4898392230952294,,
2019-12-09,10.09999942779541,17.020000457763672,0.5934194568830518,0.6004031441752199,0.11008981943644439,0.7104929636116643,0.49031332473877554,,
2019-12-10,10.119999885559082,17.0,0.5952941109152401,0.6008788596930511,0.11008925599284815,0.7109681156858992,0.49078960370020297,,
2019-12-11,10.220000267028807,17.360000610351562,0.5887096721030495,0.6012737541380185,0.11008571636200645,0.711359470500025,0.49118803777601205,,
2019-12-12,10.31999969482422,17.860000610351562,0.5778275107584713,0.6015869252765076,0.11008532866576433,0.711672253942272,0.4915015966107433,,
2019-12-13,10.34000015258789,17.780000686645508,0.5815522920847931,0.6019185106613336,0.11008192488283443,0.712000435544168,0.4918365857784992,,
2019-12-16,10.300000190734863,17.6200008392334,0.58456297957719,0.6022733898636297,0.11007830431585532,0.712351694179485,0.49219508554777436,,
2019-12-17,10.68000030517578,18.36000061035156,0.5816993436892526,0.6026388264675461,0.11008169001640415,0.7127205164839502,0.4925571364511419,,
2019-12-18,10.619999885559082,18.07999992370605,0.5873893766799412,0.6030280100750013,0.11008035537148511,0.7131083654464864,0.4929476547035162,,
2019-12-19,10.600000381469727,18.200000762939453,0.5824175789626581,0.6033719435737984,0.11007934285799034,0.7134512864317888,0.49329260071580805,,
2019-12-20,10.760000228881836,18.239999771118164,0.5899123006525244,0.6038071765982848,0.11008114575756175,0.7138883223558465,0.493726030840723,,
2019-12-23,11.020000457763672,18.6200008392334,0.5918367326033577,0.6042017564009251,0.11007489868048403,0.7142766550814091,0.49412685772044107,,
2019-12-24,11.020000457763672,18.5,0.5956757004196579,0.604648016672816,0.11007231350576782,0.7147203301785838,0.49457570316704813,,
2019-12-27,11.18000030517578,18.81999969482422,0.5940489100140871,0.6051117194906602,0.11007321123804563,0.7151849307287058,0.4950385082526146,,
2019-12-30,10.880000114440918,18.81999969482422,0.5781084107792563,0.6055203100011523,0.11008897990293444,0.7156092899040867,0.4954313300982178,,
2019-12-31,10.899999618530273,18.57999992370605,0.5866522961942031,0.6058943461394645,0.11008782829030793,0.7159821744297724,0.4958065178491565,,
2020-01-02,11.0,18.68000030517578,0.5888650867394345,0.6062157156717529,0.11006952979693566,0.7162852454686885,0.4961461858748173,,
2020-01-03,10.81999969482422,18.5,0.5848648483688768,0.6065605998599258,0.11006622306368812,0.7166268229236139,0.4964943767962377,,
2020-01-06,10.5,17.65999984741211,0.5945639915471838,0.6069547423955511,0.11005663541587875,0.7170113778114299,0.4968981069796724,,
2020-01-07,10.699999809265137,18.0,0.5944444338480631,0.6073117345915965,0.11003787183281086,0.7173496064244074,0.4972738627587856,,
2020-01-08,10.619999885559082,17.8799991607666,0.5939597530218089,0.607707716192984,0.11002989779863696,0.717737613991621,0.49767781839434705,,
2020-01-09,10.899999618530273,18.15999984741211,0.6002202483544391,0.6081372424701239,0.11001979925848134,0.7181570417286053,0.4981174432116426,,
2020-01-10,10.979999542236328,17.979999542236328,0.6106785217899205,0.6086440516995556,0.11001328041695208,0.7186573321165077,0.4986307712826035,,
2020-01-13,11.079999923706056,18.0,0.6155555513170031,0.6091810408764612,0.11000843592295204,0.7191894767994133,0.4991726049535091,,
2020-01-14,10.9399995803833,17.760000228881836,0.6159909594253468,0.6097347199265304,0.11000540417818627,0.7197401241047167,0.4997293157483441,,
2020-01-15,10.81999969482422,17.600000381469727,0.614772696608355,0.6101712743078904,0.1099763419436425,0.7201476162515329,0.500194932364248,,
2020-01-16,11.34000015258789,18.0,0.630000008477105,0.6106891477050849,0.10995744646687292,0.7206465941719578,0.500731701238212,,
2020-01-17,11.739999771118164,18.920000076293945,0.6205073849776537,0.6111993931750628,0.1099428600098158,0.7211422531848786,0.501256533165247,,
2020-01-20,12.31999969482422,19.18000030517578,0.642335740291914,0.6117976758804459,0.10994208216754166,0.7217397580479875,0.5018555937129042,,
2020-01-21,11.9399995803833,19.0,0.6284210305464896,0.6123425296469005,0.10992975958706284,0.7222722892339634,0.5024127700598376,,
2020-01-22,12.119999885559082,19.479999542236328,0.6221766001216081,0.6128937859083987,0.10992158492789063,0.7228153708362893,0.5029722009805081,,
2020-01-23,11.5600004196167,18.920000076293945,0.6109936772199567,0.613348996029855,0.10990107828318102,0.7232500743130361,0.503447917746674,,
2020-01-24,11.479999542236328,18.700000762939453,0.6139036937895711,0.6139110279954761,0.10989808305261932,0.7238091110480954,0.5040129449428569,,
2020-01-29,11.140000343322754,18.479999542236328,0.602813886324083,0.6144317766808415,0.109898975115865,0.7243307517967065,0.5045328015649765,,
2020-01-30,10.520000457763672,17.700000762939453,0.5943502827294007,0.61493441450017,0.10990752898823049,0.7248419434884005,0.5050268855119394,,
2020-01-31,10.420000076293944,17.299999237060547,0.602312169700674,0.6154616694047359,0.10990973186510111,0.725371401269837,0.5055519375396348,,
2020-02-03,10.720000267028807,17.940000534057614,0.5975473772521784,0.6159467431620748,0.10991355205789977,0.7258602952199745,0.506033191104175,,
2020-02-04,11.079999923706056,18.34000015258789,0.6041439384689753,0.6164991348154133,0.10991624424671212,0.7264153790621254,0.5065828905687012,,
2020-02-05,11.140000343322754,19.15999984741211,0.5814196467661978,0.6169634267411951,0.10994356858881955,0.7269069953300147,0.5070198581523755,,
2020-02-06,11.279999732971193,19.36000061035156,0.582644595937663,0.6173861606471246,0.10996684166811865,0.7273530023152432,0.5074193189790059,,
2020-02-07,11.239999771118164,19.420000076293945,0.5787847439217504,0.6177895277118296,0.10999674710997855,0.7277862748218081,0.5077927806018511,,
2020-02-10,11.260000228881836,19.059999465942386,0.5907660306602798,0.6182786783876101,0.11001235722694128,0.7282910356145513,0.5082663211606688,,
2020-02-11,11.600000381469727,19.07999992370605,0.6079664794472689,0.6188107582329977,0.11001048910097808,0.7288212473339758,0.5088002691320196,,
2020-02-12,11.600000381469727,19.13999938964844,0.6060606453176481,0.6193708200493552,0.11001335451306588,0.729384174562421,0.5093574655362894,,
2020-02-13,11.600000381469727,18.739999771118164,0.6189968262084768,0.6199146507488221,0.11000172365563972,0.7299163744044619,0.5099129270931824,,
2020-02-14,11.779999732971193,19.020000457763672,0.6193480257337627,0.6204397329754195,0.10998530810435506,0.7304250410797746,0.5104544248710645,,
2020-02-17,11.760000228881836,19.36000061035156,0.6074380092009866,0.6209108060376956,0.10997342288156242,0.730884228919258,0.5109373831561331,,
2020-02-18,11.520000457763672,19.059999465942386,0.6044071763143718,0.6213609882728912,0.10996222722327169,0.7313232154961629,0.5113987610496196,,
2020-02-19,11.5600004196167,19.07999992370605,0.6058700453795031,0.6218302160894896,0.1099532712583982,0.7317834873478878,0.5118769448310915,,
2020-02-20,11.460000038146973,19.21999931335449,0.5962539254714908,0.6222809237888418,0.10995917003012952,0.7322400938189714,0.5123217537587123,,
2020-02-21,11.279999732971193,19.020000457763672,0.5930599085956841,0.622713286974917,0.10996879914470588,0.7326820861196229,0.5127444878302111,,
2020-02-24,11.0,18.479999542236328,0.5952381099825965,0.6231040132133226,0.109963709911839,0.7330677231251617,0.5131403033014836,,
2020-02-25,11.15999984741211,18.65999984741211,0.5980707362631544,0.6235135805572334,0.10995729180460943,0.7334708723618428,0.5135562887526239,,
2020-02-26,11.039999961853027,18.200000762939453,0.6065933790691762,0.6239819928534764,0.10994812304364024,0.7339301158971167,0.5140338698098362,,
2020-02-27,11.420000076293945,18.239999771118164,0.626096503267328,0.6245208383343742,0.10992640234067871,0.734447240675053,0.5145944359936955,,
2020-02-28,11.279999732971193,17.760000228881836,0.6351351119144315,0.6251119004782426,0.10990925517399187,0.7350211556522345,0.5152026453042508,,
2020-03-02,11.359999656677244,17.8799991607666,0.6353467667718943,0.6256940650775744,0.1098890885153897,0.7355831535929641,0.5158049765621847,,
2020-03-03,11.699999809265135,18.239999771118164,0.641447366013201,0.6263634143610145,0.1098854162870744,0.7362488306480889,0.5164779980739401,,
2020-03-04,11.779999732971193,18.13999938964844,0.6493936124216977,0.6270643595939097,0.10988634484483037,0.7369507044387401,0.5171780147490793,,
2020-03-05,12.34000015258789,18.71999931335449,0.659188066517971,0.6278215020896245,0.10989948622508142,0.7377209883147059,0.5179220158645431,,
2020-03-06,12.31999969482422,18.71999931335449,0.6581196659572187,0.6285292997181953,0.10990059000101762,0.7384298897192129,0.5186287097171777,,
2020-03-09,11.539999961853027,17.8799991607666,0.6454138984063718,0.6291650436680656,0.10988525721875986,0.7390503008868254,0.5192797864493057,,
2020-03-10,11.359999656677244,17.84000015258789,0.636771275757492,0.6297430042587483,0.10986031776926543,0.7396033220280137,0.5198826864894829,,
2020-03-11,11.239999771118164,17.200000762939453,0.6534883297991939,0.6303416324562773,0.10982425306125573,0.740165885517533,0.5205173793950215,,
2020-03-12,10.979999542236328,16.459999084472653,0.6670716982356446,0.6310246475800173,0.10981290892065515,0.7408375565006724,0.5212117386593622,,
2020-03-13,11.079999923706056,16.440000534057614,0.6739659102049532,0.6316768726166894,0.10978389201268407,0.7414607646293734,0.5218929806040054,,
2020-03-16,10.420000076293944,15.619999885559082,0.6670934796822493,0.6322565299320402,0.10972084402578437,0.7419773739578246,0.5225356859062558,,
2020-03-17,10.600000381469727,15.520000457763672,0.6829896951560475,0.6328630703529257,0.10965577894284545,0.742518849295771,0.5232072914100803,,
2020-03-18,10.119999885559082,14.359999656677244,0.7047353849241488,0.6334849142084769,0.10958029083114722,0.743065205039624,0.5239046233773297,,
2020-03-19,9.699999809265137,13.720000267028807,0.7069970568860464,0.6341600769518941,0.10954472496680988,0.743704801918704,0.5246153519850842,,
2020-03-20,10.260000228881836,14.859999656677244,0.6904441767111059,0.6347422216603769,0.10945077428238145,0.7441929959427583,0.5252914473779954,,
2020-03-23,9.880000114440918,14.0600004196167,0.7027026898702087,0.6354342698354853,0.10942617540414042,0.7448604452396258,0.5260080944313449,,
2020-03-24,10.4399995803833,15.119999885559082,0.6904761679498695,0.6360190796769688,0.10933218702760895,0.7453512667045777,0.5266868926493599,,
2020-03-25,10.81999969482422,16.020000457763672,0.6754057044724111,0.6365141312564735,0.10919274273632303,0.7457068739927966,0.5273213885201504,,
2020-03-26,10.699999809265137,16.319999694824222,0.6556372554748618,0.6369170406433603,0.10902987804635174,0.7459469186897121,0.5278871625970085,,
2020-03-27,10.619999885559082,16.239999771118164,0.6539408888691055,0.6371471170710898,0.10870667622007153,0.7458537932911614,0.5284404408510183,,
2020-03-30,10.68000030517578,16.219999313354492,0.6584464092043804,0.6373382281494755,0.10831609122943132,0.7456543193789068,0.5290221369200442,,
2020-03-31,10.220000267028807,15.520000457763672,0.6585051524219762,0.637604649163786,0.10801405304943706,0.745618702213223,0.529590596114349,,
2020-04-01,10.079999923706056,14.84000015258789,0.679245270893629,0.637892158863988,0.10765030805726085,0.7455424669212488,0.5302418508067271,,
2020-04-02,10.34000015258789,15.020000457763672,0.6884154352500874,0.6382102086891727,0.10728926194405645,0.7454994706332291,0.5309209467451163,,
2020-04-03,10.539999961853027,15.260000228881836,0.6906946136150443,0.6385579183445953,0.10695771039487087,0.7455156287394662,0.5316002079497244,,
2020-04-06,10.699999809265137,15.5,0.6903225683396862,0.6388613817500386,0.10657204705762258,0.7454334288076612,0.532289334692416,,
2020-04-07,11.0,16.299999237060547,0.6748466573538122,0.6392039096168707,0.10629310493996608,0.7454970145568367,0.5329108046769047,,
2020-04-08,10.920000076293944,16.239999771118164,0.6724138072781558,0.6395726858009269,0.10605092552506076,0.7456236113259876,0.5335217602758661,,
2020-04-09,11.279999732971193,16.940000534057614,0.665879538214472,0.6398618303125211,0.10574867389647735,0.7456105042089984,0.5341131564160437,,
2020-04-14,11.220000267028807,16.700000762939453,0.6718562727211467,0.6401838056756649,0.10545985857418116,0.7456436642498461,0.5347239471014837,,
2020-04-15,11.239999771118164,16.600000381469727,0.6771084043868558,0.6405288772888823,0.1051778768259778,0.7457067541148601,0.5353510004629045,,
2020-04-16,11.18000030517578,16.440000534057614,0.6800486582719353,0.6408824351887579,0.10489539571041544,0.7457778308991733,0.5359870394783425,,
2020-04-17,11.539999961853027,16.399999618530273,0.7036585506266745,0.6412891352642278,0.10459780936025757,0.7458869446244853,0.5366913259039703,,
2020-04-20,11.880000114440918,16.559999465942386,0.7173913343942767,0.6417425487482048,0.10432081753153473,0.7460633662797396,0.53742173121667,,
2020-04-21,10.9399995803833,15.81999969482422,0.6915296960443372,0.6420657428926346,0.1039622150899349,0.7460279579825695,0.5381035278026998,,
2020-04-22,11.079999923706056,15.81999969482422,0.7003792754389916,0.6424067402211744,0.10359460253047961,0.746001342751654,0.5388121376906948,,
